id,product_id,name,old_price,new_price,change_date
1,1f892d21-a1d9-477a-bece-9cf86a68b94b,BONPREU Formatge de cabra rotlle al tall en tros,3.1,3.2,2026-03-16 08:08:39
2,94a18046-ff57-450d-b8d2-6e29d37e866b,CAN PONSA Formatge fresc mini amb sal Km0,2.7,2.79,2026-03-16 08:08:41
3,46040453-b310-4979-90ec-a45a491c2222,CAN PONSA Mató Km0,1.32,1.39,2026-03-16 08:08:41
4,091d5bbe-5e98-48fe-9639-c9a3325826a9,CAN PONSA Mató Km0,1.99,2.05,2026-03-16 08:08:41
5,f45187b8-d7d6-494b-aae6-1c784cab7176,TWININGS Te Earl Grey,4.69,4.89,2026-03-16 08:09:29
6,57dd2854-c8f9-459d-862c-7a7352bdfdc0,TWININGS Te English Breakfast,4.69,4.89,2026-03-16 08:09:29
7,47b66411-da76-489f-9364-e039c046b2a5,FLOR DEL PIRINEO Arrel de gingebre,3.25,2.99,2026-03-16 08:09:31
8,ce858bbb-fbf4-4ce6-94c8-6fac3a6e75f1,CUCA Sardines petites amb oli d'oliva,3.19,3.29,2026-03-16 08:10:08
9,e00462e6-69da-4fe4-9ada-53c1745378b3,CUCA Tonyina clara en oli d'oliva,3.35,3.39,2026-03-16 08:10:11
10,8475b82d-0221-464a-9358-e9454ecda522,DEL MONTE Pinya en rodanxes,3.99,4.29,2026-03-16 08:10:11
11,dd33db30-6562-4eb1-8955-38fa3e15fd5c,KÜHNE Cogombres agredolços,4.95,4.99,2026-03-16 08:10:11
12,8741fc8a-a073-483e-9412-14b0e0e530a3,DEL MONTE Pinya a rodanxes,4.69,4.95,2026-03-16 08:10:14
13,beb3471b-b785-42cb-9d36-c1377fb3587e,ISABEL Amanida californiana,1.85,1.89,2026-03-16 08:10:18
14,7147b72e-8645-454a-b604-c86b851f486a,ISABEL Amanida meditarrània,1.85,1.89,2026-03-16 08:10:18
15,49c9ca8d-1b8b-40f8-bbfb-1e8186d275db,ISABEL Tonyina en oli de gira-sol,9.49,9.99,2026-03-16 08:10:18
16,96bae76e-3d89-4d69-a020-49e083828784,MEICA Frankfurt bockwurst,4.69,4.79,2026-03-16 08:10:18
17,23a7dbaa-9d03-47e0-9d9e-6404eb52c83d,KIKKOMAN Salsa de soja,4.69,4.79,2026-03-16 08:10:24
18,69589399-3f8a-4650-a4d3-240d545156f4,TABASCO Salsa picant vermella,3.95,3.99,2026-03-16 08:10:24
19,a3e025e1-71f8-436a-8b74-9c2a6c57064c,MAILLE Mostassa a la mel,3.65,3.69,2026-03-16 08:10:25
20,0f85f6f7-6825-427d-a50f-fb135ac4edb4,PRIMA Salsa barbacoa Cero,2.19,2.29,2026-03-16 08:10:25
21,5cbc0e3b-7655-49c3-9314-fcb782120069,KIKKOMAN Salsa Wok,5.75,5.95,2026-03-16 08:10:26
22,f995ca19-e4c7-4f52-947b-d0ae96aefa54,KIKKOMAN Salsa de soja sense gluten,5.39,5.49,2026-03-16 08:10:26
23,fcce289a-dd81-46f8-a0ca-92a3f3e6207f,KIKKOMAN Salsa de teriyaki,5.85,5.19,2026-03-16 08:10:26
24,bfe7d3da-7c16-4bc8-85cc-4903e924a9a5,PRIMA Mostassa,2.25,2.29,2026-03-16 08:10:26
25,57b037b1-1df0-43bb-9740-22e3fad4b862,PRIMA Salsa Brava,1.79,1.85,2026-03-16 08:10:26
26,70aea5af-ccc4-458e-9488-7876d5205d0e,PRIMA Salsa burger Cero,2.39,2.45,2026-03-16 08:10:26
27,ba98c05a-8f1c-4f14-a5fa-9d6d75036361,PRIMA Salsa cheddar Cero,2.19,2.45,2026-03-16 08:10:26
28,543960d2-4e22-4026-a239-2011964eaaa1,TABASCO Salsa Chipotle,4.25,4.35,2026-03-16 08:10:26
29,95b6d4af-b6be-4ca1-a8d3-457f7c93f380,MONTBLANC Caixa de vi negre DO Conca de Barberà Km0,23.94,26.94,2026-03-16 08:10:59
30,adfa9f25-f4df-48b1-8838-b6374d161512,MONTBLANC Caixa de vi blanc DO Conca de Barberà Km0,23.94,26.94,2026-03-16 08:11:00
31,a66c73f6-a1ce-4497-878c-81615e24ff3a,"DON SIMON ""Tinto de verano"" sense alcohol",1.55,1.39,2026-03-16 08:11:03
32,461a83b9-a69d-439a-a7cb-9429f77700f2,"DON SIMON ""Tinto de verano"" sense alcohol",1.55,1.39,2026-03-16 08:11:03
33,bc031776-2946-4f70-a1b6-8018d8d315f2,DON SIMON Sangria,2.29,2.1,2026-03-16 08:11:04
34,ace0c24e-9bad-4718-87da-53948a299e36,MONTBLANC 362 Vi rosat DO Conca de Barberà Km0,3.99,4.49,2026-03-16 08:11:05
35,06c1f451-fb82-4a32-ba83-446ce58a7ed4,MONTBLANC 362 Vi blanc DO Conca de Barberà Km0,3.99,4.49,2026-03-16 08:11:06
36,eede61f6-8ea1-4e75-a7e6-09dc4ba98346,MONTBLANC 362 Vi negre DO Conca de Barberà Km0,3.99,4.49,2026-03-16 08:11:07
37,58c65509-41c3-4ed9-9f22-1df82ccd86e5,LA BÈSTIA BLANC Vi blanc D.O Empordà Km0,7.59,7.25,2026-03-16 08:11:10
38,f09a0d66-a29a-4dd9-a798-76561338e1b9,ANÍS DEL MONO Anís dolç,8.45,8.89,2026-03-16 08:11:15
39,10ef2352-904c-450d-8c33-c50142985620,BONPREU Bacallà al punt de sal,9.99,11.99,2026-03-16 08:11:21
40,81a5158b-adc2-41f4-a97c-8a0fa9580f4d,BONPREU Filets de bacallà d'Islàndia al punt de sal,6.35,7.99,2026-03-16 08:11:21
41,bfb0b87a-b1ea-4441-aa0f-95333b8f9108,BONPREU Llom de bacallà al punt de sal,6.99,8.99,2026-03-16 08:11:21
42,bbbda956-072a-496e-99cb-201aabce211f,ICELANDIC Ventresca de bacallà d'Islàndia en porcions,7.59,8.65,2026-03-16 08:11:21
43,1f292915-ed98-46fe-89c8-9974a578a917,BANORD Filets de sardines,3.89,5.29,2026-03-16 08:11:23
44,0cd0fb6e-4143-4ec0-9925-281f23b3578f,NESTLÉ MAXIBON Gelat de nata i xocolata,5.99,4.99,2026-03-16 08:11:30
45,a6988688-0289-467f-8a02-b2a29d11a849,LA LECHERA Postres delícies de torró,1.65,1.69,2026-03-16 08:11:46
46,c67f7439-ae65-4743-a06e-d28110dfc3ac,NESTLÉ GOLD Mousse de xocolata,2.99,2.89,2026-03-16 08:11:46
47,1f28413e-632b-4e84-8116-1e9e4165411a,SVELTESSE Postres de xocolata fondant,2.49,2.59,2026-03-16 08:11:46
48,a3e10102-e6e1-4843-9294-589abaec3268,NESTLE Quefir natural,2.49,2.65,2026-03-16 08:11:49
49,393b7381-dddd-4966-a82c-386344096962,LA LECHERA Postres de trufa,1.65,1.69,2026-03-16 08:11:50
50,ac56e8be-6857-464a-880d-70763298564b,LA LECHERA Iogurt de llimona,1.22,1.29,2026-03-16 08:11:52
51,26e096de-0bc8-4638-aff6-bbc435393ebe,NESTLÉ GOLD Mousse de vainilla,2.99,2.89,2026-03-16 08:11:53
52,cedeaa5b-8577-4189-8014-6dbbe3266180,REVLON Condicionador Flex 2 fases,5.79,5.89,2026-03-16 08:11:58
53,e7aa6e7c-1a7f-443b-93af-38d4449f7b4d,REVLON Condicionador princess Flex 2 fases,5.79,5.89,2026-03-16 08:12:01
54,faa4eaa0-dc4a-4b28-ad13-1e612f56ac96,LLONGUERAS Tint de color castany clar nº5 Color Advance,7.49,7.65,2026-03-16 08:12:02
55,ead7acd7-b2c1-4b13-9256-5b66f0c09e55,LLONGUERAS Tint de color ros clar nº8 Color Advance,7.49,7.65,2026-03-16 08:12:02
56,a249e62a-2ff4-4c36-ac52-97e902f815e0,REVLON Tractament capil·lar sense esbandit,4.99,5.15,2026-03-16 08:12:02
57,b82a8be8-9d52-4a5b-9ab8-3b98e324b394,LLONGUERAS Tint de color castany fosc nº 3 Color Advance,7.49,7.65,2026-03-16 08:12:03
58,e9ee9e90-9ff3-4648-b3a7-4320d7da8e12,LLONGUERAS Tint de color negre nº1 Color Advance,7.49,7.65,2026-03-16 08:12:04
59,f8deae8f-e6e1-428e-9ca9-3566db6ff435,LLONGUERAS Tint de color caoba nº5.6 Color Advance,7.49,7.65,2026-03-16 08:12:05
60,3ea971fc-ba9b-4cfa-893d-a78715113d88,LLONGUERAS Tint de color marró glacé nº 7.77 Color Advance,7.49,7.65,2026-03-16 08:12:05
61,d428501f-0062-4b92-8121-f317a40c56e6,LLONGUERAS Tint de color ros daurat nº 7.34 Color Advance,7.49,7.65,2026-03-16 08:12:05
62,4ca8c501-3e1e-48f2-99b9-eb87e27858ec,LLONGUERAS Tint de color ros mitjà nº 7 Color Advance,7.49,7.65,2026-03-16 08:12:05
63,2acf9446-195c-44e4-af91-1e6394333eb1,CUTEX Dissolvent d'esmalt,3.59,3.65,2026-03-16 08:12:28
64,49e76660-1317-45eb-934f-4d22a55af70f,CUTEX Dissolvent d'esmalt sense acetona,3.59,3.65,2026-03-16 08:12:28
65,8e3e5924-c09b-4042-a826-55eccf89a1d1,CUTEX Dissolvent esmalt per les ungles,3.65,3.75,2026-03-16 08:12:28
66,c6b4455e-aa1a-41b7-976d-0e1e45fb1433,CUTEX Treuesmalt amb esponja,3.65,3.75,2026-03-16 08:12:29
67,e3b78d2d-a1fe-4b4a-89ed-4796c35bb5c5,TAURUS Fregidora d'aire digital 7S View,72.99,64.99,2026-03-16 08:13:33
68,7ca43a4f-b60a-497f-af61-b04b17a8b690,NESTLÉ Iogurt natural ensucrat sense lactosa,1.39,1.45,2026-03-16 08:16:10
69,bd984178-c7dc-4d0d-9100-2cb23bee412f,NESTLÉ Iogurt sense lactosa amb gust de maduixa i macedònia,1.39,1.45,2026-03-16 08:16:10
70,3321d31b-e5a5-451a-b1f2-042cb6557b69,Banana en manat 800 g,1.55,1.39,2026-03-17 07:56:32
71,eadfa561-ddef-45a9-8810-501d38ec7782,FLORETTE Amanida Japó,3.99,3.59,2026-03-17 07:56:32
72,06964a36-32de-4a7a-9e33-80e7b2147275,FLORETTE Amanida de nous i formatge de cabra,3.35,3.09,2026-03-17 07:56:32
73,5c9f3fd8-1f91-4375-9530-383cbe779c11,FLORETTE Amanida gourmet original,2.09,1.69,2026-03-17 07:56:32
74,9bf1a5c2-f43b-4ebf-adf5-93b0029668d1,LA COLLITA Endívies en safata de 3 o 4 u.,1.99,1.79,2026-03-17 07:56:32
75,625feae0-0920-4e85-9c0d-e0091b7e62e7,LA COLLITA Nabius en terrina de 170 g,2.59,2.29,2026-03-17 07:56:32
76,3e255ffb-4f74-4de1-8fc2-d1093ee78840,LA COLLITA Pruna vermella en safata de 600 g,2.99,2.29,2026-03-17 07:56:32
77,99d1bd13-ac73-461f-91f1-dbf6806d376a,LA COLLITA Pèsols desgranats en terrina de 150 g,3.69,2.69,2026-03-17 07:56:32
78,a2a1a4ca-d68c-4ac7-bfc3-569da723a9de,Plàtan banana 1 u.,0.22,0.19,2026-03-17 07:56:32
79,c92bf1f1-e762-4e81-b780-54cfc4f2fbf1,Poma Tessa Km0 1 u.,0.54,0.5,2026-03-17 07:56:32
80,82f2dc89-61ce-4fce-ad9a-033706c242c3,Poma Tessa Km0 1 u.,0.65,0.49,2026-03-17 07:56:32
81,9392b333-2687-49d5-b1e3-c010b373018a,Pruna vermella 1 u.,0.58,0.53,2026-03-17 07:56:32
82,f0c07e64-014e-4a03-a1a0-d53b29af258e,Tomàquet cirerol Km0 en branca en safata de 200 g,2.39,1.89,2026-03-17 07:56:32
83,c0c733dc-a57e-40eb-9ee5-b576827c1059,Tomàquet rosa 1 u.,1.07,0.8,2026-03-17 07:56:32
84,2f735c80-a46f-4f68-a779-f0783ac52fc4,Tomàquet rosa 1 u.,0.89,0.69,2026-03-17 07:56:32
85,62142e01-a6ef-4ce3-afc5-0cdc6728e557,Carbassó 1 u.,0.99,0.79,2026-03-17 07:56:33
86,1e299efb-1bcf-4ebb-a448-bc8a635e0de1,Kiwi verd 1 u.,0.35,0.45,2026-03-17 07:56:33
87,3853d9e0-17e1-488e-a6f9-a69f2fb171bc,LA COLLITA Bròcoli 1 u.,0.99,1.29,2026-03-17 07:56:33
88,6362f7c3-5018-4a7f-b3d1-90b142351fac,LA COLLITA Patata per fregir bossa 2 kg,3.59,3.89,2026-03-17 07:56:33
89,3ea9fd5f-b5e7-4dff-a749-208dde4e0960,LA COLLITA Tomàquet cirerol pera en safata de 250 g,1.39,1.69,2026-03-17 07:56:33
90,c6123710-251a-4803-9de2-9dba5bfb9f51,LA COLLITA Tomàquet per sucar pa en capsa de 500 g,2.39,2.89,2026-03-17 07:56:33
91,298123ac-9e12-453c-a165-58df5f2c35c6,LA COLLITA Xampinyons laminats safata 250 g,1.39,1.69,2026-03-17 07:56:33
92,02250ef4-a79f-4672-9ade-bcdb2ac92fe5,Moniato  km0 1 u.,0.99,1.15,2026-03-17 07:56:33
93,8ea16b45-35a6-4c12-9475-91b52c252c93,Pebrot dolç vermell 1 u.,1.19,1.29,2026-03-17 07:56:33
94,141121ea-aed2-4426-a9fd-544340e2bdb4,Taronja 1 u.,0.45,0.59,2026-03-17 07:56:33
95,80bca4e1-75cc-40fa-a8ca-026f207f7a64,Tomàquet tipus banya 1 u.,0.39,0.49,2026-03-17 07:56:33
96,632ed9fe-1ea8-4e5b-9126-2b3ccff86e55,LA COLLITA Llimona malla 1 kg,2.19,2.29,2026-03-17 07:56:34
97,511608ef-c246-4a55-be3f-394685230c1e,LA COLLITA Raïm vermell sense llavors en safata de 500 g,2.65,2.89,2026-03-17 07:56:34
98,805ce06e-30dd-409b-b84f-9d974216acbe,Coliflor 1 u.,2.05,2.29,2026-03-17 07:56:35
99,2b345677-d75b-4d9b-b8db-d11f6b8187f6,Kiwi verd 1 u.,0.41,0.46,2026-03-17 07:56:35
100,12df1f37-1fdb-419f-aae9-cdb5c33f74f8,LA COLLITA Bledes Km0 en bossa de 650 g,1.49,1.59,2026-03-17 07:56:35
101,9a5df900-ed16-4e20-82bf-a151810febdd,PIPS NATURE Pinya tallada en rodanxes,3.25,3.29,2026-03-17 07:56:35
102,0c9d0a5f-2692-4386-864c-177a54de9bb0,Poma vermella 1 u.,0.55,0.59,2026-03-17 07:56:35
103,095445e3-9df7-4043-92f8-0d20a32e9fd4,LA COLLITA Alls tendres km0,1.89,2.29,2026-03-17 07:56:36
104,a0f830ca-fb1e-4cf7-a517-5f7cea6582ea,"LA COLLITA Plàtan ""Plátano de Canarias IGP"" Extra en cinta",2.25,2.54,2026-03-17 07:56:36
105,534842d5-0a85-48b1-a91c-1fe354a097a4,Taronja 1 u.,0.46,0.53,2026-03-17 07:56:36
106,5948dc30-1fd1-417f-a835-5d7427c38d10,Carbassa ecològica Km0 1 u.,1.99,2.19,2026-03-17 07:56:37
107,14d1558c-22c4-4a25-913e-8c35c9765eef,Tomàquet de pera 1 u.,0.39,0.43,2026-03-17 07:56:37
108,6f0f76e4-2d60-4f4c-a179-d663e3471487,Bròquil verd Km0 1 u.,2.25,2.29,2026-03-17 07:56:38
109,20fb653a-6f66-4975-af17-73d4fca8fe43,FLORETTE Brots deluxe,1.79,2.05,2026-03-17 07:56:38
110,27d406a6-9a61-4865-a1cf-652c1bc46f7e,Porros ecològics Km0 en manat 750 g,2.39,3.19,2026-03-17 07:56:38
111,f4610072-725a-44b7-b7c5-f0e2ce9e66f8,Col verda km0 ecològica 1 u,2.99,3.29,2026-03-17 07:56:39
112,9a4078ef-f086-4de0-b339-f048efac1b0b,FLORETTE Amanida amb pollastre crispy Xtreme,3.59,3.99,2026-03-17 07:56:39
113,1a98b74e-f935-4f10-adbb-37ac273001b1,LA COLLITA Tomàquet de penjar,4.79,4.89,2026-03-17 07:56:39
114,1ba07643-bd28-497f-bd89-187c81cef176,MANS Poma vermella ecològica Km0 en safata de 700 g.,3.39,3.49,2026-03-17 07:56:39
115,a28830bd-6093-44ca-a0b2-61857f1e7da0,LA COLLITA Raïm vermell sense llavors en bossa de 500 g,2.65,2.89,2026-03-17 07:56:40
116,75e1304d-4b0b-4fd1-8c4d-c98c08acfc1f,ALEJANDRO Xoriço 100% natural clàssic,4.75,3.99,2026-03-17 07:56:42
117,f5da386d-d08b-4275-b4a8-3827d4f72193,ALEJANDRO Xoriço 100% natural picant,4.75,3.99,2026-03-17 07:56:42
118,fc8bb936-e7f0-4dde-be5e-cf0ca14fc3b5,ARGAL Fuet & bread,1.39,1.25,2026-03-17 07:56:42
119,adab5557-66fe-4e2a-a5d8-7f451d2633b8,ARGAL Pernil cuit Argal Bonnatur en talls de 200 grams,3.15,2.5,2026-03-17 07:56:42
120,ab4e662b-2ffa-4316-8f51-7a19c8022a01,AZUAGA Espatlla ibèrica de gla,8.99,7.99,2026-03-17 07:56:42
121,e940a04a-5ade-4e4c-8ff8-1a7333ece744,BONNATUR Pernil cuit extra tall fi,2.25,1.89,2026-03-17 07:56:42
122,1c57da82-a409-48d6-aa05-afead85d90d1,BONNATUR Pernil cuit rostit,2.25,1.89,2026-03-17 07:56:42
123,14f077b0-808c-4dee-9c45-3916f2117a02,BONPREU Sobrassada cular IGP de Mallorca Bonpreu en talls de 150 g,2.19,1.8,2026-03-17 07:56:42
124,43b0e5e2-e530-4616-a9c5-e948fb027b41,CAN DURAN Llonganissa al pebre Can Duran en talls de 150 grams,3.81,3.45,2026-03-17 07:56:42
125,199fd74a-fa31-4710-9ddb-4a6c761c137a,CAPDEVILA Mousse Foie Gras d'ànec,2.59,2.39,2026-03-17 07:56:42
126,1ce270d6-5902-41fe-abd4-9c2263fcea6b,EL POZO Pit d'indiot natural sense additius,2.75,2.49,2026-03-17 07:56:42
127,a42a8edd-1e67-42b9-af2c-04891497fe19,EXENTIS Fuet extra,2.49,2.79,2026-03-17 07:56:42
128,7cda474f-68da-4c39-ade7-c8df71b75858,EXENTIS Llonganissa de Vic IGP,2.49,2.79,2026-03-17 07:56:42
129,58daedec-0cd2-446a-92c2-c3d52b82d092,EXENTIS Llonganissa extra,2.49,2.79,2026-03-17 07:56:42
130,5042748f-4447-4569-9c1a-96ec0418bb57,EXENTIS Llonganissa extra al pebre vermell,2.49,2.79,2026-03-17 07:56:42
131,615ae1c0-8dd6-40cf-8d63-150b7974187b,EXENTIS Llonganissa reserva Exentis en talls de 150 grams,3.96,3.3,2026-03-17 07:56:42
132,e89ab7a7-5354-49b6-b12b-596640b21fbd,LA MILANESA Mortadel·la amb olives La Milanesa en talls de 100 grams,2.0,1.8,2026-03-17 07:56:42
133,1cd951c3-5514-466a-add0-b03fe2cb8889,LA SELVA Llom curat amb pebre La Selva en talls de 100 grams,3.0,2.5,2026-03-17 07:56:42
134,4dab225c-f0bb-46fb-b06c-9882491627b0,NAVIDUL Pernil serrano reserva Navidul en talls de 150 g,5.05,4.16,2026-03-17 07:56:42
135,4b486e61-6e60-4696-a3fa-d4a6a3a001a0,SALGOT Botifarra catalana,4.15,3.89,2026-03-17 07:56:42
136,ef69ec08-92f8-4684-984a-25609383422c,SERÓN Espatlla gran reserva,38.95,34.95,2026-03-17 07:56:42
137,972ec5c9-07b2-404e-a9c7-840952ed451e,AZUAGA Espatlla ibèrica d'enceball,6.99,7.49,2026-03-17 07:56:44
138,e0c55a98-66bd-41b1-8aeb-deaa590ad291,BONPREU Botifarra d'ou,3.49,3.79,2026-03-17 07:56:44
139,d2db413b-ebb6-4299-82dd-ea2d5507f752,BONPREU Botifarra negra,3.49,3.65,2026-03-17 07:56:44
140,9fb9edba-9b5f-474c-9e1d-d569c7b82fa1,BONPREU Botifarra blanca,3.49,3.65,2026-03-17 07:56:45
141,97352707-eadb-406c-8ffb-8b0d442a9521,SERRANO Pernil cuit a daus,1.99,1.69,2026-03-17 07:56:45
142,20dcb60c-9eff-4c19-9937-09505b4897c3,SERRANO Pit d'indiot a daus,1.99,1.94,2026-03-17 07:56:45
143,6e98b291-b7e0-4f42-9a7e-5920609da976,BONPREU Paté amb pebre negre,1.49,1.59,2026-03-17 07:56:46
144,812e33e4-437f-4aa1-92c8-fd1b7a2c0882,CAN DURAN Fuet extra sense pebre,3.49,3.95,2026-03-17 07:56:46
145,0025a23a-d53a-486d-bf30-325f427007bc,EXENTIS Llonganissa reserva,5.49,6.15,2026-03-17 07:56:46
146,c807b8c4-2ad3-4947-9382-7bb7a75fe323,LEGADO Pit d'indiot amb trufa i bolets,1.75,2.0,2026-03-17 07:56:46
147,60c7b00a-e1e5-4703-a82c-a1548d223072,ARGAL Pit d'indiot Oliving Gourmet Argal en talls de 150 grams,2.84,3.52,2026-03-17 07:56:47
148,53bec2a5-e238-4e64-bf5c-de16d55ddc56,BONPREU Paté amb pebre verd,1.49,1.59,2026-03-17 07:56:47
149,893d3003-5599-4b43-a1ab-2577ebea02c8,CAMPOFRÍO Pit d'indiot brasejat Campofrio en talls de 200 grams,3.0,3.8,2026-03-17 07:56:47
150,763662a2-9201-43ed-9e1d-e5ee11ca2747,EL POZO York llescat per sandvitx,1.75,2.0,2026-03-17 07:56:47
151,d9bd8cd9-802d-49c2-9e30-f28b92c4521a,SERRANO Xòped cuit en llauna,1.25,1.19,2026-03-17 07:56:47
152,f8a008a4-f928-41b3-99c5-f8558b8e1736,CAMPOFRIO Pernil cuit extra Campofrio en talls de 200 grams,2.3,3.0,2026-03-17 07:56:49
153,8ba6c5dd-923f-4003-a91e-0ec8f8319d97,CAPDEVILA Foie gras Mi-Cuit Extreme 03,4.99,6.99,2026-03-17 07:56:49
154,b35483e0-afd9-40d1-ac35-45c4b306758c,CAPDEVILA Foie gras d'ànec mi-cuit,4.99,6.45,2026-03-17 07:56:49
155,cb70dbec-4ac4-43db-a10a-d60c47e2834c,EPICUM Espatlla d'enceball Epicum en talls de 150 grams,7.95,8.55,2026-03-17 07:56:49
156,a69671af-48e3-41ae-a8ad-0af5138a0a38,REVILLA Xoriço tradició extra Revilla en talls de 100 grams,1.29,1.7,2026-03-17 07:56:49
157,752211bd-dd96-4bbb-b16d-053de287ee17,SERRANO Indiot amb tòfona i festucs Serrano en talls de 200 grams,2.37,2.3,2026-03-17 07:56:49
158,8941e5ba-1062-407a-8feb-e8e9aa8f9723,CASA FORNER Paté d'ànec 4 pebres Casa Forner en porció de 125 grams,2.49,3.04,2026-03-17 07:56:50
159,c567e57a-8499-4033-912d-456d4790ae42,ALBIERO Formatge provolone dolç,2.95,2.75,2026-03-17 07:56:53
160,31f623c8-17c4-453e-873c-e157f163c12d,CADÍ Formatge Neu al tall,3.45,2.7,2026-03-17 07:56:53
161,840430a9-22e9-4373-8ab5-b9249a7ced2b,CADÍ Formatge ratllat semigras,1.51,1.39,2026-03-17 07:56:53
162,587064b1-f0ee-4a89-abab-15c36518b430,CAPRICE DIEUX Formatge Caprice des Dieux,3.99,5.49,2026-03-17 07:56:53
163,55926cd7-397c-499e-9723-584f28913a3d,CHAMOIS D'OR Formatge Brie al tall,4.18,3.26,2026-03-17 07:56:53
164,6a70c608-ecbe-49e4-8be0-1756f100f6e7,DON BERNARDO Formatge d'ovella vell manxec DOP al tall en porció,5.99,3.4,2026-03-17 07:56:53
165,51ccf6c6-67f5-43eb-9929-9510f146fb6a,EL PASTOR Formatge de cabra rull,7.39,6.89,2026-03-17 07:56:53
166,ef0f4d64-c21e-4cf8-b655-6e7cf9ffa0de,GARCÍA BAQUERO Formatge reserva 12 mesos a talls,4.49,4.99,2026-03-17 07:56:53
167,8fe5893a-0f1d-471e-a5cf-46ee256c1da8,GARCÍA BAQUERO Formatge tendre llescat,2.75,2.49,2026-03-17 07:56:53
168,3386e97b-5c9e-4be8-bd96-c746d2779266,GARCíA BAQUERO Formatge curat reserva al tall en porció,4.69,3.95,2026-03-17 07:56:53
169,1b841f78-7abb-41c6-8b91-c75d7cf440f0,MEVGAL BIO Formatge feta ecològic,4.49,3.99,2026-03-17 07:56:53
170,fbedf55d-f534-4ad2-a812-4c790dbb3801,MEVGAL Formatge Feta DOP,3.99,3.75,2026-03-17 07:56:53
171,469d38b7-ed85-43a0-a0d8-5316cb39b19f,MICHELANGELO Formatge burrata Di Bufala,2.95,2.49,2026-03-17 07:56:53
172,7f3a6c91-7e45-4f75-830b-bda0184a1e01,OLD AMSTERDAM Formatge curat de vaca a talls,4.99,4.49,2026-03-17 07:56:53
173,5f8ba3c1-2637-4588-9364-7fc706f94242,OLD AMSTERDAM Formatge semicurat tallat,4.69,4.29,2026-03-17 07:56:53
174,31de87cf-5c5b-4947-b697-55f66ed37c11,POK Formatge d'ovella anyenc tallat,4.49,4.99,2026-03-17 07:56:53
175,38a4e67a-37ec-4313-afe3-e104c8dbdd60,PRÉSIDENT Formatge de pasta tova l'Ovale,3.55,3.29,2026-03-17 07:56:53
176,c81e3ee6-c641-4ac8-85ac-84633c2066b5,SOMBRERO DE COPA Formatge tendre Edam al tall en porció,1.65,1.42,2026-03-17 07:56:53
177,9f0435b1-e0cd-465e-84c1-8baf9e88b430,BONPREU Formatge Parmigiano Reggiano,3.99,4.49,2026-03-17 07:56:54
178,f63c9006-e9bf-4111-82f9-59a436a8aa12,BONPREU Formatge de cabra semicurat,3.75,3.99,2026-03-17 07:56:54
179,4f5b5ce7-915d-4200-b97e-07758bba5211,BONPREU Formatge curat,2.99,3.49,2026-03-17 07:56:55
180,b3226fda-3502-4d53-9f55-6ed60acf1442,EL VENTERO Formatge tendre light,3.25,2.99,2026-03-17 07:56:56
181,103d0cbd-2003-4f1d-9b0a-ee36bfedafa9,PRÉSIDENT Formatge Brie,3.29,3.49,2026-03-17 07:56:56
182,9915f40a-a671-4f80-a99d-914cd607ba03,UBACH Mató Km0,1.39,1.79,2026-03-17 07:56:56
183,1befebf4-b6f3-4be0-8084-abd66fcfd107,ARLA Formatge Apetina en salmorra a daus,2.99,3.49,2026-03-17 07:56:57
184,2855286d-ab62-44f0-b734-7ed5fd1984a6,BURGO DE ARIAS Formatge fresc sense lactosa,3.19,3.4,2026-03-17 07:56:57
185,17b27c99-5d2c-4c03-b73a-4eb7d31469ce,COINGA Formatge Maó semi,2.99,3.59,2026-03-17 07:56:57
186,60fd1ba7-0e64-488f-93ed-264b6e4c80da,EL VENTERO Formatge tendre reduït en sal,3.25,2.99,2026-03-17 07:56:57
187,33eaac3f-d93f-48dc-87cd-682dce61c91c,EMMI ROSETTES Formatge Tete de Moine,4.49,5.29,2026-03-17 07:56:57
188,3b76726b-babf-4bfe-b8b8-bbe301046769,GARCÍA BAQUERO Formatge semicurat Light llescat,2.75,3.19,2026-03-17 07:56:57
189,d10e738c-4425-4aa9-8ee2-843eb6c12731,MONTBRÚ Formatge de cabra novell Km0,5.99,7.19,2026-03-17 07:56:57
190,677df844-e802-4ade-b3c6-1de8f7cac86e,PRÉSIDENT Formatge camembert en porcions,3.49,3.99,2026-03-17 07:56:57
191,80a16f53-6053-44b8-a57d-4fb2c6e479b3,GARCíA BAQUERO Formatge de cabra tendre tallat,4.99,5.65,2026-03-17 07:56:58
192,457bb0b1-a368-4609-a913-8e045070506d,UBACH Formatge de cabra Km0,9.95,10.99,2026-03-17 07:56:58
193,292254a7-cfaf-4c9e-858e-d95baaa78d07,CADÍ Formatge tendre mini,8.49,9.99,2026-03-17 07:57:00
194,7c97e83d-2297-4f34-ac32-0f75e9f596f3,GARCIA BAQUERO Formatge sense lactosa tallat,3.99,4.49,2026-03-17 07:57:00
195,8a1a3916-3d37-422a-8669-72a197cdfe0f,PHILADELPHIA Formatge fos de cabra,2.7,2.69,2026-03-17 07:57:00
196,280d7860-7be3-43ab-85a3-f39a40b5ccf8,PRÉSIDENT Formatge camembert,3.49,3.99,2026-03-17 07:57:00
197,4909a3fd-0cd4-47be-86e2-c79bfef224a2,ARLA Formatge Apetina sense lactosa a daus,2.99,3.49,2026-03-17 07:57:01
198,d03e244f-d209-48ba-8a04-2375903d6653,BONPREU Formatge curat al tall en porció,3.3,3.81,2026-03-17 07:57:01
199,7cce0e0b-5041-4667-9071-22b977d2deac,CADÍ Formatge Urgèlia DOP Alt Urgell-Cerdanya al tall en porció,3.37,4.45,2026-03-17 07:57:01
200,5793d6a1-a0be-486a-a176-fb284366f55a,GARCíA BAQUERO Formatge semicurat al tall en porció,4.13,5.1,2026-03-17 07:57:01
201,583f25ad-678d-474e-bced-a3d004bb77ee,MONTBRÚ Formatge sarró de cabra Km0 al tall en porció,6.25,7.49,2026-03-17 07:57:01
202,834cd65e-7390-471d-b8ff-fb46301676bb,UBACH Mató Km0 al tall,1.2,1.53,2026-03-17 07:57:01
203,bffe7d87-f22d-46b3-a17e-c545c6df071b,BERGADER Formatge blau alemany al tall,1.87,2.24,2026-03-17 07:57:02
204,6b80d6af-9660-464b-af59-1ef794c6382c,BONPREU Formatge anyenc d'ovella al tall en porció,3.62,4.24,2026-03-17 07:57:02
205,6e2fe883-a49f-4a79-8ebd-a91df4fe7e27,COINGA Formatge semicurat de Maó al tall,2.3,2.9,2026-03-17 07:57:02
206,ec320591-6bcd-435e-9bcf-c4850e5d0904,EL PASTOR Formatge d'ovella amb romaní al tall en porció,2.85,3.24,2026-03-17 07:57:02
207,a326487a-df14-4b75-ae7f-8503aa610189,EL PASTOR Formatge vell reserva al tall en porció,3.43,4.12,2026-03-17 07:57:02
208,54c96d3d-c3f1-46cc-8217-539db8c47be8,GARCÍA BAQUERO Formatge curat la cava barus al tall en porció,5.58,7.33,2026-03-17 07:57:02
209,41711d34-70e4-4e9c-8d56-e88f28cb546b,LEONARDI Formatge gorgonzola servit en terrina,3.49,4.36,2026-03-17 07:57:02
210,37a0fa6f-5439-4f4d-a0bc-953c713367de,MICHELANGELO Formatge parmigiano reggiano DOP al tall,5.7,6.39,2026-03-17 07:57:02
211,83b7b42a-ac76-4bdf-9406-2143ccfa4927,MONTBRÚ Formatge semicurat sarró de búfala km0 al tall,6.49,8.49,2026-03-17 07:57:02
212,1f5c0512-e301-4962-8f57-c419fbd561ef,POK Formatge d'ovella anyenc al tall en porció,4.62,6.13,2026-03-17 07:57:02
213,22f09e64-2b25-48d6-be46-cb9a37306c55,PRÉSIDENT Formatge Brie francès al tall,2.37,3.4,2026-03-17 07:57:02
214,6a961533-7052-49e5-be2e-fa3af6ae9ac6,RONKARI Formatge d'ovella DOP al tall en porció,3.71,4.14,2026-03-17 07:57:02
215,876ae29e-3944-4ea0-8451-381555c5b2cc,SWITZERLAND Formatge tête de moine AOP Suís al tall en flors,4.31,5.06,2026-03-17 07:57:02
216,f47ff6c0-0389-42d2-bf4b-2c5aad136f3b,UBACH Formatge curat de vaca Pastura Km0 al tall en porció,3.6,4.31,2026-03-17 07:57:02
217,ea47f024-7420-4d79-a242-737a2f1f31db,BOFFARD Formatge vell d'ovella reserva al tall en porció,5.87,7.13,2026-03-17 07:57:03
218,39d23b43-deb1-4344-aca8-fbceb36536f1,EL PASTOR Formatge d'ovella amb tòfona al tall en porció,4.99,5.75,2026-03-17 07:57:03
219,684b4665-0683-4924-bfe3-79d3e64fa106,SOMBRERO DE COPA Formatge maasdam al tall en porció,3.98,5.36,2026-03-17 07:57:03
220,c7fae4fe-b808-4d38-856b-d1c5d233a177,UBACH Formatge curat de cabra 349 Km0 al tall en porció,5.85,6.64,2026-03-17 07:57:03
221,326d9165-4cdb-4e2d-a0b0-a34121f42d18,MONTBRÚ Formatge de cabra novell Km0 al tall,4.7,5.36,2026-03-17 07:57:04
222,ef88841b-2490-4a25-88ad-344ff8a79305,BONPREU Burger meat de pollastre,4.59,4.65,2026-03-17 07:57:06
223,37482fde-fe21-49d9-87d8-4a23774cf92f,BONPREU Carn magra del coll,3.98,3.71,2026-03-17 07:57:06
224,eb08dcd5-f5c4-4ba6-9d6c-ec5ec825d36f,BONPREU DE L'ERA Conill sencer d'ulls negres,14.74,11.79,2026-03-17 07:57:06
225,2ea4e42b-d9f2-48ad-833a-97688219b276,BONPREU DE L'ERA Entrecot de vedella madurat,11.25,9.9,2026-03-17 07:57:06
226,83a1be3c-6ef8-4257-af36-300f17f8d1a0,BONPREU DE L'ERA Pit de pollastre,2.19,1.84,2026-03-17 07:57:06
227,007f8668-c919-430b-8b26-8243fa425d50,BONPREU Espatlles conill,5.49,4.99,2026-03-17 07:57:06
228,bc1ea11b-55cd-4259-bb14-b91e0065248e,BONPREU Espatlles de conill,6.65,5.25,2026-03-17 07:57:06
229,c4b2fdd6-6dd2-4718-a2e8-ebb18ffbbce6,BONPREU Llom de porc extra fi,2.79,2.99,2026-03-17 07:57:06
230,aad4b4dc-7d89-4932-a586-d90959977846,BONPREU Tira de costella de porc,5.88,5.0,2026-03-17 07:57:06
231,2ece3e6f-498c-4401-81af-0230e39f2a29,BONPREU Xai del país,22.09,19.54,2026-03-17 07:57:06
232,049ed10f-f3aa-4ac7-81d7-f953047b30f5,Burger meat de vaca madurada,3.85,2.99,2026-03-17 07:57:06
233,8e55b85b-7761-4c38-a1a5-56d5d9fde05d,BONPREU Xurrasco de vedella ecològica,2.99,3.49,2026-03-17 07:57:07
234,ffdbe660-c753-4365-8f5b-97e2ece5591c,BONPREU Cuixes de pollastre per la brasa,3.13,3.8,2026-03-17 07:57:08
235,db387d10-d396-4c15-9169-3304b8f2a96d,BONPREU DE L'ERA Llom de porc 50% Duroc,0.64,0.82,2026-03-17 07:57:09
236,a0581813-38c7-4773-acc5-2db180f34de2,BONPREU Llom tallat extra fi,2.7,3.08,2026-03-17 07:57:09
237,74feb3a1-baee-4ca0-a704-9a33c37c36f4,BONPREU Llom de porc extra fi,4.5,4.93,2026-03-17 07:57:11
238,55b84ef6-db37-4ef0-8a98-a2f740c11b68,BONPREU DE L'ERA Cuixes de pollastre,1.92,2.3,2026-03-17 07:57:12
239,b449a248-69df-440d-9ef1-512dbecefd97,BONPREU DE L'ERA Entrecot de vedella sense os,6.34,9.11,2026-03-17 07:57:13
240,39995f16-f3dd-4a3f-a84c-0d2203f3c389,BONPREU Conill sencer,9.19,9.66,2026-03-17 07:57:14
241,6d46e052-a9e2-4910-88f3-7db012a7cb5a,BONPREU Filet de vedella sencer,50.39,55.99,2026-03-17 07:57:14
242,1c3d45a2-85d8-4c59-91fe-8531f1202686,AGUINAMAR Amanida Pintxo a la Donostiarra,3.45,2.99,2026-03-17 07:57:17
243,38bdcace-6223-45dd-841a-e62ce2ffb5e8,Filet de Gallineta Oceànica,1.87,1.75,2026-03-17 07:57:17
244,34508e80-f656-415d-a2bf-98a020f34e86,Hamburguesa de Rap amb Gamba,3.99,3.79,2026-03-17 07:57:17
245,2a902762-dbed-4a39-9ca4-98eac77f75e9,Llagostí Vannamei cuit,3.25,2.5,2026-03-17 07:57:17
246,233491c6-456c-4bdc-825d-8ff77fa30847,MERIPUL Pota de pop cuita pasteuritzada,14.99,14.29,2026-03-17 07:57:17
247,c65ad022-cef5-4317-af52-070c9790809e,Mini hamburguesa de Lluç,2.99,2.79,2026-03-17 07:57:17
248,f9ef945a-cbf3-4b90-8514-6c394ba37102,Orada (unitat),4.49,3.99,2026-03-17 07:57:17
249,d6b68210-f006-4709-82ed-6f3136974591,ROYAL Bacallà dessalat esqueixat,5.59,4.99,2026-03-17 07:57:17
250,dd38a596-9690-4c07-8cab-4d2acb2cf116,ROYAL Crema de bacallà,3.19,2.99,2026-03-17 07:57:17
251,ae726b09-4cc6-4f0d-a20a-5987d6d0e392,ROYAL Salmó noruec fumat,6.49,5.99,2026-03-17 07:57:17
252,b6a1403d-e197-4cb8-bf54-3db83f317bb2,Rap sencer,13.99,9.99,2026-03-17 07:57:17
253,8e71e36b-7397-45ff-b70a-77901471b111,Rossellona (unitaria),6.99,4.99,2026-03-17 07:57:17
254,e9553db6-9f0e-4d25-8578-68dc93871d21,SPHERIKA Perles d'esturió,5.99,5.39,2026-03-17 07:57:17
255,860d655e-ec4b-4613-b614-a4e71565f8fd,Suprema de Tonyina d'Aleta Groga,5.99,5.69,2026-03-17 07:57:17
256,aa34d52e-c2d3-475a-844e-896dfd310ea8,Sípia faraònica neta,7.65,6.3,2026-03-17 07:57:17
257,f8043ddc-cd72-482a-bd15-e8abdaae4c5e,UPESCA Centre de bacallà dessalat,7.49,6.99,2026-03-17 07:57:17
258,0bc63af7-8cbb-468e-b5cf-edd6cea745a2,Filet de Bacallà salat 400/700,9.8,8.75,2026-03-17 07:57:18
259,af8c4f77-02a0-4453-8d2d-57618f167ea0,MARINERAS FRESKIBO Hamburguesa de salmó en safata de 2 unitats,2.79,2.99,2026-03-17 07:57:18
260,a3b977fd-9dfb-4315-ace1-f7caff160434,MARINERAS FRESKIBO Hamburguesa de tonyina en safata de 2 unitats,2.79,2.99,2026-03-17 07:57:18
261,22a63345-1fa6-4645-b226-08f9439d0698,AGUINAMAR Pota de pop cuita,10.99,11.99,2026-03-17 07:57:19
262,ffd0d76d-10d5-44cf-b265-4d0c2cdd96a9,Anella de Canana gegant,2.25,2.5,2026-03-17 07:57:19
263,68ff6e74-56b5-4fa3-aa96-8fb0386dc969,KRISSIA Barretes de surimi fresc,3.99,4.65,2026-03-17 07:57:19
264,4d179773-5232-45c7-a817-3e53751ca08b,KRISSIA Barretes de surimi fresc 0% matèria grassa,3.99,4.65,2026-03-17 07:57:19
265,b7223b54-4aae-4658-a3ba-e1acbb8a5d57,Llobarro (unitat),3.99,4.59,2026-03-17 07:57:19
266,1de1bd50-dff6-4499-a7d4-3929a557520a,ROYAL Salmó fumat a daus,7.59,8.49,2026-03-17 07:57:19
267,f46bb6d5-2cc3-47d4-ab43-5c13277251b1,Truita Irisada,2.25,2.5,2026-03-17 07:57:19
268,403c5f9f-5644-4c4c-834c-0c737e779872,UPESCA Esqueixat de Bacallà dessalat,5.99,6.49,2026-03-17 07:57:19
269,43a45fe5-027b-45ac-ab9c-2577dd1f9918,Calamar del cap,6.3,7.65,2026-03-17 07:57:20
270,1e464f91-cb21-485a-90ed-b937c263cc4f,Llom super,7.0,8.4,2026-03-17 07:57:21
271,d659b9a1-8498-4287-b700-039dd68e30a7,BIMBO Panets rodons per a maxi hamburgueses,2.19,1.99,2026-03-17 07:57:22
272,cd1dbe3a-c8d0-4045-b08c-e0dbf257c5ec,Salmó superior sencer,29.98,34.98,2026-03-17 07:57:22
273,e142fea1-f2d0-41a2-851b-9807db6a613c,Lot de 3 unitats de baguetina enfarinada,0.99,1.29,2026-03-17 07:57:23
274,c0dde64a-ae1e-40e0-a862-4f7b44dbc500,Pa ovalat campestre elaborat amb massa mare,1.79,1.95,2026-03-17 07:57:23
275,d657c510-8918-4a65-9cab-1e082dbab4cf,Pa rodó elaborat amb farina integral (50%) de blat,1.69,1.85,2026-03-17 07:57:23
276,79fbc35e-76f5-498a-a97c-12cf9ccd8bc4,BO DE DEBÒ Crestes de tonyina,3.99,3.69,2026-03-17 07:57:32
277,cba0d941-4958-4212-be13-1411c421013a,BO DE DEBÒ Espaguetis al pesto,3.59,3.29,2026-03-17 07:57:32
278,9de13091-68c8-4a94-a4cf-036b45d3e175,BO DE DEBÒ Macarrons amb tomàquet i mandonguilles,3.99,3.69,2026-03-17 07:57:32
279,390ec1e0-110d-4f9e-9069-604e6f3e034f,BONPREU Croquetes de pernil d'enceball ibèric,3.75,3.25,2026-03-17 07:57:32
280,70f86c4a-fba4-4c6e-be14-9524375eefe1,BONPREU Croquetes de pollastre rostit,3.75,3.25,2026-03-17 07:57:32
281,2f08f604-8dd7-40eb-8f21-6aaaa0578706,BROOKLYN TOWN Burger Instant Bacon,4.25,3.99,2026-03-17 07:57:32
282,31747aac-ae28-48e3-bc63-61dec2e47561,BROOKLYN TOWN Burger Instant Cheese,4.25,3.99,2026-03-17 07:57:32
283,3fe02d69-61d4-4f24-b865-1baf91834c35,CASA TARRADELLAS Pizza Bianca 4 formatges,4.49,3.99,2026-03-17 07:57:32
284,dd3f8605-8f26-46fb-9fb8-173c82515f91,CASA TARRADELLAS Pizza fresca de pernil i mozzarella,4.29,3.99,2026-03-17 07:57:32
285,176af9e4-c2bd-461c-ba5d-6d131e1bd556,GIULIA Focaccia amb ceba,2.49,1.99,2026-03-17 07:57:32
286,b4a48021-c23e-4339-9615-632a2bb330cc,PERFECTO Pizza trufada,4.39,4.59,2026-03-17 07:57:32
287,4dd4f620-6538-43e1-afdd-cd5706796a33,SA CROQUETA Croquetes de ceba caramel·litzada  i formatge de cabra,3.75,3.25,2026-03-17 07:57:32
288,8131b19c-a4ea-4700-9ab6-f644d8c0b6d2,SA CROQUETA Croquetes de ceps,4.25,3.25,2026-03-17 07:57:32
289,6b8cf82c-6b83-4116-b721-b52019bbfa3e,SA CROQUETA Croquetes de rostit de carn d'olla,4.2,3.25,2026-03-17 07:57:32
290,0db16e8e-eab7-418f-a360-fa433c840880,SA CROQUETA Croquetó de pollastre rostit XXL,6.25,5.25,2026-03-17 07:57:32
291,a4d4c4df-e0d4-48d3-afa3-5e92f35f5db8,SALT DE SALLENT Patata d'Olot de formatge de cabra i ceba caramel·litzada,5.99,4.99,2026-03-17 07:57:32
292,b291cdb1-a4a9-46c6-b12c-00b78799598c,SALT DE SALLENT Patata d'Olot farcida de carn,5.99,4.99,2026-03-17 07:57:32
293,0e213203-84c8-40ce-97c8-950e675016e5,TASTAMAR Bacallà amb muselina d'all,5.99,5.49,2026-03-17 07:57:32
294,99768fde-8285-4f40-9d27-fe3c827c07bc,TERRA I TAST Llibrets de llom amb pernil cuit i formatge,3.29,3.69,2026-03-17 07:57:33
295,e660e95f-ca51-4062-bf6d-4056475e69b5,TERRA I TAST Truita de carbassó i ceba,4.39,3.99,2026-03-17 07:57:33
296,17625a14-3b98-44c2-b20a-af8e662aff28,TERRA I TAST Truita de patata i ceba,4.39,3.99,2026-03-17 07:57:33
297,e4e918dd-d91a-4e0f-bba5-254e40474162,CASA MAS Truita de patata i ceba caramel·litzada,5.69,5.95,2026-03-17 07:57:34
298,8ea875de-62f2-49bc-9d9b-f2dc2f1aa251,CASA TARRADELLAS Mixt pernil i formatge,1.75,1.85,2026-03-17 07:57:34
299,9fe175f7-a844-46fc-9c1c-92d4dc5bf6ae,TA-TUNG Rotllet de primavera,2.79,2.99,2026-03-17 07:57:34
300,8be4f973-9f45-4c6c-a5d5-b6d358010203,TERRA I TAST Amanida de pasta amb tonyina,2.99,3.29,2026-03-17 07:57:34
301,2df89332-5bb6-419a-988e-aa74f64b590a,TERRA I TAST Canelons d'espinacs i pinyons,3.99,4.29,2026-03-17 07:57:34
302,c94bdcad-5fea-4e0e-95a3-48e95911e8f8,TERRA I TAST Canelons de carn amb beixamel 12 u,9.95,10.95,2026-03-17 07:57:34
303,dd1e0549-6739-4a62-94c4-43a2760ccd34,TERRA I TAST Canelons de carn amb beixamel 3 u,3.49,3.99,2026-03-17 07:57:34
304,9588189b-c00b-45bb-869e-1b368ad0c003,TERRA I TAST Fideuà,2.99,3.19,2026-03-17 07:57:34
305,39f4a464-8f54-41ab-a82e-9348bda85067,TERRA I TAST Lasanya de carn,3.59,3.99,2026-03-17 07:57:34
306,bb910555-783d-481b-b7d0-21807a50d798,TERRA I TAST Truita d'albergínia i ceba,4.39,3.99,2026-03-17 07:57:34
307,8f6fb25d-f087-4922-8144-fd2566c5964d,CARLIT Trinxat d'espinacs,2.99,3.49,2026-03-17 07:57:35
308,fbe29e8e-58a8-40d6-be05-0f1181026122,CASA MAS Canelons de pollastre rostit 6u.,5.99,6.9,2026-03-17 07:57:35
309,dc301b0b-e996-4279-9cad-71225cee09ed,TERRA I TAST Canelons brandada bacallà amb mussolina d'all 3u.,3.99,4.29,2026-03-17 07:57:35
310,85fc2eb0-a79e-48e3-80d3-13cf3d3b5b45,BO DE DEBÒ Hummus,2.55,2.99,2026-03-17 07:57:36
311,b3b349b3-6cef-4360-949a-bb936b9b3c08,BO DE DEBÒ Tallarins a la bolonyesa,2.95,3.19,2026-03-17 07:57:36
312,579d3920-4143-4edc-ace0-b0387a8c2384,SORRIBAS Vistteca d'espinacs i gorgonzola ecològica,2.55,2.85,2026-03-17 07:57:36
313,0745ea57-8000-4d40-ac2e-ec5fea8e1923,TERRA I TAST Ensalada russa,2.95,2.99,2026-03-17 07:57:36
314,30804938-3cdf-4644-844e-6c77af46c9c4,TERRA I TAST Espaguetis a la carbonara,2.99,3.19,2026-03-17 07:57:36
315,5d263b86-6d42-4f51-913f-c71d582345a0,TERRA I TAST Fideuà,4.59,4.99,2026-03-17 07:57:36
316,c7ba76f1-3099-4902-87fd-d5111b405afa,TERRA I TAST Fideuà,7.99,8.49,2026-03-17 07:57:36
317,f00fad0a-4b0f-4632-893f-24335651b54b,TERRA I TAST Macarrons a la bolonyesa,2.99,3.19,2026-03-17 07:57:36
318,61278356-411a-4ca4-b84f-b36163477f57,TERRA I TAST Macarrons de muntanya,3.49,3.69,2026-03-17 07:57:36
319,b8501cdf-39ec-404b-bb0e-74894544e335,"TERRA I TAST Amanida d'arròs, cigrons i tres quinoes amb vinagreta",2.95,2.99,2026-03-17 07:57:37
320,0f5e1c92-5882-4892-810d-693f0e4a4624,TERRA I TAST Amanida de pasta amb tonyina,4.49,4.99,2026-03-17 07:57:37
321,b4b6c2e5-666d-47bd-9dc9-b8f2eabc8f97,TERRA I TAST Amanida mediterrània,2.99,3.29,2026-03-17 07:57:37
322,2aba3bec-3e0d-40bf-8843-a972cba6bc39,TERRA I TAST Lasanya de verdures,3.59,3.99,2026-03-17 07:57:37
323,1b3e9614-9819-4fc8-848a-dfcf62b056dc,TERRA I TAST Rínxols a la napolitana,3.49,3.19,2026-03-17 07:57:37
324,56fdf90b-2241-4694-9291-be9891de34d7,TASTAMAR Calamarcets amb patates,4.95,5.59,2026-03-17 07:57:38
325,aa60b86b-0262-43a3-b6c0-86e42590659c,BORGES Oli refinat especial fregir,2.99,2.59,2026-03-17 07:57:42
326,6810a72f-e3b7-4c59-921d-feba9a24fd86,CARBONELL Oli d'oliva en esprai,2.8,2.65,2026-03-17 07:57:42
327,4b05375a-5a16-499b-8a1e-04aa08f8de25,CARBONELL Oli d'oliva sabor intens,5.65,4.89,2026-03-17 07:57:42
328,0cb35844-474b-46c3-abf4-d4cc1eb683cd,CARBONELL Oli d'oliva suau,5.65,4.89,2026-03-17 07:57:42
329,63fe5e9f-8cec-44d8-a8ff-5e5fb03964b8,CARBONELL Oli d'oliva verge extra,4.45,3.79,2026-03-17 07:57:42
330,26df2af7-9293-4cc4-a280-550988cd6859,CARBONELL Oli d'oliva verge extra,6.95,5.85,2026-03-17 07:57:42
331,9b30f69a-ac01-4dc3-888b-6479e9234428,CARBONELL Oli d'oliva verge extra en esprai,3.29,2.95,2026-03-17 07:57:42
332,b90536c2-b9bc-4dbf-9683-6bd6afd60358,COOSOL Oli refinat de llavors,2.73,2.49,2026-03-17 07:57:42
333,7ae8bae8-bec0-482b-a223-6099c796948a,ECOCESTA Llavors de lli molt ecològiques,4.49,3.75,2026-03-17 07:57:42
334,d6043e77-1231-45a8-8c6a-a414e7dfbdfd,GERMANOR Oli d'oliva verge extra arbequina,39.95,34.95,2026-03-17 07:57:42
335,723a2fc8-8e3e-41e2-9caa-96d5dd73d111,HOJIBLANCA Oli d'oliva verge extra,8.69,8.59,2026-03-17 07:57:42
336,9c16d33f-089a-4072-945a-25cdcfdc464d,LA ESPAÑOLA Oli de llavors en esprai,2.39,1.99,2026-03-17 07:57:42
337,ca3aeb1c-1716-43bc-aa06-db15bcdb6c77,BONPREU Llavors de lli daurat ecològic,1.39,1.55,2026-03-17 07:57:43
338,581bda86-e376-4e2f-9bb3-22b4f56003e8,BORGES Oli d'oliva suau,5.39,5.99,2026-03-17 07:57:43
339,05b6da73-db5a-42d0-84f0-68645801ad43,COOSUR Oli d'oliva verge extra,5.99,8.59,2026-03-17 07:57:43
340,b5894d5f-2f38-43c8-9bbb-48ff64a608dd,COOSUR Oli oliva verge extra Picual,5.99,8.59,2026-03-17 07:57:44
341,2ee0bf12-77d0-469d-87fc-dfbd8075af7e,LINDOLIVA Oli d'orujo d'oliva,2.25,3.35,2026-03-17 07:57:44
342,84c7d832-b33a-4a5b-bfee-1cadf3f9a7bf,PRIORDEI Oli d'oliva verge extra arbequina,8.29,9.69,2026-03-17 07:57:47
343,66817176-49d2-426b-b33b-5cc8de801a60,MANOLETE Oli d'oliva,10.95,11.59,2026-03-17 07:57:48
344,48d039de-b2a6-4f6b-a8dd-544d7a06b0d9,4 HECTÁREAS Coco xips ecològiques,1.99,1.79,2026-03-17 07:57:51
345,cd2fb255-8908-40ab-9ada-ebe81b11bb86,4 HECTÁREAS Xips de plàtan ecològics,2.15,1.95,2026-03-17 07:57:51
346,f7a75168-12b1-4250-a483-e515cdb25bec,BORGES Nabius vermells dolços deshidratats,2.65,2.25,2026-03-17 07:57:51
347,3a77da6a-17af-4eb6-a2bd-947114237575,GREFUSA Pipes el Piponazo Aiguasal,2.89,2.79,2026-03-17 07:57:51
348,0ee402a5-c313-405f-8c14-8fc8c84e9f04,GREFUSA Pipes el Piponazo original,2.89,2.79,2026-03-17 07:57:51
349,9e465c06-7129-4018-a9c1-837eb54da1f2,GUSANITOS Snack de blat de moro,1.35,1.15,2026-03-17 07:57:51
350,724b5ac0-8db2-40fa-9131-f51895513814,LAY'S Patates fregides al punt de sal,2.3,2.89,2026-03-17 07:57:51
351,50bf1316-ba05-4b64-acfa-3d29e8fa6b4a,PUIGDELLÍVOL Ametlles amb pell deshidratades Km0,2.95,2.59,2026-03-17 07:57:51
352,f4fc402d-1f31-4100-a7a4-34111e970b02,XOX Palets Salats,1.75,1.49,2026-03-17 07:57:51
353,be9db6be-0620-4a3e-a99a-3a01dd38f67d,ZANUY Natxos amb llavors i xia,1.39,1.19,2026-03-17 07:57:51
354,2506d6be-7b86-4152-a335-07f82691821e,ZANUY Natxos salats,1.59,1.39,2026-03-17 07:57:51
355,81ba9590-3b17-4e24-b4cc-d40197e253c8,GREFUSA Pipes G amb sal,1.39,1.6,2026-03-17 07:57:54
356,be9d8c8a-d751-4f9f-a17d-d4dff00ffb00,SNATT'S Bastonets de pa amb tomàquet i orenga,1.39,1.49,2026-03-17 07:57:54
357,b1652aa1-9fcc-4dba-81f8-0043fe3a9300,CRICH Crackers de sèsam i romaní ecològics,2.95,3.25,2026-03-17 07:57:56
358,7e47874b-f7d3-4532-b55c-908ad96a2820,4 HECTÁREAS Gingebre deshidratat ecològic,3.59,3.99,2026-03-17 07:57:57
359,077c11b3-1013-4234-9f54-3eaf8737a342,BORGES Nous crues,3.99,4.69,2026-03-17 07:57:57
360,578a4c05-b707-4842-bffd-90443e9e51b7,ZANUY Natxos de formatge,1.45,1.65,2026-03-17 07:57:57
361,cfbc823f-19b8-4e18-8fb3-f62b4811291d,PUIGDELLÍVOL Ametlles sense pell deshidratades Km0,2.59,2.95,2026-03-17 07:57:58
362,abc7e0b9-4bc1-4330-93cf-a169fb6e4417,ALEMANY Mel de flors,6.99,6.29,2026-03-17 07:57:59
363,ff77c29f-ec04-4a2c-809b-87d69439a1d2,ALEMANY Mel i llimona,7.55,6.99,2026-03-17 07:57:59
364,ec9d9271-0dd9-406b-bb1e-7e0b5dd90351,AZUCARERA Xarop d'Atzavara ecològic,2.99,3.35,2026-03-17 07:57:59
365,ffdfb67c-de82-4da1-8578-ada1ce76cc09,RIO Edulcorant estèvia,3.05,2.59,2026-03-17 07:57:59
366,fca31674-e084-495c-b3e1-d1ab672fac1b,RIO Edulcorant estèvia 200 comprimits,1.85,1.59,2026-03-17 07:57:59
367,e2c5bd8e-cca4-47df-b0b9-2bd20bc7831d,ALEMANY Mel amb gingebre,3.99,4.35,2026-03-17 07:58:00
368,cbb77b3a-8f87-4ea7-ab6b-8562580d638d,NESCAFÉ Cafè soluble descafeïnat,3.55,2.99,2026-03-17 07:58:01
369,fbb9d456-abf1-4150-b5a6-8d803df35563,NESCAFÉ Cafè soluble natural,3.55,2.99,2026-03-17 07:58:01
370,fcd8321c-803b-4470-96d6-7d2ad8a21eba,SAIMAZA Càpsules de cafè Extra Fort,4.89,4.59,2026-03-17 07:58:02
371,c4f8f57c-b569-4040-8352-c4eaa38f77bc,SAIMAZA Càpsules de cafè Fort,4.89,4.59,2026-03-17 07:58:02
372,51dea466-a0d8-477a-b49c-fc5c0e4ed4ec,INTERMÓN Cafè molt natural,4.15,4.59,2026-03-17 07:58:03
373,39a20660-a762-4a13-bcd1-7b5161ce7440,NESCAFÉ Cafè soluble natural,8.49,8.5,2026-03-17 07:58:03
374,3b5f6e52-3504-4bc7-a553-aee838b2825b,NESCAFÉ Cafè soluble descafeïnat,4.95,5.4,2026-03-17 07:58:05
375,33792ae2-7abe-4b00-b84d-c06cab261c7b,NESCAFÉ Cafè soluble natural,4.95,5.4,2026-03-17 07:58:05
376,48b08bf9-b072-4f87-b317-737e6da843c4,MARCILLA Cafè en gra Brasil & Colombia,11.95,11.99,2026-03-17 07:58:06
377,494c2fe0-bc7b-4d0f-952b-32411c60d1e3,POMPADOUR Infusió amb melatonina i pasiflora,2.69,3.15,2026-03-17 07:58:06
378,89d20131-b053-41d4-a0f1-4ab49d5c46f8,POMPADOUR Infusió amb probiòtics i camamilla,2.69,3.15,2026-03-17 07:58:07
379,3d9e24e6-4b46-4a8f-b798-fb316e8af3db,POMPADOUR Infusió amb probiòtics i gingebre,2.69,3.15,2026-03-17 07:58:08
380,5c3fea08-243d-4f24-9bfd-4abdfb8f9427,POMPADOUR Infusió magnesi i vitaminca C,2.69,3.15,2026-03-17 07:58:08
381,fc568af8-69fd-4440-89d7-1a860e316a8b,POMPADOUR Infusió amb cafeïna i taurina,2.69,3.15,2026-03-17 07:58:09
382,ae3ef532-f9e1-4774-b402-5ca96ff1658e,POMPADOUR Infusió pròpolis i equinàcia,2.69,3.15,2026-03-17 07:58:09
383,5fd2f663-d0f7-4bc5-b2ab-e9cab9ed8348,PIM'S Galetes amb xocolata i melmelada de gerds,2.99,2.29,2026-03-17 07:58:11
384,069e4032-7174-45db-abd1-2445fade1673,PIM'S Galetes amb xocolata i melmelada de taronja,2.99,2.29,2026-03-17 07:58:11
385,deac7a81-b6d4-4fc5-8ed1-e749190c7265,PAGESA Galetes integrals,3.25,2.95,2026-03-17 07:58:12
386,cc98a1ad-2394-43a8-8f61-55d3a99b9852,PAGESA Mantovanes integrals,3.25,2.95,2026-03-17 07:58:13
387,441f6e1f-2cf8-4db9-acc9-d6f30fb84fa7,PRINCIPE Galetes farcides de crema de xocolata,2.29,2.49,2026-03-17 07:58:13
388,5129cca0-cadc-4387-b924-ca58d1f1051e,BONPREU Flocs de blat d'espelta ecològic,1.65,1.85,2026-03-17 07:58:14
389,c474c07e-58e3-41be-b555-51321107cee2,BIRBA Galetes amb soja sense gluten Núria,4.65,5.25,2026-03-17 07:58:17
390,d174475a-4498-4a89-82b1-c71121e66a2c,BIRBA Galetes de xocolata 0% sucres Núria,4.25,4.85,2026-03-17 07:58:17
391,ecbbbd2a-61e9-4644-b77f-b61bcbdb16b3,BIRBA Galetes de xocolata sense gluten Núria,1.85,2.1,2026-03-17 07:58:17
392,a78c7dbe-28be-4bde-996c-61ecc893cab3,OREO Galetes de cacau farcides de crema,3.45,3.65,2026-03-17 07:58:19
393,aeebf655-864d-43cc-8fc7-33b2369ca385,ALTERNATIVA3 Cacau Instant ecològic,3.59,3.25,2026-03-17 07:58:21
394,35e4e69c-fa7b-4327-8dac-696211460536,COLACAO Cacau soluble en pols,4.99,4.49,2026-03-17 07:58:21
395,2bbb0121-f847-4e13-b7b8-44b97ef7ddb6,DEKORA Piruleta figura animal de xocolata,1.99,1.45,2026-03-17 07:58:21
396,a533e4c2-50ca-4d34-86a5-adebef9990b1,KINDER SCHOKOBONS Ou de xocolata amb llet,4.49,3.99,2026-03-17 07:58:21
397,5d727241-a164-4375-b57b-e7f16e9333bc,NOCILLA Barretes de xocolata Original,2.99,1.99,2026-03-17 07:58:21
398,e50d1988-52e8-4380-8d9f-b1f9dea65b5a,NOCILLA Crema de cacau amb avellanes,6.49,4.99,2026-03-17 07:58:21
399,2d8684ef-a15e-4ae0-a3dc-aa29dd82bbf4,NOCILLA Crema de cacau i crema de llet,6.49,4.99,2026-03-17 07:58:21
400,e1b577ca-1adc-4d14-84b7-300956ac338e,VALOR Xocolata negra pura,5.25,4.6,2026-03-17 07:58:21
401,4af559b6-ce87-4a28-9cf1-d994e7d248c8,NOCILLA Barreta de cookies i crema,2.99,1.99,2026-03-17 07:58:22
402,c556f8b7-83af-40b8-bf86-3669adddf5da,TORRAS Xocolata per a fondue 70% Km0,4.59,4.15,2026-03-17 07:58:22
403,f0cc4cc3-96c6-48a4-ba10-44564ba80994,COLACAO Cacau soluble en pols,15.49,16.99,2026-03-17 07:58:24
404,a28d6cd1-62df-46c3-a579-598fb098c705,JUST LOADING Crema d'ametlla,4.15,4.85,2026-03-17 07:58:24
405,474f9141-fd32-401b-8eea-dbb35d1eaf37,"JUST LOADING Crema de cacau, dàtil i avellanes",4.25,4.99,2026-03-17 07:58:24
406,b279d32e-67ba-4d86-aece-476db48ffa33,JUST LOADING Crema de festucs i cacauets,5.89,6.95,2026-03-17 07:58:25
407,92a96a72-b62b-451c-b109-7647fa6ad441,NESQUIK Cacau soluble instantani,11.55,13.45,2026-03-17 07:58:25
408,d03c470c-570e-48f6-9cc1-79cf0fdfa9fa,"TOBLERONE Xocolata amb llet suïssa amb ""nougat""",3.45,3.75,2026-03-17 07:58:25
409,51fd6767-81ae-48b2-8aa2-73237b0716b8,EOS Crema d'avellanes,4.99,5.85,2026-03-17 07:58:26
410,97cd66b1-c721-4181-9ed4-2f0afa85d97c,KETTERER Pa de motlle de proteïnes,3.59,2.99,2026-03-17 07:58:33
411,b98f6ca8-9649-4c68-b235-0d0677d499f9,AIROS Biscotes integrals sense gluten,4.39,3.95,2026-03-17 07:58:34
412,9f1b2ced-f34e-4f9f-bed0-4556dcaddd9f,BIMBO Panets llargs Hot Dog,1.59,1.35,2026-03-17 07:58:34
413,59a4228e-0ae1-4adc-9a5e-8fffd491ee85,CAL ENRIC Ametllat Km0,3.45,3.09,2026-03-17 07:58:34
414,8980a116-d91a-4efe-a3c3-bb1b87f2f2e0,CAL ENRIC Carquinyolis d'avellana Km0,3.35,2.99,2026-03-17 07:58:34
415,08cb7592-eb47-4bd8-9be6-98bddf4c3cb0,CAL ENRIC Llaços Km0,2.39,2.15,2026-03-17 07:58:34
416,96b92d5a-8e48-461f-87c3-b596d3db1439,CAL ENRIC Pets de monja Km0,2.29,1.99,2026-03-17 07:58:34
417,dd1ccd7b-b822-4cd2-9bf9-53ae7dba0cc7,Cubanitos amb xocolata,3.25,2.95,2026-03-17 07:58:34
418,b653f378-813c-47d0-8d5a-aadee9e1c7f2,ECOCESTA Coquetes d'arròs i fajol ecològiques,1.99,1.79,2026-03-17 07:58:34
419,9a36b702-9a6a-4ca8-a687-ea4120e7bc1f,LA RÚSTICA Bracets de sucre,1.75,1.49,2026-03-17 07:58:34
420,dd90e119-e577-466d-a945-ae6097a8aaed,LA RÚSTICA Bracets de xocolata,1.75,1.49,2026-03-17 07:58:34
421,748a7c5a-e8c9-48ed-8984-9ebdf2bc5bb0,MANDUL Pa de pessic amb cacau marbre,2.95,2.49,2026-03-17 07:58:34
422,6d7cb168-aefb-4eb5-8db3-f51b86d9d646,MANDUL Pa de pessic natural,2.95,2.49,2026-03-17 07:58:34
423,25deca15-1d0f-43ed-9209-01402d0e892e,Ulleres mini de mantega,3.25,2.95,2026-03-17 07:58:34
424,9811167f-527e-44d0-be38-a360e0f50f8d,SNATT'S Bastonets de pa amb pipes,1.12,1.19,2026-03-17 07:58:35
425,da3b5dbc-27ee-40f2-bc43-cc4f9ace5200,BIMBO Bagels New York Bakery Clàssic,2.19,2.49,2026-03-17 07:58:36
426,9c5f8eff-e96d-4b69-86bc-d885360d0189,BIMBO Bagels New York Bakery Llavors,2.19,2.69,2026-03-17 07:58:36
427,07775fe2-a1eb-4096-8608-37961aa2a6d4,BONPREU Bastonets de pa amb oli d'oliva sense gluten,1.33,1.42,2026-03-17 07:58:36
428,8022ff4f-83e5-4bcf-9203-466ac5f64859,DONUTS Berlines de xocolata,2.55,2.99,2026-03-17 07:58:36
429,de6069e0-3403-4bb4-a48d-19066a6a5d90,DONUTS Berlines glacé,2.49,2.89,2026-03-17 07:58:36
430,ab84007d-af8a-48ef-b404-9fa9bc428928,SNATT'S Bastonets de pa amb formatge,1.12,1.19,2026-03-17 07:58:36
431,d6afbb87-a320-4667-941b-7eacffae7cf3,SNATT'S Bastonets de pa amb olives i sèsam,1.12,1.19,2026-03-17 07:58:36
432,583c8d77-c0d5-4ab1-a521-bfaf5978e66a,SNATT'S Bastonets de pa minis amb pipes,2.59,2.75,2026-03-17 07:58:36
433,01ae6529-f495-4870-9df0-d32ac0cc22db,STAR Pa de pita,1.69,1.99,2026-03-17 07:58:36
434,fb03626e-f6db-4a1e-902f-bd8253bff7d3,QUELY Picada per arrebossar,1.09,1.29,2026-03-17 07:58:37
435,77120e53-0d2d-452d-bf08-749e6d27bcdf,BIMBO Pa de motlle New York Bakery Cruapán,2.99,3.49,2026-03-17 07:58:40
436,432dffac-8e9d-40de-9aea-de77463cd863,DONUTS Berlines Simpsons,1.99,2.39,2026-03-17 07:58:40
437,18c9b6e4-4826-4612-8d83-86d7f54b325b,QUELY Picada per arrebossar amb all i julivert,1.09,1.29,2026-03-17 07:58:40
438,430cd6e7-1226-4280-983c-e020152994df,MELENDRES Coca de vidre,2.99,3.25,2026-03-17 07:58:41
439,e9a813cf-f42c-420c-b0dd-dacca58f16b0,MANDUL Rondo de iogurt,2.29,2.59,2026-03-17 07:58:42
440,a22858e0-a7cb-4bb6-8747-05f0872b566c,AIROS Ulleres sense gluten,3.85,4.25,2026-03-17 07:58:43
441,6a097725-c857-4b45-8a2a-29539edcd7b4,DONUTS Berlines American,1.99,2.39,2026-03-17 07:58:43
442,5bae4c02-c410-4614-bf89-92135b10cc01,FAMILY Magdalenes,2.25,2.49,2026-03-17 07:58:43
443,377a491b-d807-4fab-bab4-8fc86db596a2,MUSFI'S Milfulles,3.25,3.59,2026-03-17 07:58:43
444,712f0847-d373-46db-b1d2-ed0aa51b50ec,BONPREU Quinoa blanca,2.69,2.45,2026-03-17 07:58:45
445,35aabd54-da24-49f9-9f67-86a4cf79126e,DE CECCO Espirals Nº34,1.99,2.39,2026-03-17 07:58:45
446,48b5d67b-7d4b-4a9a-8173-f000d65b419d,DE CECCO Macarrons Nº41,1.99,2.39,2026-03-17 07:58:45
447,195d57fc-6a55-485c-8819-2a4854ca5723,DE CECCO Pasta Linguine Nº7,1.99,2.39,2026-03-17 07:58:45
448,abe86180-4f07-40f7-8f5c-ee864408de43,DE CECCO Pasta Rigatoni Nº24,1.99,2.39,2026-03-17 07:58:45
449,6e84671a-83eb-4636-bd31-fa4a11c51bd0,DE CECCO Pasta espaguetis Nº11,1.99,2.39,2026-03-17 07:58:45
450,c59f1762-af71-4fa9-afee-33ca3147bb03,NOMEN Arròs bomba selecció,5.95,5.35,2026-03-17 07:58:45
451,e2ed3a6b-1c09-4d66-8fc6-6be82e493254,NOMEN Arròs llarg,1.55,1.29,2026-03-17 07:58:45
452,40de764a-53d4-4c49-a920-ca51e247593a,RANA Espaguetis amb ou,2.49,1.99,2026-03-17 07:58:45
453,cf11ae27-eb0f-4dbd-ae32-606d375905ff,RANA Raviolis  de ricotta i espinacs,3.99,3.95,2026-03-17 07:58:45
454,82b2738a-dfb1-40b8-bb3b-bdabb3ba2a8b,RANA Raviolis farcits de bolets,3.99,3.95,2026-03-17 07:58:45
455,7ae94176-acaf-4b57-9edf-7263b3a94e10,RANA Raviolis farcits de crema carbassa i ceba,3.99,3.95,2026-03-17 07:58:45
456,8adce847-e57c-4d37-9765-0fd43a3373bb,RANA Tallarines Tagliatelle amb ou,2.49,1.99,2026-03-17 07:58:45
457,453ce810-1b12-46fe-af66-6f7905c13045,RANA Tallarines fresques amb ou i espinacs,2.49,1.99,2026-03-17 07:58:45
458,6725ae24-7019-4289-95a3-25af49ebef32,DE CECCO Espaguetis integrals nº12,2.19,2.59,2026-03-17 07:58:46
459,0a0cce7f-aedb-4b3d-a0cb-32c576be7dba,DE CECCO Gnocchi patata sense gluten,3.75,2.99,2026-03-17 07:58:46
460,5e6ba776-67ca-47ea-b75f-3fc9bccbbe18,DE CECCO Macarrons integrals,2.19,2.59,2026-03-17 07:58:46
461,d561906e-8ea4-43cf-b7d3-5739eb925bf7,DE CECCO Pasta Mafalda sense gluten,3.45,2.95,2026-03-17 07:58:46
462,a47c1bc2-9908-43c7-84e2-e9abbb4f61e8,SAN MARTI Pasta de fideus rosca nº1 Km0,1.99,1.75,2026-03-17 07:58:46
463,42a0e240-bcaa-411e-846f-6d84b334bac5,SAN MARTI Pasta espaguetis Km0,1.99,1.75,2026-03-17 07:58:46
464,f348b1d6-affa-4d5f-b6ea-2583eccb9bca,LUENGO Cigrons cuits Disney,1.0,1.49,2026-03-17 07:58:53
465,1cf078e3-7f74-4784-93f6-4d1e38d3aad5,LUENGO Llenties cuites Disney,1.0,1.49,2026-03-17 07:58:53
466,d50792a4-9526-4ca2-a0fa-5e39224a3353,ROYAL Tapioca,2.5,2.65,2026-03-17 07:58:53
467,3eb568fb-ecc4-4f87-9027-43ee39da637e,ESPINALER Lot de vermut,8.59,7.99,2026-03-17 07:58:56
468,e9c01517-06bc-48a7-b7b1-d514ff35d68e,TREVIJANO Risotto mediterrani,3.45,2.99,2026-03-17 07:58:57
469,58ee09e7-b531-4f2d-a4f7-72c87d62a69d,ZALLO Filets d'anxova Cantàbric en oli de girasol,6.99,5.99,2026-03-17 07:58:57
470,fb5c7db3-577c-4d29-81ae-9425c90570e1,BONPREU Musclos en escabetx,2.49,2.69,2026-03-17 07:58:59
471,0738c019-b499-4b77-81a0-4e4a0ebe86db,BONPREU Musclos en escabetx 13/18,1.79,2.15,2026-03-17 07:58:59
472,8ba07e1c-f508-47d9-8f54-6d6b8d0b2afa,CALVO Tonyina clara en oli d'oliva verge extra,5.99,6.25,2026-03-17 07:58:59
473,49174f3f-6886-49a4-9d54-6568bf5c38d4,CUCA Sardines en oli d'oliva extra ecològic,2.99,3.19,2026-03-17 07:58:59
474,6aa248d0-c6cf-4ba2-9955-65268613fc9d,BONPREU Musclos al natural,1.69,1.99,2026-03-17 07:59:01
475,1fc26f94-416f-428d-b141-cc9b6033ae9d,BONPREU Musclos picants 13/18,1.59,1.99,2026-03-17 07:59:01
476,1893f1a3-7280-4a13-8739-f9578302882b,CUCA Sardines en oli,2.99,3.29,2026-03-17 07:59:01
477,997e57b3-04e0-4946-aa3b-12d9a088b6e3,ESPINALER Escopinyes al natural 65/85,4.69,4.99,2026-03-17 07:59:01
478,ced6f82b-54fc-491c-ba51-c6308fac2e6c,ALBO Tonyina clara en oli d'oliva,8.25,9.7,2026-03-17 07:59:02
479,cc330374-4e05-4066-847c-d12791d82922,BONPREU Musclos en escabetx,2.95,2.89,2026-03-17 07:59:04
480,f9730bce-38f4-4d94-800e-4f466997b491,CUCA Sardines amb escabetx,2.99,3.19,2026-03-17 07:59:04
481,e71ea4a2-be6a-439e-b426-e676cbae361a,ANETO Fumet de marisc i peix de roca,6.9,4.95,2026-03-17 07:59:11
482,1fd4e67c-c4f0-45cc-8f18-55e089a40215,GARCIA MILLAN Salmorejo fresc,3.85,3.39,2026-03-17 07:59:11
483,4b920d5f-32fc-4134-bb96-54130c7950d6,ANETO Brou d'escudella,4.3,4.49,2026-03-17 07:59:12
484,bf0fc82e-0f01-4b5f-bb06-1c711213f575,BONPREU Brou de peix per a paella,1.79,1.99,2026-03-17 07:59:13
485,9fd9f5bc-daa8-4993-b66a-28e3d76a803c,CHOVI Allioli,1.95,1.59,2026-03-17 07:59:15
486,e150b635-04c4-43e7-8aae-54b7725716c6,CHOVI Salsa guacamole suau,2.3,1.89,2026-03-17 07:59:15
487,0345476c-592d-48d6-9a72-501bc80fe86d,DE CECCO Salsa Arrabbiata,1.99,1.69,2026-03-17 07:59:15
488,1a4f2cb9-2e54-4f56-bdc2-1b8447e60808,FERRER Quètxup Premium,2.59,1.99,2026-03-17 07:59:15
489,9518790d-f59c-4939-930d-b12f4154461b,MAGGI Salsa Teriyaki,2.39,1.99,2026-03-17 07:59:15
490,313845b5-03d0-404a-8969-691f3b685ce2,MAGGI Salsa Tikka Masala,2.39,1.99,2026-03-17 07:59:15
491,e23f0117-6f49-4385-a331-3bbe932cb568,SOLÍS Tomàquet fregit amb oli d'oliva,2.45,2.25,2026-03-17 07:59:15
492,3b1e4dd5-5c0c-4809-a52e-e9931425f1b7,ZANUY Wrap rustic integral,1.45,1.65,2026-03-17 07:59:22
493,e933f966-0d7b-4bd8-a21f-7bd6ed603412,MAHESO Mussaka,2.99,3.49,2026-03-17 07:59:24
494,0824a38c-2464-4e8c-b7fb-46615491068f,BORGES Ametlles moltes,4.25,3.85,2026-03-17 07:59:26
495,93e1362a-be9b-4e88-87a1-4fca50f3a3e4,ROYAL Gasificant en pols,2.25,2.39,2026-03-17 07:59:26
496,35772480-f3bd-43ed-9d09-bb31fcfad221,ROYAL Llevat per elaborar pa,2.25,2.3,2026-03-17 07:59:26
497,55fe8630-6deb-419d-ade3-ef68a8f4369a,ROYAL Preparat per pastís fresc de llimona,1.79,1.89,2026-03-17 07:59:26
498,78a5c767-7398-4fe8-8dd3-6ecfb09fc2e3,FIZZY Piruleta de pasqua Mallow,1.49,1.29,2026-03-17 07:59:32
499,4a2cfcf7-b3c3-41d8-b559-86f7b0d15af7,TRIDENT Xiclets d'herba bona,1.25,1.0,2026-03-17 07:59:32
500,d2cd052e-485e-495b-9047-479188872656,TRIDENT Xiclets de maduixa i llima sense sucre,1.25,1.0,2026-03-17 07:59:32
501,ddbfcdfc-320b-40a3-a2ed-a9872093b83a,TRIDENT Xiclets de síndria sense sucre,1.25,1.0,2026-03-17 07:59:32
502,2988f081-36ef-46d2-82a6-a53a6212929e,MENTOS Caramels masticables amb gust de fruites,1.14,1.0,2026-03-17 07:59:33
503,2c8c86da-a474-43d7-b733-a1b56bbbed4a,TRIDENT Xiclets d'herba bona sense sucre,1.25,1.0,2026-03-17 07:59:33
504,56b76377-7531-46b5-8cc0-9e0b28b3e69c,TRIDENT Xiclets de menta sense sucre,1.25,1.0,2026-03-17 07:59:33
505,33ba010e-b7a3-43b5-8ff1-4b72ebed8361,"FONT VELLA Aigua amb gust de llimona 6x1,15 L",8.06,10.74,2026-03-17 07:59:41
506,28df95d4-0f41-4d79-ab61-f83c42984e16,SAN PELLEGRINO Aigua amb gas amb gust de llimona 6x33cl,5.7,3.71,2026-03-17 07:59:41
507,de37bf1a-2935-4416-9df1-58e1d5bf279d,SAN PELLEGRINO Aigua amb gas amb gust de taronja 6x33cl,5.7,3.71,2026-03-17 07:59:41
508,05e559a4-d7c6-480b-aff8-d778982a5b8b,VICHY Aigua amb gas amb suc de llimona 6x50 cl,6.53,8.7,2026-03-17 07:59:42
509,1dc97950-93f9-4258-9cfc-1d6fced0cbb6,"LA CASERA Gasosa  12x0,5L en ampolla",7.74,10.32,2026-03-17 07:59:43
510,d8210034-a890-4e38-83f1-6fff2f311c8a,VICHY Aigua amb gas amb suc de taronja 6x50 cl,6.53,8.7,2026-03-17 07:59:43
511,e9b00a74-f087-4d7b-9637-32edf0a5e347,COCA-COLA Refresc de cola Zero sucre Zero cafeïna en ampolla,4.1,3.8,2026-03-17 07:59:44
512,9978f947-739e-4edf-af5d-c75d31ebd8e1,COCA-COLA Refresc de cola Zero sucre Zero cafeïna en ampolla,1.55,1.39,2026-03-17 07:59:44
513,483916cf-d1e9-45d3-bb66-7963b696fbd1,COCA-COLA Refresc de cola sabor original en ampolla,1.78,1.62,2026-03-17 07:59:44
514,dc0c97d7-a550-457f-bafd-4f38be2ed32d,COCA-COLA Refresc de cola sense cafeïna en llauna,1.01,0.85,2026-03-17 07:59:44
515,533204ce-80a8-491e-9570-9c7177a53499,COCA-COLA Refresc de cola zero sucre en ampolla,4.1,3.8,2026-03-17 07:59:44
516,392734c1-2998-407f-8a54-9bcd19e029fc,MONSTER Beguda energètica Energy Ultra White en llauna,1.79,1.45,2026-03-17 07:59:44
517,f6b27c31-8374-4dae-b8ed-3d696c321ce8,NORDIC MIST Refresc tònica Zero sucre en llauna,0.67,0.57,2026-03-17 07:59:44
518,5ebebdf3-5cac-4008-9ed8-35a72dfe9ced,NORDIC MIST Refresc tònica en llauna,0.71,0.61,2026-03-17 07:59:44
519,6cf3e24b-e369-4092-a380-47f6f79368aa,PEPSI MAX Refresc de llima Zero sense sucre en llauna,0.79,0.59,2026-03-17 07:59:44
520,ba642ff1-7f85-4dac-a7e0-239be0b9b1d7,PEPSI Refresc de cola Zero sense sucre en llauna,0.79,0.59,2026-03-17 07:59:44
521,67fcc5ce-d082-47bd-a122-10ebb7f3c617,PEPSI Refresc de cola en llauna,0.79,0.59,2026-03-17 07:59:44
522,4bd4e201-0e89-44a4-ab9e-dd57b1b9967d,SEVEN UP Refresc de llima i llimona zero sucre en ampolla,1.69,1.29,2026-03-17 07:59:44
523,2228a19d-3cd0-427c-b7b0-3987a769db6b,SPRITE Beguda refrescant de llima-llimona zero sucre en llauna,0.65,0.55,2026-03-17 07:59:44
524,438a6281-1b8d-4523-9464-e85e1d5979b7,SPRITE Refresc de llima i llimona en llauna,0.65,0.55,2026-03-17 07:59:44
525,05420d34-43f1-4356-9a72-1a4a11aa9794,AQUARIUS Refresc llimona en llauna,0.89,0.99,2026-03-17 07:59:45
526,233075e3-0b53-47dd-9136-21a063bd0d1d,CHUFI Orxata de xufa,1.89,1.69,2026-03-17 07:59:45
527,5ddd52b9-8ca9-4203-9333-11d52bd07327,COCA-COLA Refresc de cola Zero en llauna,1.45,1.15,2026-03-17 07:59:45
528,b416fef2-856e-4ed8-830f-93fa31e6b5ac,COCA-COLA Refresc de cola en llauna,1.55,1.25,2026-03-17 07:59:45
529,d6f39d27-4130-4335-9f1c-0775b348717c,"CRODINO Aperitiu alcohol 0,0%",5.6,4.99,2026-03-17 07:59:45
530,8c913e04-272d-4988-aaa9-207824658d7e,FANTA Refresc de taronja en llauna,0.75,0.8,2026-03-17 07:59:45
531,a7ba888a-7a84-4787-975e-88a7feb27573,LIMON & NADA Refresc de llimona sense gas en ampolla,1.94,1.69,2026-03-17 07:59:45
532,4c8c621c-91d0-41d2-ae28-c7e7b5560b7d,MONSTER Beguda energètica Energy Juiced Bad Apple en llauna,1.89,1.55,2026-03-17 07:59:45
533,6f6791bd-5afd-438c-abf8-20c138c0b229,MONSTER Beguda energètica Energy Juiced mango loco en llauna,1.89,1.55,2026-03-17 07:59:45
534,6ef0f13f-bed4-4cc4-a08a-2b32e842e539,MONSTER Beguda energètica Energy Rio Punch en llauna,1.86,1.52,2026-03-17 07:59:45
535,a5d6932e-148c-457f-a032-41770eb09c0c,MONSTER Beguda energètica Energy Ultra Festa mango en llauna,1.79,1.45,2026-03-17 07:59:45
536,1d1fafb5-9ce1-4983-94c6-d4cebf3a3ed3,MONSTER Beguda energètica Energy Ultra Paradise en llauna,1.79,1.45,2026-03-17 07:59:45
537,d1119aaa-bf40-473e-a3b7-547ce0076e5c,MONSTER Beguda energètica Energy Ultra Strawberry Dreams en llauna,1.79,1.45,2026-03-17 07:59:45
538,47f49d97-8858-4d34-86db-82c6513018a8,MONSTER Beguda energètica Energy zero en llauna,1.79,1.45,2026-03-17 07:59:45
539,7b103922-817a-45e8-a3f1-ede8021bf989,MONSTER Beguda energètica en llauna,1.89,1.55,2026-03-17 07:59:45
540,6bb71c13-b3ea-48e9-89e0-1482eee615d6,MONSTER Beguda energètica zero sucre Energy,1.79,1.45,2026-03-17 07:59:45
541,0c39f16a-3280-4830-8a3f-4320a88f16c1,NESTEA Refresc de te amb llimona sense sucre 6x33 cl en llauna,5.94,4.46,2026-03-17 07:59:45
542,d94d48ad-ef35-49e2-8d4e-0430a4612e5a,NORDIC MIST Refresc tònica Zero 24 x 250 ml en llauna,16.08,13.68,2026-03-17 07:59:45
543,0aa5b789-04d2-4d31-b749-f36381201367,PEPSI MAX Refresc de cola Zero sense sucre 24 x 33 cl en llauna,18.96,14.16,2026-03-17 07:59:45
544,645a5358-7fc6-4196-959a-777da0adb76c,RED BULL Refresc energètic en llauna,5.79,4.99,2026-03-17 07:59:45
545,ad332884-1e5d-4dab-af4f-a8395eadf9ef,SCHWEPPES LLIM. Refresc de llimona 24x33 cl en llauna,23.28,15.13,2026-03-17 07:59:45
546,c8ee9716-964a-47a2-ae6d-0141d9562489,"SEAGRAM'S Beguda amb gust a ginebra alcohol 0,0%",17.49,16.49,2026-03-17 07:59:45
547,25787fbf-0c4b-4efc-99ac-4d2a8db1728b,"TANQUERAY Beguda amb gust a ginebra alcohol 0,0%",14.65,13.95,2026-03-17 07:59:45
548,4b4a359e-a630-499f-b26a-bb8faa252e6d,AQUARIUS Refresc de taronja en llauna,0.89,0.99,2026-03-17 07:59:46
549,df358203-5515-4355-a088-d05041d53a66,FANTA Refresc de llimona amb gas en llauna,0.75,0.8,2026-03-17 07:59:46
550,6ee50655-5d2a-4f6d-b209-7160f4a913c6,COCA-COLA Refresc de cola sabor original en llauna,20.64,23.04,2026-03-17 07:59:47
551,e6415f00-6ecf-4e92-bec0-3e950c5d79f8,BURN Beguda energètica en llauna,1.1,1.35,2026-03-17 07:59:48
552,c097586f-d112-47da-8951-62b770ae4f41,AQUARIUS ORIG Refresc sabor llimona zero sucre 24x33 cl en llauna,17.82,23.76,2026-03-17 07:59:50
553,026d3a5b-c390-4496-84da-586ea5fcbbd7,AQUARIUS Refresc sabor llimona 24 x 33 cl en llauna,21.36,23.76,2026-03-17 07:59:50
554,e8e1860b-caab-45f3-9238-c20de0928dac,AQUARIUS TARON. Refresc de taronja 24 x 33 cl en llauna,21.36,23.76,2026-03-17 07:59:50
555,9f83cacc-f8f6-4b46-b4ce-37c03a536d41,CINZANO Aperitiu amb alcohol,4.99,5.49,2026-03-17 07:59:50
556,ef929718-f989-4b76-a522-c93dfa831c46,FANTA LLIM. ZER Refresc de llimona zero sucre 24x33 cl en llauna,14.4,19.2,2026-03-17 07:59:50
557,6b6094f4-f784-422a-8243-ba401515b9e0,FANTA LLIMONA Refresc de llimona 24x33 cl en llauna,18.0,19.2,2026-03-17 07:59:50
558,54c31505-ebfe-44fb-8671-0ab5e81df642,FANTA Refresc de taronja 24 x 33 cl en llauna,18.0,19.2,2026-03-17 07:59:50
559,8a0e07ef-7b16-4a0a-9dd6-881bbf25c671,FANTA Refresc de taronja zero sucre 24x33cl en llauna,14.4,19.2,2026-03-17 07:59:50
560,e812426c-0598-48ed-8e56-a29b37e4116d,GRANINI Suc de taronja 100% Premium amb polpa,3.15,2.99,2026-03-17 07:59:51
561,b7e39098-eca6-4821-afbb-b0f529a8a2c5,MOOMA Suc de poma gala Km0 en ampolla,3.59,2.99,2026-03-17 07:59:51
562,c7cce715-4a04-4ee4-8eea-96d305c6fd0c,SCHWEPPES Refresc tònica 24 x 33 cl en llauna,16.56,22.08,2026-03-17 07:59:51
563,080c142d-dc22-47b2-b488-7aa66f2ca63d,GRANINI Suc de pinya 100% en ampolla,3.15,2.99,2026-03-17 07:59:52
564,4063fdc7-8a2a-44c0-bd48-5fe23046393d,GRANINI Suc de poma 100% en ampolla,3.15,2.99,2026-03-17 07:59:52
565,99fb5284-ad8a-4a99-9ac1-05e3d63cc3f8,GRANINI Suc de préssec i raïm 100% en ampolla,3.15,2.99,2026-03-17 07:59:52
566,42489fc4-cbf1-4949-9085-72262bf60ec5,GRANINI Suc de tomàquet 100% en ampolla,3.15,2.99,2026-03-17 07:59:52
567,cc5fd0ac-8627-40ba-90eb-c7b71edd2320,MOOMA Suc de poma gala Km0,7.89,8.99,2026-03-17 07:59:53
568,d6533db1-b5ce-49dc-a23d-42d326aa1b44,"DON SIMON Suc de pinya, poma i raïm en cartró",1.75,1.69,2026-03-17 07:59:54
569,e4fd4069-410e-49b7-bc52-cac7420fd375,DON SIMON Suc de taronja,1.75,1.69,2026-03-17 07:59:54
570,e46863c5-df11-49c9-8a99-cf6a9e8d1dd0,INNOCENT Smoothie super antioxidant verd,2.99,3.99,2026-03-17 07:59:55
571,bf7f7ed2-2f65-4403-8b14-18f33a72999e,MOOMA Suc de mandarina Km0 en ampolla,3.99,4.65,2026-03-17 07:59:55
572,57f6423e-6bc0-4e8c-aa2b-a04cdeff751b,1906 Cervesa reserva especial 6x20 cl ampolla,4.99,4.39,2026-03-17 07:59:56
573,96b68093-d870-4f44-86ca-92e535adcb7d,AMBAR Cervesa 9 x 33 cl en llauna,7.95,5.99,2026-03-17 07:59:56
574,bc2b6732-272e-4c34-91a0-3388f55c6e77,DAMM INEDIT Cervesa Inedit 6x33 cl en ampolles,10.08,7.56,2026-03-17 07:59:56
575,e8297220-c98a-456d-a032-7b3b65fb1460,DAMM LEMON Cervesa amb llimona 6 x 250 ml en ampolla,4.08,3.38,2026-03-17 07:59:56
576,c92bfcae-24fe-4154-badf-14bd37ac9eba,DAURA Cervesa apta per celíacs en llauna,0.91,0.75,2026-03-17 07:59:56
577,c22f475e-bf4a-4eaf-b852-487139db0b9c,EINSIEDLER Cervesa Hell,1.89,1.59,2026-03-17 07:59:56
578,83c8877a-894a-4426-a5c1-2394ea13a6fe,ESTRELLA DAMM Cervesa especial 24 x 33 cl en llauna,20.39,16.39,2026-03-17 07:59:56
579,e7d8355e-b9f8-49c9-b794-2741bebf2802,ESTRELLA DAMM Cervesa especial 6x20 cl ampolla,3.69,2.99,2026-03-17 07:59:56
580,87161a57-4bc6-4cc3-8321-1d4a94a3c4a0,ESTRELLA GALICIA Cervesa especial 12 x 25cl en ampolla,8.16,7.29,2026-03-17 07:59:56
581,52003a24-379a-4260-aeef-fd3d7498579f,ESTRELLA GALICIA Cervesa especial 6 x 20 cl en ampolla,3.84,3.39,2026-03-17 07:59:56
582,81cc84e7-e146-4da8-a184-dc7f60986f6a,"ESTRELLA GALICIA Cervesa torrada 0,0 en llauna",0.88,0.75,2026-03-17 07:59:56
583,2c17dc09-1976-464a-8570-8531f79cb2da,"MAHOU Cervesa torrada 0,0 en llauna",0.85,0.69,2026-03-17 07:59:56
584,e35a4402-897d-46dc-8836-4326afe32773,MORITZ 7 Cervesa 100% malta 24x33 cl en llauna,20.88,15.66,2026-03-17 07:59:56
585,7964794e-8a29-4807-b338-538b1bfb25fd,MORITZ Cervesa 6 x 33 cl en ampolla,7.74,5.03,2026-03-17 07:59:56
586,a8d6f4c8-f790-43cf-a660-0f110a0f798e,MORT SUBITE Cervesa Belga Lambic de cirera en ampolla,1.79,1.59,2026-03-17 07:59:56
587,d56bd67d-ec63-4af9-99bd-e0fa6f3e1042,PERONI Cervesa rossa italiana en ampolla,1.55,1.25,2026-03-17 07:59:56
588,e3eb2d71-669a-4f04-8335-b71f0c8530fe,ROCHEFORT Cervesa belga en ampolla,2.99,2.75,2026-03-17 07:59:56
589,ccb23c39-61fc-47b7-a3de-68ed46dc0fea,SAN MIGUEL Cervesa especial 12 x 33 cl en llauna,5.99,5.65,2026-03-17 07:59:56
590,1edc02eb-29f4-4156-9dc7-8cc4bc6698ca,SAN MIGUEL Cervesa sense alcohol en llauna,0.74,0.59,2026-03-17 07:59:56
591,0fb93f44-f134-447e-acc9-a8d760fe5555,VICTORIA MÁLAGA Cervesa en llauna,0.75,0.6,2026-03-17 07:59:56
592,ba04f186-98ef-4e26-8618-a6bab495337b,WESTMALLE Cervesa dubbel en ampolla,2.55,2.35,2026-03-17 07:59:56
593,373c491a-0e91-4d33-942a-087ed0f7f696,XIBECA Cervesa suau en ampolla,1.71,1.39,2026-03-17 07:59:56
594,b38b24df-0d65-472a-ad76-527a51b16299,ESTRELLA DAMM Cervesa especial 6 x 25 cl en ampolla,3.49,4.21,2026-03-17 07:59:57
595,2ccca806-29c6-4504-aafb-72c0c311b397,ESTRELLA DAMM Cervesa especial en llauna,0.75,0.88,2026-03-17 07:59:57
596,59660e56-6159-4c2a-be35-52f81449b1e5,GULDEN DRAAK Cervesa belga en ampolla,2.99,2.79,2026-03-17 07:59:57
597,d2ffbd37-29a4-429f-9595-66423e283fcc,LAGUNITAS Cervesa de blat IPA en ampolla,1.99,1.79,2026-03-17 07:59:57
598,0b03232f-8fec-4266-a388-0fabab796d37,ESTRELLA GALICIA Cerveza especial 10 x 33 cl en llauna,8.7,8.65,2026-03-17 07:59:58
599,5800c1a5-8bb0-44d0-ad23-d529db1ad6c5,SAN MIGUEL Cervesa especial 12 x 25 cl en ampolla,6.84,8.7,2026-03-17 07:59:58
600,5a6e2f78-1078-45b3-9551-2e10046670f5,ALMOGAVER Cervesa clàssica sense gluten Km0 en ampolla,1.65,1.99,2026-03-17 07:59:59
601,7bde4a75-15bd-4759-a884-0ed0b2f77956,ALMOGAVER Cervesa sense gluten IPA Km0 en ampolla,1.69,2.15,2026-03-17 07:59:59
602,f242d9f3-9c20-4f7c-b3b7-7fc9e71c6644,DAMM A.K. Cervesa premium alsaciana 6x33 cl en ampolla,6.71,8.94,2026-03-17 07:59:59
603,265b29df-e67c-42ce-8d60-65ce87857b5c,HAPPYFLOWER Cervesa doble IPA Km0 en llauna,1.0,1.39,2026-03-17 07:59:59
604,1e359497-3d74-4553-9cfb-885904a89d2a,HEINEKEN Cervesa holandesa suau 6 x 25 cl en ampolla,3.59,3.72,2026-03-17 07:59:59
605,29892496-fd24-4301-b210-2b5f0b7b3caa,MORITZ Cervesa 24x33 cl en llauna,16.92,22.56,2026-03-17 08:00:00
606,0f1bb7e1-581b-4b0b-b975-ba20869fdb6d,DAMM LEMON Cervesa amb llimona 24x33cl en llauna,14.76,19.68,2026-03-17 08:00:01
607,71b9cc2f-a789-4628-ac75-70cfd60436ae,ALBALI Vi negre Valdepeñas criança,2.99,2.79,2026-03-17 08:00:03
608,a2ee0fe4-4658-4004-bcab-ac03fd5941bc,BLANC PESCADOR Vi blanc d'agulla Km0,4.35,3.95,2026-03-17 08:00:03
609,93076695-2f62-4d3f-b85c-8e8fefca6346,EL COTO Vi negre DOQ Rioja criança,6.35,5.95,2026-03-17 08:00:03
610,c41f863d-7b83-487f-a21b-11c3a7d05529,LADRÓN DE MANZANAS Sidra de poma 6x25 cl,5.36,7.14,2026-03-17 08:00:03
611,1808aa5b-5f4e-4068-9950-08affe3f6b41,SANGRE DE TORO Vi negre Catalunya,5.05,4.29,2026-03-17 08:00:03
612,f772628f-4375-415e-a8d1-35f47145d5ad,ALBALI Caixa de vi negre Valdepeñas criança,17.94,16.74,2026-03-17 08:00:04
613,1ee173b7-54ed-4c1a-b281-c868f478fe76,CONDE DE CARALT Vi blanc DO Catalunya Km0,4.39,3.95,2026-03-17 08:00:04
614,67b5281e-621a-4d6c-8eb5-77e06bd1d6be,COTO DE IMAZ Vi negre Rioja reserva,8.65,7.95,2026-03-17 08:00:04
615,6061d601-0ff3-44b0-841c-1e28d8310466,CREVETA Vi negre DO Terra Alta Km0,3.49,2.99,2026-03-17 08:00:04
616,e1f385bc-ddeb-40ca-b8ff-b6c803f3eec5,GOTIM BRU Vi negre DO Costers del Segre Km0,9.59,8.99,2026-03-17 08:00:04
617,c890241a-4ad1-4f62-be91-591c15ad4afb,LADRÓN MANZANAS Pack 6u. sidra poma i fruites vermelles,5.36,7.14,2026-03-17 08:00:04
618,78002181-7012-44c6-be3f-4401f1e89346,VIÑA ESMERALDA Vi blanc ecològic DO Penedès,8.49,7.99,2026-03-17 08:00:04
619,25a0f8c0-19ea-4b34-80e3-10330506fdbc,VIÑA POMAL Vi negre DOQ Rioja criança,9.45,6.99,2026-03-17 08:00:04
620,e55c2852-178f-4abf-bbfa-71ebdf464d8b,VIÑA SOL Vi blanc DO Catalunya ecològic Km0,6.09,5.29,2026-03-17 08:00:04
621,a54316d3-4de2-4e23-9217-d525e0153fbb,AGRÍCOLA SANT JOSEP Vi negre de taula,5.39,4.99,2026-03-17 08:00:05
622,7c2f1a04-a8f6-44bc-afe7-8812daeb8fe6,BLANC PESCADOR Caixa de vi blanc d'agulla Km0,26.1,23.7,2026-03-17 08:00:05
623,92becaff-1911-4de1-9f6f-d915ea0ee178,"BLANC PESCADOR Vi blanc d'agulla alcohol 0,0%",5.95,4.95,2026-03-17 08:00:05
624,669a6d78-445a-4b49-af07-374eac2f0e26,BLUME Vi blanc DO Rueda,5.65,4.65,2026-03-17 08:00:05
625,8dda0c87-224b-49fe-9d1c-f26fa6926895,CABRÓ Caixa vi negre selecció DO Catalunya Km0,20.63,23.81,2026-03-17 08:00:05
626,dfd6c906-6458-4819-9faa-1baa32036af0,DE CASTA Vi rosat DO Catalunya,5.09,4.29,2026-03-17 08:00:05
627,bd807972-daca-4222-9791-b75315af1399,DE MULLER Vi negre DO Tarragona Km0,6.95,6.79,2026-03-17 08:00:05
628,e3bd3ddd-f4d0-45ab-ade8-f099184157a3,EL PRIOR Vi ranci,7.95,6.99,2026-03-17 08:00:05
629,57c225a4-243a-4950-9059-6bf916d0950f,ENATE Vi negre Somontano,7.75,6.95,2026-03-17 08:00:05
630,bdecbf7a-8d52-4abb-bc2c-29e3f1cf88b0,LA VINYETA Vi blanc DO Empordà Km0,7.49,6.75,2026-03-17 08:00:05
631,2555187d-ee22-4b23-9040-1d490e225cb0,LEGARIS Vi blanc DO Rueda,6.95,5.99,2026-03-17 08:00:05
632,d9ffb5ce-5b42-4db0-a877-5bb8517843a6,LLÀGRIMES DE TARDOR Vi negre criança DO Terra Alta Km0,10.35,8.99,2026-03-17 08:00:05
633,72eabf55-c00e-43b2-a017-d67a9359852d,MATEUS Vi rosat d'agulla de Portugal,4.59,4.49,2026-03-17 08:00:05
634,13ae1e9e-b6ee-40d6-b05f-a50c6e3315a4,PERELADA Vi negre criança DO Empordà 3 Finques Km0,7.59,6.59,2026-03-17 08:00:05
635,27f34cea-b5ba-4638-965e-835eaf524e44,PERRO VERDE Vi blanc verdejo DO Rueda  ecològic,11.95,10.95,2026-03-17 08:00:05
636,d6ee8d9e-bdb3-438b-ba9b-3be511300157,VINYA ALBALI Vi negre Valdepeñas reserva,3.89,3.49,2026-03-17 08:00:05
637,750e3eac-43f9-4c1b-9672-feda26a6151b,VIÑA SOL Caixa vi blanc DO Catalunya ecològic Km0,36.54,31.74,2026-03-17 08:00:05
638,06d68c04-b5d3-4640-853c-eb55970a8b96,822 Vi negre DO Ribera del Duero,11.75,10.75,2026-03-17 08:00:06
639,279cc3ae-5a65-47f8-94e2-a144987bea11,AZPILICUETA Vi negre criança DO Rioja,8.89,7.49,2026-03-17 08:00:06
640,a9602da9-34d7-4ebf-8a4a-4e2781706ec6,CABRÓ Caixa vi blanc DO Catalunya Km0,20.63,23.81,2026-03-17 08:00:06
641,506b415b-7769-455d-b802-71d58611c12b,CELESTE ROBLE Vi negre DO Ribera del Duero,9.79,8.99,2026-03-17 08:00:06
642,8360e445-fa4f-449d-ae07-c7b91e4ee0e7,CONDE DE CARALT Vi negre Catalunya Km0,4.39,3.95,2026-03-17 08:00:06
643,4e92fa8b-04a8-4a9e-9206-903ccbcfe157,CREVETA Vi blanc DO Terra Alta Km0,3.49,2.99,2026-03-17 08:00:06
644,92ae9fa6-3b43-4e94-b90d-b5917dbda91e,EL COTO Caixa vi negre DOQ Rioja criança,38.1,35.7,2026-03-17 08:00:06
645,f84c9153-4746-43fd-8f71-b1d7accf456b,"FREIXENET Escumós alcohol 0,0%",7.99,7.49,2026-03-17 08:00:06
646,cffa755a-b8d5-4872-9b7e-ed8d2b182622,GOTIM Vi blanc DO Costers del Segre Km0,7.55,6.99,2026-03-17 08:00:06
647,74052fda-2e80-4937-b6af-157d59ccd034,GR 65-5 Vi negre DO Montsant km0,9.49,7.95,2026-03-17 08:00:06
648,62165af5-da85-4e3f-a7ef-f5d7251476c0,IMUS Caixa vi negre DO Montsant Km0,35.7,26.78,2026-03-17 08:00:06
649,ff512304-d87a-41c4-8d9a-c777a3e2d606,INDISPENSABLE Vi blanc DO Empordà Km0,6.95,5.95,2026-03-17 08:00:06
650,3bc30a46-fbb6-4546-af44-94ab2ee2fcb8,M.CACERES Vi negre DOQ Rioja criança,7.89,7.25,2026-03-17 08:00:06
651,faf80405-abcf-4043-a08b-014051653791,MASIA FREYE Caixa de vi blanc DO Penedès Km0,49.14,36.86,2026-03-17 08:00:06
652,bdcfa61b-afe6-41b2-be61-c6a8a94b4454,MIREIA Vi blanc DO Penedès Km0,9.99,8.99,2026-03-17 08:00:06
653,e77e2a48-da08-40dc-a588-e60ce149ff32,MUCHO MAS Vi negre,5.95,4.99,2026-03-17 08:00:06
654,4229267c-6112-4f68-9054-83b040cf0f6c,OLIVER CONTI Vi negre DO Catalunya,3.99,3.69,2026-03-17 08:00:06
655,73ea5455-4650-432f-a9e0-6ba3c259702f,TAL COM RAJA Caixa de vi negre DO Terra Alta Km0,27.11,41.7,2026-03-17 08:00:06
656,903383f5-0fd5-45ba-9566-c192b60267d1,TERRA CÀLIDA Caixa vi negre DO Catalunya Km0,22.46,19.46,2026-03-17 08:00:06
657,3d4dd21c-7a4d-4c5d-980a-c4d22509af3c,TIO PEPE Fino sec de Xerès,7.95,6.99,2026-03-17 08:00:06
658,d373b2d9-c6a7-46ad-b34d-ee2b7399c6de,TORRES CASTA Caixa vi rosat DO Catalunya De Casta Km0,30.54,25.74,2026-03-17 08:00:06
659,60ae8bca-8a46-4f0d-9524-3015d50f4b8c,VERDERA Vi negre D.O.Empordà Km0,3.99,3.49,2026-03-17 08:00:06
660,4eb601e9-7189-40c2-944c-339df787ba36,VINYA ALBALI Caixa de vi negre DO Valdepeñas,23.34,20.94,2026-03-17 08:00:06
661,6db31acd-64f1-4f56-a36a-898d4c4461f2,BACH Vi blanc sec DO Catalunya Extrísima Km0,29.94,22.46,2026-03-17 08:00:07
662,b6c3c7d4-49a6-438c-bbd2-edc874168b1a,BACH Vi blanc semi dolç DO Catalunya Km0,29.94,22.46,2026-03-17 08:00:07
663,597c9d94-d9a9-456d-8c7a-8c89397f33d8,CAN SUMOI Vi blanc DO Penedès ecològic Km0,12.99,11.99,2026-03-17 08:00:07
664,80712600-5997-46bd-81e4-069731044644,CREVETA Caixa de vi negre DO Terra Alta Km0,20.94,17.94,2026-03-17 08:00:07
665,a66e17a3-dee1-49de-88b5-59c26fc12c18,EL COTO Vi blanc DOQ Rioja,4.25,3.95,2026-03-17 08:00:07
666,b0333a2f-2d11-4749-8f43-f7b1e94cfaec,"FREIXENET Escumós rosat alcohol 0,0%",7.99,7.49,2026-03-17 08:00:07
667,67884d54-7ad5-4f15-a623-4fa008077806,GOTIM BRU Caixa de vi negre DO Costers del Segre km0,57.54,53.94,2026-03-17 08:00:07
668,e6f3069f-8d3a-4306-9f37-3a7714205b0b,GR-174 Vi negre DOQ Priorat Km0,14.95,12.75,2026-03-17 08:00:07
669,fe076bb5-cd66-475e-9dac-e3771de72ef2,INDISPENSABLE Vi negre DO Empordà Km0,6.95,5.95,2026-03-17 08:00:07
670,199049ab-8d65-47ea-b521-dbcfe368a5f3,RAIG DE RAÏM Vi negre DO Terra Alta Km0,41.94,27.26,2026-03-17 08:00:07
671,843783bb-bcc7-4680-a84c-1064ca2e81f4,RAIMAT CLAMOR Caixa de vi negre ecològic DO Costers del Segre Km0,41.7,27.11,2026-03-17 08:00:07
672,a6e24e17-77b1-41de-bcd3-f4a007d0a5c2,SANGRE DE TORO Caixa 6u. vi negre DO Catalunya Km0,30.3,25.74,2026-03-17 08:00:07
673,bfce0a66-8a62-4071-afa4-76134bab007e,VINA POMAL Caixa de vi negre DOQ Rioja criança,56.7,41.94,2026-03-17 08:00:07
674,d7d5bce6-1fd9-4d92-8863-6cc8de401d71,ABADAL Vi blanc DO Pla de Bages Km0,9.95,8.99,2026-03-17 08:00:08
675,17a82e32-391d-4f0e-a4cb-e547fc732cb4,ABADAL Vi negre DO Pla de Bages Km0,9.95,8.99,2026-03-17 08:00:08
676,a86a3691-da87-4564-8852-de327f7eaf4f,ALTOS TAMARON Vi negre Ribera del Duero criança,6.99,6.25,2026-03-17 08:00:08
677,e26d0c97-2807-4fbe-ad5c-5ac596d63c85,BACH Caixa de vi negre DO Catalunya Km0,29.94,22.46,2026-03-17 08:00:08
678,5c472901-c7b0-4f2b-ba96-5892f2aff8f1,BARON DE LEY Vi negre DO Rioja reserva,10.45,8.99,2026-03-17 08:00:08
679,6249844c-a84a-49e1-aded-4397d63f7ffa,COTO DE IMAZ Caixa 6u. vi negre Rioja reserva,51.9,47.7,2026-03-17 08:00:08
680,f571a152-be7c-4588-88d3-38c0b6afd0cc,EDERRA Caixa de vi negre DO Rioja criança,31.01,47.7,2026-03-17 08:00:08
681,47d085f2-4a48-451b-98c7-779b07267ffa,ESPOLLA Vi dolç Garnatxa D.O. Empordà,6.49,5.49,2026-03-17 08:00:08
682,55b6b151-1277-44d6-af52-39c963c414a5,FAUSTINO RIVERA Caixa de vi negre DO Rioja,24.9,16.19,2026-03-17 08:00:08
683,c2cb3ae6-ad26-455c-ab2d-794a8ae2d32a,HOMENAJE Vi rosat DO Navarra,4.95,3.95,2026-03-17 08:00:08
684,c0af3b3b-2e00-4a7d-9ccd-e1883e596a0a,INDISPENSABLE Caixa de vi blanc DO Empordà Km0,41.7,35.7,2026-03-17 08:00:08
685,e1a63703-68c9-4e41-8060-78d91d6c076d,INDISPENSABLE Vi rosat DO Empordà km0,6.95,5.95,2026-03-17 08:00:08
686,42a093bd-69dd-465c-b129-0ef736e9dad7,LA BOSCANA Caixa de vi negre DO Costers del Segre Km0,31.01,47.7,2026-03-17 08:00:08
687,4cdbae16-7b09-4f8f-ba4b-5e7615ac37a4,LA VINYETA Vi negre DO Empordà Km0,7.99,7.19,2026-03-17 08:00:08
688,2f542155-7ecd-41e3-a018-386ae0c40b38,LEGARIS Vi negre DO Ribera del Duero,8.95,6.99,2026-03-17 08:00:08
689,10b9104a-704a-4438-92d3-d6274f53709c,PERELADA Caixa de vi negre DO Empordà 3 Finques Km0,45.54,39.54,2026-03-17 08:00:08
690,577e3d55-5064-43f0-a1fe-129b90b5b055,RAIMAT CLAMOR Caixa de vi blanc ecològic Costers del Segre Km0,41.7,27.11,2026-03-17 08:00:08
691,041cef1a-fe90-4e91-90bd-e3dd3532367c,SEDUCCIÓ Vi blanc ecològic DO Tarragona Km0,8.49,8.65,2026-03-17 08:00:08
692,fcb73ee9-1b42-4646-a44c-6117f186f6b7,TAL COM RAJA Caixa de vi blanc DO Terra Alta Km0,27.11,41.7,2026-03-17 08:00:08
693,eedd3cb2-ddfc-4f47-be62-ee785b033ade,TERRA CÀLIDA Caixa de vi rosat DO Catalunya Km0,22.46,19.46,2026-03-17 08:00:08
694,0a0fa0bc-9c63-4e17-bbb4-00cd6d62e6a8,TINES DE ROQUETA Caixa de vi negre Cabernet DO Catalunya Km0,35.94,26.96,2026-03-17 08:00:08
695,8a8b4bca-440f-47b4-adf8-4b23d7d0bc2f,VERDERA Caixa de vi negre DO Empordà km0,23.94,20.94,2026-03-17 08:00:08
696,96ea7d59-2b61-451c-9d88-2f10d9f92c6e,VERDERA Vi blanc DO Catalunya Km0,3.99,3.49,2026-03-17 08:00:08
697,3153fa9e-d393-434d-9992-c2ef719869ef,VIA TERRA Caixa de vi negre DO Terra Alta Km0,35.78,47.7,2026-03-17 08:00:08
698,7d465572-0da3-4dc3-be77-cf2dca42c75f,VIÑA ESMERALDA Caixa vi blanc DO Penedès Km0,50.94,47.94,2026-03-17 08:00:08
699,de45fc49-19ad-4420-abe1-2e64174bdfd3,ÈTIM Caixa de vi negre DO Montsant criança Km0,47.7,35.78,2026-03-17 08:00:08
700,2e077133-6420-4570-b4c9-1b7a0e6bbca0,ABADAL Vi rosat DO Pla de Bages Nurva Km0,11.89,10.95,2026-03-17 08:00:09
701,ddc261ac-8662-4bf1-928b-9bd575e45548,BACH Caixa de vi rosat DO Catalunya Km0,29.94,22.46,2026-03-17 08:00:09
702,b47cb3f9-a3e7-4e7e-8e34-eb59993e48bf,CIGONYES Caixa de vi blanc DO Empordà Perelada Km0,46.14,52.5,2026-03-17 08:00:09
703,6cefe56c-3807-4e91-8a10-9afa15d33e3f,COMPTA OVELLES Caixa de vi blanc Do Penedès Km0,26.96,35.94,2026-03-17 08:00:09
704,b85c103c-6765-4194-9c6e-a429cbe7b9f7,EL COTO Caixa 6u. vi blanc DOQ Rioja,25.5,23.7,2026-03-17 08:00:09
705,faae7f86-dad6-4255-973c-fe630ef52c7d,I TANT Caixa de vi negre DO Montsant Km0,43.14,47.94,2026-03-17 08:00:09
706,9c493e52-56d0-48f6-9f35-124b64474d71,LLÀGRIMES DE TARDOR Caixa  Vi negre criança DO T.Alta Km0,62.1,53.94,2026-03-17 08:00:09
707,1785da09-0954-496d-9f37-a6b78cf99b6d,LOPEZ DE HARO Vi negre reserva DO Rioja,12.35,9.95,2026-03-17 08:00:09
708,a00c9564-457d-4c5e-931d-c0219beb8256,M.CACERES Caixa vi negre DO Rioja criança,47.34,43.5,2026-03-17 08:00:09
709,2c1dfda8-d2bb-4231-a712-c43fdbe44985,MIONETTO Vi escumós Brut Prosecco DOC Treviso,9.99,8.99,2026-03-17 08:00:09
710,b9d1db7d-9927-4748-bc7c-24603fd221c0,SINOLS Caixa de vi negre DO Empordà km0,41.34,31.01,2026-03-17 08:00:09
711,37390059-711e-4f9d-abca-083f42e49074,TINES DE ROQUETA Caixa de vi blanc Garnatxa Blanca DO Catalunya Km0,35.94,26.96,2026-03-17 08:00:09
712,83b3c897-c558-423d-9a0d-2e5981e64dd2,TOCAT DE L'ALA Vi negre DO Empordà,13.49,11.95,2026-03-17 08:00:09
713,9af39f07-26b9-4528-a8c8-33a9addbb9a9,ALTOS TAMARON Caixa  vi negre DO Ribera del Duero,41.94,37.5,2026-03-17 08:00:10
714,6deb0c0f-4c9e-4a47-8e6c-7e0df85cc6d1,BLUME Caixa 6u. vi blanc DO Rueda,33.9,27.9,2026-03-17 08:00:10
715,4e70f704-c494-44f7-9b79-083e9d0eef4a,BUSCA-RAONS Caixa vi negre DO Costers del Segre,32.94,24.71,2026-03-17 08:00:10
716,98849d38-afa2-4394-9520-de01df0f3e5e,CAMINS DEL PRIORAT Vi negre DOQ Priorat,25.49,23.99,2026-03-17 08:00:10
717,4d67db6d-5c0f-4d1c-bea2-ef06bd021dc0,CATAR Caixa vi negre DO Montsant Km0,39.9,29.93,2026-03-17 08:00:10
718,c66bc1fe-d429-4905-8479-8bec4fdc7d7a,CHIVITE Caixa 6u. vi rosat Chivite,81.9,69.9,2026-03-17 08:00:10
719,b4470708-bc60-4808-802d-937069c0dcb7,CONDE DE CARALT Caixa de vi blanc DO Catalunya Km0,26.34,23.7,2026-03-17 08:00:10
720,772ed02d-7000-49e5-a495-2f87bf43b35b,CRESTA ROSA Caixa de vi rosat d'agulla Km0,20.21,26.94,2026-03-17 08:00:10
721,0bb41171-0204-401d-858c-0c4e73a895f1,CREVETA Caixa de vi blanc DO Terra Alta,20.94,17.94,2026-03-17 08:00:10
722,21903a8f-3aea-46c0-964e-923400816235,CUNE Caixa vi blanc DO Rioja,31.5,23.63,2026-03-17 08:00:10
723,f8e13bcb-7cab-41c8-9f32-7ce8b4fcc000,DEL PESCADOR Sangria Frizzante,5.95,4.69,2026-03-17 08:00:10
724,19e7f6d1-3919-4e28-8938-4b379380a26a,EMBRUIX Vi negre DOQ Priorat Km0,19.99,17.99,2026-03-17 08:00:10
725,5757d0c8-4842-4fd0-bc21-acf39bdff968,ENATE Caixa 6u. vi negre Somontano,46.5,41.7,2026-03-17 08:00:10
726,848e2bdb-a160-4ea7-9589-55b5a7265445,GOTIM Caixa de vi blanc DO Costers del Segre Km0,45.3,41.94,2026-03-17 08:00:10
727,f03fcb3b-0991-46bc-b415-5693813579e2,GR174 Caixa de vi negre DO Priorat Km0,89.7,76.5,2026-03-17 08:00:10
728,e2184da9-1d60-4f63-a0cc-68d7838cb251,LIGNUM! Caixa de vi negre ecològic DO Penedès Km0,65.34,49.01,2026-03-17 08:00:10
729,fc01a236-da9e-4c0f-90dd-149317ce3427,MASIA FREYE Caixa de vi negre DO Penedès Km0,49.14,36.86,2026-03-17 08:00:10
730,54cdaf96-4cb3-4f8a-81d6-a10f7d1f2157,MATEUS Caixa 6u. vi rosat d'agulla de Portugal,27.54,20.21,2026-03-17 08:00:10
731,f72989ae-0c5c-4f83-931d-6b0b5024b394,MINVANT Caixa de vi negre DO Terra Alta,59.7,44.78,2026-03-17 08:00:10
732,ef796dc8-0dca-47e3-8080-38579b5f5a71,NOSTRAT Caixa de vi blanc Do Penedès Km0,41.7,31.28,2026-03-17 08:00:10
733,fcf139ed-5a69-4d42-915c-84334b33dcb3,NOSTRAT Caixa de vi negre DO Penedès Km0,41.7,31.28,2026-03-17 08:00:10
734,190f9387-154e-4a51-83da-9465a16d0605,PANSA BLANCA Caixa de vi blanc DO Alella Km0,53.94,59.7,2026-03-17 08:00:10
735,1b17fe92-c649-41b6-afe4-5aab780a3c1a,PERELADA Caixa de vi blanc DO Catalunya Km0,35.7,26.78,2026-03-17 08:00:10
736,ea470fc9-8eeb-4914-94b9-8d72ccd812b0,PERELADAJARDINS Caixa de vi negre DO Empordà Km0,35.7,26.78,2026-03-17 08:00:10
737,5a63654a-a0cb-4d50-9668-d74734473293,RAIG DE RAÏM Caixa de vi blanc km0,41.94,27.26,2026-03-17 08:00:10
738,352ce0ff-2a5b-4457-9a50-dd9b6b6a23e4,RAIMAT CLAMOR Caixa de vi rosat ecològic DO Costers del Segre Km0,41.7,27.11,2026-03-17 08:00:10
739,ef3283a0-aaa1-4654-8c62-53106af6bc70,TERRA CÀLIDA Caixa de vi blanc DO Catalunya Km0,22.46,19.46,2026-03-17 08:00:10
740,97eafce5-7257-4ed9-b6ac-5a53d30b8f41,TERRA ENDINS Caixa de vi negre ecològic DO Catalunya,19.46,29.94,2026-03-17 08:00:10
741,1b9117cb-a7e1-47c4-922c-20324cce7512,TERRAS GAUDA Vi blanc DO Rias Baixas,15.95,14.95,2026-03-17 08:00:10
742,fdbc5e23-673a-4806-b254-732472acb495,TINES DE ROQUETA Caixa de vi blanc DO Catalunya Km0,35.94,26.96,2026-03-17 08:00:10
743,d897a12f-99ce-4d6e-8dcb-88922b4f472d,TINES DE ROQUETA Caixa de vi negre DO Catalunya Km0,35.94,26.96,2026-03-17 08:00:10
744,af34238b-7118-401b-b051-356ef578ce40,TINES DE ROQUETA Caixa de vi negre Tempranillo DO Catalunya Km0,35.94,26.96,2026-03-17 08:00:10
745,c8022a80-9fc7-4c3c-a1f7-eddf85f4099c,VERDERA Caixa de vi blanc DO Catalunya Km0,23.94,20.94,2026-03-17 08:00:10
746,37d34417-2c40-4d1f-9e40-399fe9c85233,VIA TERRA Caixa de vi blanc DO Terra Alta,35.78,47.7,2026-03-17 08:00:10
747,6570bc55-8b3c-47eb-90c7-147fa1fd727c,VIÑA ESMERALDA Vi rosat DO Catalunya Km0,8.49,7.99,2026-03-17 08:00:10
748,5f58e6e5-8917-448f-9e67-02bba7336f61,ABADAL Caixa de vi negre DO Pla de Bages km0,59.7,53.94,2026-03-17 08:00:11
749,2ac051c6-2e76-46be-8eb5-6011efbe95ad,BACH Caixa de vi blanc DO Catalunya Km0,26.78,35.7,2026-03-17 08:00:11
750,00fb0470-a755-48ad-85d1-d52eae2edff0,BUSCA RAONS Caixa de vi rosat DO Costers del Segre Km0,32.94,24.71,2026-03-17 08:00:11
751,f5f7fd75-e982-4293-b3e7-efe52ace339d,BUSCA-RAONS Caixa vi blanc ecològic DO Costers del Segre km0,32.94,24.71,2026-03-17 08:00:11
752,9c184013-f7e3-4611-9507-1b1c5c581e4d,COMPTA OVELLES Caixa de vi negre DO Penedès Km0,26.96,35.94,2026-03-17 08:00:11
753,2ee8a1cf-e316-440a-a42e-ad64d26af387,CONDE DE CARALT Caixa de vi negre DO Catalunya Km0,26.34,23.7,2026-03-17 08:00:11
754,c557443f-c943-4b37-b684-79b154df23a7,EL PRIOR Mistela,7.95,6.99,2026-03-17 08:00:11
755,c6056cba-4cd3-4e52-8ac3-83d0965da54e,EL XITXAREL·LO Caixa de vi blanc Do Penedès Km0,59.7,44.78,2026-03-17 08:00:11
756,cfcb8526-cb8c-4933-992e-269e0f744618,ELS NANOS Caixa de vi blanc DO Conca de Barberà ecològic Km0,32.18,44.1,2026-03-17 08:00:11
757,6c4d8d79-474a-497f-80cc-e8a58de04353,EMENDIS FLOS Vi blanc DO Penedès Km0,35.51,47.34,2026-03-17 08:00:11
758,7d2d951e-1502-4a86-a9e1-9ec218149bac,FINCA LA GARRIGA Vi negre DO Empordà km0,19.95,17.95,2026-03-17 08:00:11
759,05152e11-9cda-476b-b68f-f9fdb60e7f73,HOMENAJE Caixa vi rosat DO Navarra,29.7,23.7,2026-03-17 08:00:11
760,faaef9b0-9254-4a53-8b1c-56d3b2d016a2,SAN CLEMENTE Vi dolç,6.95,5.95,2026-03-17 08:00:11
761,fd07ffcb-24a7-413e-92c9-b761958c243a,VINYES POBOLEDA Caixa de vi negre DOQ Priorat Km0,58.28,77.7,2026-03-17 08:00:11
762,00023b3c-10c0-4eea-9a0d-a406744d4bc9,VIÑA ESMERALDA Caixa 6u. vi rosat DO Catalunya Km0,50.94,47.94,2026-03-17 08:00:11
763,e9780f65-a4c2-43fd-8d58-437706e713db,ALADELTA Caixa vi negre DO Penedès,35.78,35.7,2026-03-17 08:00:12
764,00ad88c9-fac6-40d1-a908-1b35bed688cd,AUZELLS Caixa de vi blanc DO Costers del Segre ecològic Km0,71.7,75.9,2026-03-17 08:00:12
765,d8a6bc37-b544-467a-aa6d-6d6944869bdd,BARON DE LEY Caixa vi negre DO Rioja,62.7,53.94,2026-03-17 08:00:12
766,18723e83-902d-42bc-bb71-be28ba55d552,BLANC PESCADOR Caixa de vi d'agulla blanc verdejo,25.5,29.94,2026-03-17 08:00:12
767,3e9c1ed1-ad32-4503-bb81-8bbce5aacb4d,CALA PESCADOR Caixa 6u. vi blanc DO Catalunya Km0,29.7,22.28,2026-03-17 08:00:12
768,62d42db8-3676-495b-96a6-120542cff667,CAMPO VIEJO Caixa vi negre criança DO Rioja,35.1,26.33,2026-03-17 08:00:12
769,21ae2f59-c77a-4dbd-853a-9fb145edd9c2,CASTELL DEL REMEI Caixa de vi negre DO Costers del Segre Km0,77.7,83.1,2026-03-17 08:00:12
770,f2b5124a-c6ce-4e05-ae7b-1c21fb05af50,CELESTE ROBLE Caixa de vi negre DO Ribera del Duero,58.74,53.94,2026-03-17 08:00:12
771,87b8a5bc-8d01-498a-9e97-202fbb28b60d,CHIVITE Vi rosat,13.65,11.65,2026-03-17 08:00:12
772,78b72774-92ed-4a2e-8f51-7b515113ba78,ELS NANOS Caixa de vi negre DO Conca de Barberà ecològic Km0,32.18,44.1,2026-03-17 08:00:12
773,f2d02088-d328-49ea-b228-987e7d0650db,GARBO Caixa 6u. vi negre DO Montsant,38.21,50.94,2026-03-17 08:00:12
774,8de105ab-bbc5-45d1-a7ad-ff279ed15338,GARNATXA FOSCA Caixa de vi negre DO Priorat Km0,68.18,93.54,2026-03-17 08:00:12
775,e9a1ce7e-8b22-466b-aee9-e5e40b44def2,GR 65-5 Caixa de vi negre DO Montsant km0,56.94,47.7,2026-03-17 08:00:12
776,9108003b-46dc-4ee1-9829-381f613852f6,GRAN FEUDO Caixa de vi rosat DO Navarra,29.7,22.28,2026-03-17 08:00:12
777,ff6bac24-f03e-48be-bc5d-b6f534d0090c,INDISPENSABLE Caixa de vi negre DO Empordà Km0,41.7,35.7,2026-03-17 08:00:12
778,651a1c7d-482d-47f1-b0b7-431aa3bd963b,LEGARIS Caixa vi negre DO Ribera del Duero,53.7,41.94,2026-03-17 08:00:12
779,86412dab-98f3-421f-8163-5225fceba5e3,MASIA FREYÉ Caixa de vi rosat ecològic Km0 DO Penedès,49.14,36.86,2026-03-17 08:00:12
780,21209f0f-698b-47af-9dd6-5f33c7c22edf,MATSU EL PICARO Caixa vi negre DO Toro,48.9,56.34,2026-03-17 08:00:12
781,00bcb8de-06a3-4b83-94c8-7faf83587355,MIREIA PINORD Caixa 6u. vi blanc DO Penedès Km0,59.94,53.94,2026-03-17 08:00:12
782,1abbc437-fce5-4801-b73a-65af1ee62e20,PERELADA Caixa de vi negre Reserva DO Empordà 5 Finques Km0,71.7,80.7,2026-03-17 08:00:12
783,909912ad-a8db-4a5c-bc7c-bac53c863153,REFORJAT Caixa 6u. vi blanc DO Terra Alta km0,28.13,37.5,2026-03-17 08:00:12
784,8aa80639-6f33-4689-a3bd-27c6e342791c,REYNAL Caixa 6u. vi rosat Frizzante,26.94,20.21,2026-03-17 08:00:12
785,170c14f0-28af-48e3-bde0-4035f4033089,SENTIMENTS Vi negre DOQ Priorat,12.95,11.69,2026-03-17 08:00:12
786,f9bd0ea7-38b5-48c1-b24b-824e194af909,ULL DE LLEBRE Caixa vi negre DO Penedès km0,30.38,40.5,2026-03-17 08:00:12
787,fba001b5-0a0a-46ff-980c-cc94a231354e,VINS DE TERRER Vi rosat DO Penedès La Rosa Km0,13.49,12.99,2026-03-17 08:00:12
788,5da1aa81-0569-4de4-a86f-f9f3d37ec9bc,822 Caixa 6u. vi negre Do Ribera del Duero,70.5,64.5,2026-03-17 08:00:13
789,e21de04c-97c5-4b9f-b9f8-dc0a7df1f18c,CIGONYES Caixa de vi negre DO Empordà Km0 Perelada,46.14,52.5,2026-03-17 08:00:13
790,4044dafb-0701-41c9-afe5-dae1e444af93,EL PRIOR Caixa 6u. vi ranci el Prior,47.7,41.94,2026-03-17 08:00:13
791,5dc60545-755c-491a-b990-b874665dc989,ESPOLLA Caixa 6u. vi dolç Garnatxa D.O. Empordà,38.94,32.94,2026-03-17 08:00:13
792,a33824b6-a2f1-404b-ab23-e3a07a97f288,FINCA CAL JANES Capsa 6u. vi negre DO Penedès Km0,41.94,27.26,2026-03-17 08:00:13
793,5de2753a-a314-4793-b216-81f7900838e8,FREIXENET Caixa de vi blanc DO Catalunya,30.56,40.74,2026-03-17 08:00:13
794,a85ec85f-65b3-41f0-80bc-c1f1bf11ca40,REFORJAT Caixa vi negre DO Terra Alta Km0,28.13,37.5,2026-03-17 08:00:13
795,1a27ab5e-1761-4241-9c08-f30ef903bd84,TERRAS GAUDA Caixa 6u. vi blanc DO Rias Baixas,95.7,89.7,2026-03-17 08:00:13
796,b965a492-f30c-4538-97dc-6fd345f3ea96,ALGES CLOS PONS Caixa de vi negre DO Costers del Segre Km0,71.1,53.33,2026-03-17 08:00:14
797,837ea792-fb71-4a7f-9301-f36f37cb98fe,BLANC MARINER Vi blanc jove DO Penedès Km0,6.95,5.95,2026-03-17 08:00:14
798,70048a4b-d67f-4ee8-8b3e-580dc85407b8,FINCA ESPOLLA Caixa 6u. vi negre DO Empordà,108.0,120.0,2026-03-17 08:00:14
799,44733c26-36e2-4c9a-a9b2-b7d61e34d455,FINCA LA GARRIGA Caixa de vi negre DO Empordà Km0,120.0,108.0,2026-03-17 08:00:14
800,13f3e288-8460-4e9d-b0ef-aba98ff33f97,GLÁRIMA Caixa 6u. vi rosat DO Somonato Km0,28.74,29.7,2026-03-17 08:00:14
801,c852c6b8-e165-4f17-89e1-ba74c5b23b80,LEGARIS Caixa 6u. de vi blanc DO Rueda,41.7,35.94,2026-03-17 08:00:14
802,c5e82363-de35-49d3-8da7-0a69d4711f81,MIONETTO Vi escumós Brut Prosecco DOC Treviso caixa,59.94,53.94,2026-03-17 08:00:14
803,6c8b86a6-ed7c-4829-88ff-6e3fe94eb0ce,SOMMOS Caixa 6u. vi blanc DO Somontano Km0,62.94,65.34,2026-03-17 08:00:14
804,04da8c98-cbd6-4a5a-ace6-be771c19663c,VILOSELL Caixa de vi negre ecològic DO Costers del Segre Km0,77.34,82.14,2026-03-17 08:00:14
805,fb18445c-48b5-45d8-abea-c8a07a6669aa,ÈTIM Caixa de vi negre dolç Verema Tardana DO Montsant,52.5,39.38,2026-03-17 08:00:14
806,c9d380f0-c020-4743-8c3e-3f4aa8532773,ALADELTA Vi negre DO Penedès,7.95,5.95,2026-03-17 08:00:15
807,0e211658-e15d-40e8-96dd-07463528a4c8,BONPREU Vi negre,1.3,1.4,2026-03-17 08:00:15
808,414d2f5b-8505-43cc-bee4-decabb6e774c,BLANC PESCADOR Vi d'agulla blanc verdejo,4.25,4.99,2026-03-17 08:00:16
809,a119c1ea-dc01-4044-a08a-765c7c86faf1,BRAU DE BOT Vi negre DO Catalunya Km0 bag in box,8.45,9.39,2026-03-17 08:00:16
810,45fccbb8-7419-43f7-8e9b-501231cbf083,ELS NANOS Vi negre DO Conca de Barberà ecològic Km0,7.15,7.35,2026-03-17 08:00:16
811,75202e89-6f65-4e2a-a64b-8d5220138482,LOS MOLINOS Vi blanc verdejo Valdepeñas,2.19,2.55,2026-03-17 08:00:16
812,53772228-791a-4723-9a8e-3f08b068829d,DÒLMENS Vi negre DO Empordà Km0 en bag in box,10.75,11.99,2026-03-17 08:00:17
813,472ad50f-4525-47ab-8441-79780c5d47b0,ELS NANOS Vi blanc DO Conca de Barberà ecològic Km0,7.15,7.35,2026-03-17 08:00:17
814,9850b492-5776-48c5-9c0c-f77fe1b28517,GARNATXA FOSCA Vi negre DO Priorat Km0,15.15,15.59,2026-03-17 08:00:17
815,5dfe84b9-ed11-4894-8969-4c9ed7661e44,GR-171 Vi blanc DO Terra Alta,7.45,8.65,2026-03-17 08:00:17
816,6521f40f-c277-445f-9cde-94c3d7205b2a,I TANT Vi negre DO Montsant Km0,7.19,7.99,2026-03-17 08:00:17
817,ee1d7120-3eb9-41b1-b5dd-fc1f8070efa4,LOS MOLINOS Vi negre Valdepeñas,2.19,2.55,2026-03-17 08:00:17
818,fea8f6e5-23b3-4d8a-a7d3-fa5c0f82f047,PANSA BLANCA Vi blanc DO Alella Km0,8.99,9.95,2026-03-17 08:00:17
819,ba653b5f-f337-47c0-a329-020821347a07,PERELADA Vi negre reserva DO Empordà 5 Finques,11.95,13.45,2026-03-17 08:00:17
820,4c0a11e8-1b4b-4056-8227-5d75ef8a4a03,CIGONYES Vi negre DO Empordà Km0,7.69,8.75,2026-03-17 08:00:18
821,d976f8a8-2be5-40e3-8140-484730b45cb9,AUZELLS Vi blanc DO Costers del Segre ecològic Km0,11.95,12.65,2026-03-17 08:00:19
822,03fc4950-16ac-4c7f-84bc-b0a14c34e062,CIGONYES Vi blanc DO Empordà Km0,7.69,8.75,2026-03-17 08:00:19
823,19d698c3-ab7b-4c6d-8d86-c387fc11715f,SOMMOS Vi blanc roure DO Somontano,6.15,5.49,2026-03-17 08:00:19
824,b49e71a2-cdd2-41b6-84f4-6b5e40eaadf2,MATSU EL PICARO Vi negre DO Toro,8.15,9.39,2026-03-17 08:00:20
825,6ea631c4-93fb-442c-8318-4ce7c4240ca7,FINCA ESPOLLA Vi negre DO Empordà,17.95,19.95,2026-03-17 08:00:21
826,8924fa66-0131-47cb-940f-16dadd5776ec,SOMMOS Vi negre roure DO Somontano,6.15,5.49,2026-03-17 08:00:21
827,47738a3f-3451-4f5e-ab26-a42a672c921b,CASTELL DEL REMEI Vi negre DO Costers del Segre Km0,12.95,13.85,2026-03-17 08:00:22
828,26760b89-bda9-4ad2-b9cd-4cab1fe7bd1f,GLÁRIMA Vi negre DO Somontano Km0,4.79,4.95,2026-03-17 08:00:22
829,3b32c8d8-26d6-4732-b4e4-6e640603ba2d,GLÁRIMA Vi rosat DO Somontano Km0,4.79,4.95,2026-03-17 08:00:22
830,e7ce64fd-d390-42a3-b6d6-7970cddf6d10,SOMMOS Vi blanc DO Somontano Km0,10.49,10.89,2026-03-17 08:00:22
831,9c2944f0-5a5d-4253-9235-0ddc47f71d36,VILOSELL Vi negre ecològic DO Costers del Segre Km0,12.89,13.69,2026-03-17 08:00:22
832,1979f593-27aa-458e-9df3-4a86b44d4771,ANNA CODORNÍU Cava Brut Nature guarda,9.95,7.99,2026-03-17 08:00:23
833,719a0d8f-171d-4bb9-b732-3f928bea1d46,BACH Cava Brut Nature guarda,5.45,4.59,2026-03-17 08:00:23
834,209cab6a-5db6-4182-9c39-88b53276bf6e,BACH Cava Brut Nature guarda caixa,32.7,27.54,2026-03-17 08:00:23
835,92c55104-bbf7-470e-868a-8e3a25ae1506,BERTHA Cava Brut Nature guarda superior reserva ecològic,12.99,11.99,2026-03-17 08:00:23
836,16e28f3c-d36a-4f35-ba1e-0564d3ca18e2,BERTHA IVETTE Cava Brut guarda superior reserva ecològic,10.95,9.95,2026-03-17 08:00:23
837,5291218f-6727-43a0-b0ee-fee5de716ea4,CODORNÍU CUVÉE Cava Brut Nature guarda ecològic,7.25,5.99,2026-03-17 08:00:23
838,1bd87fa7-6a5a-4346-970a-a12ee18079f2,CONDE DE CARALT Cava Brut Nature guarda,5.95,5.49,2026-03-17 08:00:23
839,6c967534-e6ef-474f-aead-2e448e8c761f,ELYSSIA Cava Brut Nature guarda,9.99,8.99,2026-03-17 08:00:23
840,2ca59c5b-3673-4821-a3d6-bff5f6755849,KRIPTA FRANC Corpinnat Brut guarda superior reserva ecològic,12.99,11.89,2026-03-17 08:00:23
841,75da30e4-3fb7-4cb8-8a14-adceac1ff285,PARXET Cava Brut Nature guarda superior reserva,17.95,14.99,2026-03-17 08:00:23
842,c41b9e76-9ea3-4e9a-8cb8-5d2b8f62fa06,PERELADA Cava rosat Brut guarda,8.99,7.39,2026-03-17 08:00:23
843,ce277ca2-e64a-4e59-a431-293c54aac166,ANNA CODORNÍU Cava Brut Nature guarda caixa,59.7,47.94,2026-03-17 08:00:24
844,075fda2b-fd81-4fa8-85e1-90be1d140054,ANNA CODORNÍU Cava Brut guarda,9.95,7.99,2026-03-17 08:00:24
845,c10c0369-ca05-4dd9-89ba-11b2bb400884,ANNA CODORNÍU Cava rosat Brut guarda,9.95,7.99,2026-03-17 08:00:24
846,d68cfbe5-05ce-40d6-84ad-39b15359ed38,BACH Cava rosat Brut guarda,5.45,4.59,2026-03-17 08:00:24
847,574f94c1-02d1-401b-bd15-c4e6eeb2f60e,BACH Cava rosat Brut guarda caixa,32.7,27.54,2026-03-17 08:00:24
848,ef194fe6-de7e-476f-bf73-86994392f42a,BACH Cava semi sec,5.45,4.59,2026-03-17 08:00:24
849,be0dbdf2-f91b-4779-934a-e80f98de0c0b,CODORNÍU CUVEÉ Cava semi sec ecològic,7.25,5.99,2026-03-17 08:00:24
850,84680261-eb32-4120-ad61-c505fe1c2d86,CODORNÍU CUVÉE Cava Brut guarda ecològic,7.25,5.99,2026-03-17 08:00:24
851,d481ccd5-f4b3-4700-94de-80cce1de508b,CODORNÍU CUVÉE Cava rosat Brut guarda ecològic,7.25,5.99,2026-03-17 08:00:24
852,2b58ddd2-9fcb-4bf1-96c3-7690ec2a8c12,CONDE DE CARALT Cava Brut Nature guarda caixa,35.7,32.94,2026-03-17 08:00:24
853,d852f0ac-bcf5-4c62-a6a1-42dce37c3bca,ELYSSIA Cava Brut guarda,9.99,8.99,2026-03-17 08:00:24
854,1201125e-2ac4-4656-94ca-ffb699a5b39c,FREIXENET CAR.NEVADA Cava Brut guarda Km0,6.95,6.49,2026-03-17 08:00:24
855,ed741f92-852a-4908-9fb6-90a59a691d97,FREIXENET CAR.NEVADA Cava Semi sec guarda Km0,6.95,6.49,2026-03-17 08:00:24
856,be9215f4-6fb8-45e2-8aa4-b42b46b95417,JUVE CAMPS ESSENTIAL Cava Brut guarda superior reserva ecològic,14.69,13.89,2026-03-17 08:00:24
857,e39eaa96-64dc-4ab1-9f09-defb87a18f43,KRIPTA FRANC Cava Corpinnat Brut guarda superior reserva ecològic caixa,77.94,71.34,2026-03-17 08:00:24
858,bdba8b1c-a61a-4a20-8cc8-dd2d44127e38,KRIPTA ICÒNIC Corpinnat Brut Nature guarda super gran reserva eco Km0,17.95,19.95,2026-03-17 08:00:24
859,7f4005e1-2ec7-4765-99f6-023af17c7c0c,KRIPTA TREPAT Corpinnat rosat Brut guarda superior ecològic,15.25,12.95,2026-03-17 08:00:24
860,1ea1a8f2-7f6f-4277-beac-d0e431d42e6a,LACRIMA B. HERETAT Cava Brut guarda ecològic caixa,35.94,26.96,2026-03-17 08:00:24
861,9a9d748a-11ec-49cc-8cff-a0276ce71d96,LACRIMA B. SUMMUM Cava Brut Nature guarda superior reserva ecològic,9.99,8.99,2026-03-17 08:00:24
862,20cb4a20-5555-4a38-9cdb-227002d1303d,LACRIMA BACCUS Cava rosat Brut guarda caixa,35.94,26.96,2026-03-17 08:00:24
863,44324900-9de3-44ed-a0ab-c15dbb3e7fbf,MARTA PASSIÓ Cava rosat Brut guarda ecològic,11.95,10.75,2026-03-17 08:00:24
864,7022a42b-803a-4971-81eb-48213cfe4d22,PERELADA Cava Brut guarda superior reserva,8.75,7.39,2026-03-17 08:00:24
865,339821c1-df04-4010-821e-132c7befc17c,PROA Cava Brut Nature guarda caixa,34.74,26.06,2026-03-17 08:00:24
866,54781fd7-e7ce-418b-aefe-e676e1443266,RAIMAT Cava Brut Nature guarda ecòlogic caixa,59.7,44.78,2026-03-17 08:00:24
867,44b90779-12eb-4778-8989-31e38a99a4a1,ALBET I NOYA P.ALB. Vi escumós Brut guarda sup. reserva org eco DO Penedès caixa,59.7,44.78,2026-03-17 08:00:25
868,3b2f7247-b666-4996-a735-8ff772ee7654,ANNA CODORNÍU Cava Brut guarda caixa,59.7,47.94,2026-03-17 08:00:25
869,1ba8b853-246c-4b0b-9b8c-b686575adeb9,BACH Cava Brut guarda,5.45,4.59,2026-03-17 08:00:25
870,dc9557f2-3499-4784-9057-dc2e23117942,BACH Cava semi sec caixa,32.7,27.54,2026-03-17 08:00:25
871,19e1dc0c-3eb4-4055-9645-594ee4aab463,CASTELL DOR IMPERIAL Cava Brut guarda superior reserva ecològic,9.95,8.95,2026-03-17 08:00:25
872,d87d6ddb-a8ba-444d-8bc2-a154555e529e,CODORNÍU A. COLLECTA Cava Brut guarda superior reserva ecològic,19.85,16.99,2026-03-17 08:00:25
873,6c43ccba-d170-4891-96b8-7edf3cf41e74,CODORNÍU CUVÉE Cava semi sec ecològic caixa,43.5,35.94,2026-03-17 08:00:25
874,1e4ad963-0d73-4d8a-9c4c-9e4bb3a30f26,CODORNÍU Cava Brut guarda ecològic caixa,43.5,35.94,2026-03-17 08:00:25
875,1b935637-aba9-49a9-a814-f087e8832c73,ESSENTIAL PINOT NOIR Cava rosat Brut guarda,16.25,15.29,2026-03-17 08:00:25
876,2c2e25a1-078d-4f71-b8ff-091dcf279d41,JUVÉ CAMPS ESSENTIAL Cava Brut guarda superior reserva ecològic caixa,88.14,83.34,2026-03-17 08:00:25
877,e814c223-611a-4a1a-b7ba-2e445a2be45b,LACRIMA B. HERETAT Cava Brut Nature guarda ecològic caixa,47.94,35.96,2026-03-17 08:00:25
878,ac5c7b31-112d-4797-9357-84f322e74da7,LLOPART LEOPARDI Corpinnat Brut Nature guarda superior gran reserva ecològic,28.75,27.95,2026-03-17 08:00:25
879,ef9b96ac-9201-4513-b3cb-20209779517b,ORIOL ROSSELL Cava Brut guarda superior reserva ecològic,10.95,9.85,2026-03-17 08:00:25
880,430d61ae-edeb-46f6-90e6-3c2a1d3d6738,RAIMAT CIM DEL TURÓ Cava Brut Nature guarda caixa,89.94,102.0,2026-03-17 08:00:25
881,ba700bbe-121a-434e-acf7-05849433ed86,RAIMAT FRED D PONENT Cava Brut guarda ecològic caixa,89.94,102.0,2026-03-17 08:00:25
882,f09a0d66-a29a-4dd9-a798-76561338e1b9,ANÍS DEL MONO Anís dolç,8.89,8.45,2026-03-17 08:00:27
883,3d51a2e3-2636-4064-914a-3b43e0ae93ba,BAILEYS Crema de licor de whisky,15.99,13.95,2026-03-17 08:00:27
884,2931276a-8927-457b-ae57-e4c82a2192e5,BEEFEATER Ginebra,13.89,13.45,2026-03-17 08:00:27
885,ab68dc4a-bf69-4140-941b-df8696e42352,CASTREÑO Licor crema amb Orujo,6.35,5.99,2026-03-17 08:00:27
886,aaa1c745-737b-4f81-9455-c89375c4b644,EL BANDARRA Vermut negre,9.39,7.99,2026-03-17 08:00:27
887,3f856a6e-f45b-40cb-ba53-a88f197a8bf6,L'HÒSTIA Ratafia,12.95,9.95,2026-03-17 08:00:27
888,0e3d3063-7c3a-43fb-b34b-22b2073f060f,MAGNO Brandi de Xerès Solera Reserva,12.69,11.45,2026-03-17 08:00:27
889,fa817059-0e7c-4086-a00c-cb51ab87f798,MARTINI Vermut blanc dolç,11.89,10.99,2026-03-17 08:00:27
890,027cc4e3-897a-484d-96fe-5bc9cb72cfc1,MARTINI Vermut negre,11.89,10.99,2026-03-17 08:00:27
891,86e7d261-5c36-4d5c-9668-7e755b16e022,MIRÓ Vermut casolà,8.95,7.99,2026-03-17 08:00:27
892,b21495e2-bc61-4a05-b6c2-de6efd2ea891,MIRÓ Vermut negre,7.95,6.79,2026-03-17 08:00:27
893,6f0b1d48-3461-4269-9193-10a5edabe904,RAIMAT CIM DEL TURÓ Cava Brut Nature guarda,14.99,16.95,2026-03-17 08:00:27
894,eb4d977b-3508-4fad-8968-972f1d314ff8,RAIMAT FRED D PONENT Cava Brut guarda ecològic,14.99,16.95,2026-03-17 08:00:27
895,f78f18eb-32b1-4695-9e2a-462d138bc537,RAVENTÓS DE NIT Escumós rosat Brut guarda superior reserva,19.99,23.95,2026-03-17 08:00:27
896,b69771b6-b053-4b9e-9bfd-f29e35612d03,RUAVIEJA Licor d'herbes,10.55,9.39,2026-03-17 08:00:27
897,19ecdb5e-3da4-4896-976c-0e98e323c66d,SOBERANO Beguda espirituosa,9.49,8.75,2026-03-17 08:00:27
898,24520ea4-8363-4a8c-a317-10883ce1d376,TORRES 10 Brandi Gran Reserva Imperial Penedès Km0,11.95,11.49,2026-03-17 08:00:27
899,00fbc932-6f84-487b-acb4-084707c72ac6,VETERANO Beguda espirituosa,9.69,8.75,2026-03-17 08:00:27
900,ac4fb472-9836-4ec4-a319-721cf8fa7a1a,YZAGUIRRE Vermut blanc,8.35,7.69,2026-03-17 08:00:27
901,82f13d09-70c0-4c7b-a8ff-6c4c47195925,YZAGUIRRE Vermut negre,8.35,7.69,2026-03-17 08:00:27
902,760ec03e-94df-48b5-bb6d-b069bc7c1325,YZAGUIRRE Vermut negre reserva,12.2,11.49,2026-03-17 08:00:27
903,327da9d9-bf0f-49d4-a88b-ae5dbc13fe24,ANÍS DEL MONO Anís sec,10.95,10.49,2026-03-17 08:00:28
904,c5660a53-b4a1-4e0f-b41e-7594f15000c9,BACARDI Combinat de rom amb limona,2.59,1.69,2026-03-17 08:00:28
905,117ff704-e266-40e7-8ee1-e53a2263e730,BACARDI Còctel mojito,2.59,1.69,2026-03-17 08:00:28
906,6b77fa26-503c-46ff-b6df-c80c9acf999b,BARCELÓ Rom Imperial,29.95,28.85,2026-03-17 08:00:28
907,35f7ecb2-d242-464b-8c4f-2ead892c2a8e,BRUGAL Rom anyenc,15.39,13.49,2026-03-17 08:00:28
908,6ecdddf3-9c01-4895-9f05-30b48cf41fa8,BULLDOG Ginebra London,25.49,21.99,2026-03-17 08:00:28
909,758edbeb-b113-465d-b994-ea886d444842,CABALLERO Licor,12.35,11.65,2026-03-17 08:00:28
910,cdf6c48a-bb8b-4e1c-ba0e-5aec38f49e5d,CARDHU Whisky escocès de malta,31.99,29.99,2026-03-17 08:00:28
911,4ab3800a-330a-4e25-bfc2-d486dbd694d1,CARLOS I Brandi de Xerès solera Gran Reserva,27.39,24.99,2026-03-17 08:00:28
912,de1d7008-2dc6-4b6a-89cc-a24ca6dc5f4a,CARLOS III Brandi de Xerès Solera Reserva,12.45,11.79,2026-03-17 08:00:28
913,d4fad087-c1d2-4dd2-ba1d-7d3da073cdbc,CHIVAS REGAL Whisky escocès de 12 anys,29.49,28.99,2026-03-17 08:00:28
914,8ed4550f-2ccd-4501-a341-3de1b6c936b4,DEWARD'S Whisky escocès,18.99,17.99,2026-03-17 08:00:28
915,19af8382-8081-4481-8cf1-b90f7253650c,DISARONNO Licor Amaretto,17.49,15.99,2026-03-17 08:00:28
916,7c0cd80e-d1d9-4bf9-9457-d548b5b777d6,DYC Whisky,15.55,12.49,2026-03-17 08:00:28
917,34b228d3-fbdb-4845-b935-7d4b6b9af3d8,EL BANDARRA Caixa 6u. de vermut negre,56.34,47.94,2026-03-17 08:00:28
918,d1ac7dbd-aa2f-49ac-b18d-c4f97ac9868d,ETXEKO Patxaran,14.35,12.19,2026-03-17 08:00:28
919,5a295707-2b3d-45bd-a156-6bec905af3bf,FAMOUS GROUSE Whisky escocès,19.69,14.95,2026-03-17 08:00:28
920,5f1aae86-f89a-4759-9e08-c5e2107bbb2c,FIREBALL Licor de whisky,13.85,12.49,2026-03-17 08:00:28
921,73b95cc1-8df1-43c2-b87b-7258d31ff8ba,FOUR ROSES Whisky Bourbon,18.65,16.49,2026-03-17 08:00:28
922,bc95acca-1c36-4e89-835a-95d5f5e00112,GLEN GRANT Whisky de malta,31.59,24.99,2026-03-17 08:00:28
923,8fcd86d7-61d5-4cc2-960a-e929ac91ca27,GLENFIDDICH Whisky escocès,42.95,38.95,2026-03-17 08:00:28
924,8f21b7a7-6a44-4a1e-b7e6-c041c7100914,GORDON'S Ginebra London Dry Gin,12.15,10.99,2026-03-17 08:00:28
925,ba7acaf3-b898-4584-86fe-f2dee438244c,GRANPECHER Licor de préssec,8.79,7.85,2026-03-17 08:00:28
926,daca84f9-8177-48f9-be57-bd1b8956aebf,GRANPOMIER Licor de poma,8.79,7.85,2026-03-17 08:00:28
927,1b7e6115-26de-454e-9900-1f699dfe77ef,JAGERMEISTER Licor d'herbes,15.25,14.25,2026-03-17 08:00:28
928,c1327286-11f8-48c5-91be-fb215aea1f58,JAMESON Whisky irlandès,19.9,17.99,2026-03-17 08:00:28
929,794035cf-5225-46ec-94d4-26ded5d5a988,JOHNNIE WALKER Whisky escocès Black Label,28.89,25.99,2026-03-17 08:00:28
930,fe930095-fdda-4816-8dbe-28b981a2306b,JOSE CUERVO Tequila especial silver,16.39,14.95,2026-03-17 08:00:28
931,56b662cf-c4db-4e63-a752-838243182257,JOSE CUERVO Tequila reposat,16.89,15.19,2026-03-17 08:00:28
932,72cfeeaa-94f2-4c97-860b-6c6d7278e51b,KICK THE RULES Crema de maduixa amb tequila,10.89,9.49,2026-03-17 08:00:28
933,31ec8d93-13ce-40cc-b5b2-ad48d7916a7b,KICK THE RULES Crema de mango amb tequila,9.99,9.49,2026-03-17 08:00:28
934,b65449aa-b618-4c03-8acd-ef52beae48ec,KICK THE RULES Crema de síndria amb tequila,9.99,9.49,2026-03-17 08:00:28
935,a7927de0-a917-4127-b7af-1576ec2cd842,LARIOS Ginebra maduixa Rosé,12.99,12.75,2026-03-17 08:00:28
936,9670a4ea-de51-4488-8a4b-bca1f2c3b1e4,MIRÓ Vermut blanc,7.95,6.79,2026-03-17 08:00:28
937,c36da6c8-f0c1-4041-9943-74b0cb0a67f9,MONKEY SHOULDER Whisky,28.89,25.99,2026-03-17 08:00:28
938,bbc4a5d7-841a-4c23-8dbd-dc2dade5149f,MOSKOVSKAYA Vodka,10.75,9.49,2026-03-17 08:00:28
939,9a341622-f97d-4468-a006-543bc5c9ceb3,NORDES Ginebra,27.59,24.99,2026-03-17 08:00:28
940,6173074f-730a-4897-b883-65307a282890,RUAVIEJA Crema d'orujo,12.99,11.99,2026-03-17 08:00:28
941,b1d82a98-dac6-47ae-9c08-448ec334237f,SEGADORS DEL DELTA Crema de licor d'arròs Km0,9.25,7.89,2026-03-17 08:00:28
942,af6892e0-38e5-4302-9da1-345e46e1be01,SMIRNOFF Vodka,11.79,10.99,2026-03-17 08:00:28
943,653d5ca3-bd00-4aa9-9ccd-583d0b7cf45f,SOLERA 1866 Brandi Solera 1866,44.95,49.95,2026-03-17 08:00:28
944,d7955377-b213-4e96-bc63-a033e62c317b,SUNTORY Ginebra japonesa Gin Roku,22.95,19.95,2026-03-17 08:00:28
945,caa1d040-c950-4fd5-b69c-e91436085763,CUTTY SARK Whisky escocès,16.45,16.95,2026-03-17 08:00:29
946,127349d9-66a9-4a82-85a7-0832d6fd1d66,JOHNNIE WALKER Whisky escocès Red Soul,19.49,16.99,2026-03-17 08:00:29
947,4f51a6c7-623b-4f59-bf7b-f0fa49d01d28,MARIE BRIZARD Anissat,7.15,7.65,2026-03-17 08:00:29
948,8f389ef3-39ab-44df-b611-c7ee58a2e67a,TANQUERAY Ginebra,13.95,13.99,2026-03-17 08:00:29
949,395e5fb7-e0f9-4a0e-83e7-eda73b51705b,JOHNNIE WALKER Whisky escocès Reb Label,14.45,14.49,2026-03-17 08:00:30
950,5bded696-c37f-4698-a904-43a057339dbf,ERISTOFF Vodka,12.89,14.95,2026-03-17 08:00:31
951,d9523e85-ac9a-4618-a053-de64f12090d6,GREY GOOSE Vodka Original,49.99,54.99,2026-03-17 08:00:31
952,d3d7fd5f-3484-410d-8dfa-205ca5550f62,JURA JOURNEY Whisky Bourbon,24.95,27.85,2026-03-17 08:00:31
953,6166a326-50fe-45f9-b889-044c6e190320,MANGAROCA Licor amb coco,9.99,11.99,2026-03-17 08:00:31
954,10597cdf-3783-4567-a8d3-f69e4371aa96,PECHERY Crema de licor de festuc,9.95,11.85,2026-03-17 08:00:31
955,b2bcc319-c85c-4b4c-9068-3e1ea7c3029b,PETRONI Aperitiu,9.99,13.1,2026-03-17 08:00:31
956,f6458565-d1d5-44de-a950-1c99ca7d763d,PUERTO DE INDIAS Ginebra Sweet Melon,15.95,16.45,2026-03-17 08:00:31
957,04b73c08-6cad-4c64-b2fc-847412fb9f55,MIONETTO Aperitiu,7.99,9.99,2026-03-17 08:00:32
958,35884f5a-1afc-424d-b7d3-758f386c5adc,ALPRO Pack 6u. beguda d'ametlles sense sucre,13.14,6.57,2026-03-17 08:00:33
959,809168de-970f-4f93-965b-e6032dc73127,ALPRO Pack 6u. beguda de civada,11.94,7.76,2026-03-17 08:00:33
960,d78fb46c-a4b1-4e8d-bf78-ceac4a16bdae,VIVE SOY Beguda de soja 6x1L en cartró,11.7,8.78,2026-03-17 08:00:33
961,8d9d1144-ba43-4180-bf6a-2ee7188365c2,YOSOY Beguda de civada 6x1L en cartró,7.43,9.9,2026-03-17 08:00:33
962,31027bc0-82b4-4ed7-8684-a19fd324fe0f,ALPRO Pack 6u. beguda de soja,8.96,11.94,2026-03-17 08:00:34
963,61f97c33-ef5a-4e49-98c0-f4b86d4e2d51,ECOCESTA Beguda d'ametlles sense sucre ecològica,2.45,2.95,2026-03-17 08:00:34
964,120e8452-95c6-4588-b4a8-48eccdc0509b,ALPRO Pack 6u. beguda de soja lleugera,8.96,11.94,2026-03-17 08:00:35
965,64c267e5-99c1-48de-8f45-393d4c028cbd,BONPREU Gamba pelada,3.95,3.65,2026-03-17 08:00:36
966,dab73ec4-47c3-477e-9516-9d92feff233d,BONPREU Sípia neta,8.95,8.59,2026-03-17 08:00:36
967,0023cf1c-bcb0-43b7-8c13-5b2f7ef93555,ESSENTIAL Cua de rap,6.59,6.95,2026-03-17 08:00:36
968,ee67cabe-9517-4d6c-b3ae-2e1b7185e8fd,FERRER Fruits del mar,4.29,3.95,2026-03-17 08:00:36
969,a64ba629-f005-4a02-9b33-527d07a39d81,FERRER Gamba Cristal,5.59,4.99,2026-03-17 08:00:36
970,dbb13e62-c1da-42b8-85c4-6cdb6ed66b4d,PESCANOVA Cors de lluç del Cap,7.55,6.99,2026-03-17 08:00:36
971,54090f0f-f58b-41b8-a6d9-3b6ac36eee10,BONPREU Rodanxes de lluç del Cap,4.75,4.95,2026-03-17 08:00:37
972,abefa7ee-ce85-4410-b212-e4e570c0157e,PESCANOVA Lluç Crunchyx sense gluten,3.95,4.69,2026-03-17 08:00:37
973,da80afef-f2d1-4aea-9d25-c7ff2abd72f5,FINDUS Espàrrecs verds sencers,4.99,4.39,2026-03-17 08:00:38
974,80c99a79-7621-4205-88e6-716ed89dc3c4,FINDUS Gnocchi caprese Salto,3.99,2.99,2026-03-17 08:00:38
975,10718a65-bc34-4814-8d9c-1ba44ec975db,FINDUS Faves Baby,3.99,4.99,2026-03-17 08:00:39
976,cbf3d759-8925-4241-9b5f-f4993df2c944,DE CECCO Pasta per lasanya,2.49,2.95,2026-03-17 08:00:40
977,848506de-260d-427c-a3a3-ec7b81eac3a1,FINDUS Burger de peix,4.79,2.99,2026-03-17 08:00:40
978,974cf1af-3c6c-482c-86cd-de72e6a8fef0,LA COCINERA Canelons d'espinacs i formatge 3u.,2.99,2.49,2026-03-17 08:00:40
979,3af95f0e-a07c-40e9-bf72-24d5ef6bf015,LA COCINERA Canelons de bolets,2.99,2.49,2026-03-17 08:00:40
980,46b73a9d-3647-4e33-9d52-8435448b7873,LA COCINERA Lasanya barbacoa,2.99,2.49,2026-03-17 08:00:40
981,0a78a440-f0fe-4116-b943-629774d35184,PESCANOVA Capritxos a la romana,3.95,4.69,2026-03-17 08:00:41
982,87a7d987-8f0c-4efb-a4a6-63610f848301,FINDUS Arròs amb pollastre Tikka Masala,3.59,4.89,2026-03-17 08:00:42
983,d6509313-9f03-47ca-8eae-02182b00d085,FINDUS Filets de peix Fish&Chips,4.79,2.99,2026-03-17 08:00:42
984,1b0122a6-9557-46af-b8e7-35adc1cad3f3,FINDUS Varetes de lluç MSC,2.99,1.99,2026-03-17 08:00:42
985,ddc0962e-685d-4905-bdb0-3b11d95c96b1,"LA COCINERA Canelons de carn ""Recetas Artesanas"" 6u.",3.49,3.99,2026-03-17 08:00:42
986,34dd3e33-465c-4b4f-b369-9ac2b2e2a411,LA COCINERA Nuggets de pollastre sense gluten,7.29,5.99,2026-03-17 08:00:42
987,8f2cdaed-3289-4e97-bd8f-f27a7545d2cb,LA CASA DE LA PIZZA Pizza d'espelta de 4 formatges,4.95,4.99,2026-03-17 08:00:46
988,83649ffd-0c29-4bcb-bf3c-ea0a1b845e19,LA CASA DE LA PIZZA Pizza d'espelta de pernil i ceps,4.95,4.99,2026-03-17 08:00:46
989,65c9029d-6cb7-4bb3-827c-cdfcf7e570f5,HÄAGEN-DAZS Gelat de dolç de llet,7.59,7.49,2026-03-17 08:00:47
990,d7f284d7-2624-4b7b-ad0e-27b0f3e8e164,HÄAGEN-DAZS Gelat de mango i gerds,7.59,7.49,2026-03-17 08:00:47
991,c82d31d8-af7b-4853-b709-3d2cc3f134e8,HÄAGEN-DAZS Gelat de vainilla,7.59,7.49,2026-03-17 08:00:47
992,c207ff3a-ec4e-405d-8a10-3ae14b6141ef,AIROS Coulant de xocolata sense gluten,3.79,4.2,2026-03-17 08:00:53
993,85770835-3063-42ba-b280-85c75d2b4cc7,AIROS Pastís de nata i crema sense gluten,11.55,9.99,2026-03-17 08:00:53
994,7686d8fb-6068-4fd0-bdd8-55ab3355d061,AIROS Profiterols de nata,5.49,4.95,2026-03-17 08:00:53
995,0ff7199a-9541-4f46-aef6-d7f9637451d4,ARDO Maduixes,2.65,2.69,2026-03-17 08:00:53
996,ba3dbc36-9a48-4323-9e29-54e4a9b8327b,"PASTIOLOT Pastís de nata, trufa i crema",7.89,8.79,2026-03-17 08:00:53
997,d465167e-0b73-497b-acd0-12fc06f36dc5,PASTIOLOT Pastís lingot crema catalana,5.89,6.55,2026-03-17 08:00:53
998,56494335-44ed-4ea2-853e-0040ff81e545,MAHESO Porres,2.55,2.99,2026-03-17 08:00:55
999,84547a24-2983-4d8f-8d36-842b1a711542,ATO Llet desnatada en cartró,1.18,1.12,2026-03-17 08:00:56
1000,e5de5fdd-d92e-4d37-aed4-a8d1d9f229d6,ATO Llet semidesnatada en cartró,1.24,1.18,2026-03-17 08:00:56
1001,ca32dcf9-bc39-46bd-a90b-91c295e5fc57,ATO Llet sencera en cartró,1.28,1.23,2026-03-17 08:00:56
1002,f9f2e373-71a0-4da6-87d8-280c16c6c73b,ATO NATURA Llet desnatada 6x1L en cartró,7.08,6.72,2026-03-17 08:00:56
1003,9d58ce48-18a0-4d44-bbc5-56309022f9cc,ATO NATURA Llet semidesnatada 6x1L en cartró,7.44,7.08,2026-03-17 08:00:56
1004,eb711f1b-9d75-4e07-9a0a-4d5a1ac074a1,ATO NATURA Llet sencera 6x1L en cartró,7.68,7.38,2026-03-17 08:00:56
1005,3f5ffe96-2529-4470-94c8-1c6cb6e0c93a,KAIKU Llet desnatada sense lactosa en cartró,1.35,1.3,2026-03-17 08:00:56
1006,b2f51988-7576-4724-8358-8c43aaf1611a,KAIKU Llet semidesnatada sense lactosa 6x1L en cartró,8.34,8.1,2026-03-17 08:00:56
1007,8d64e6c9-f303-49b0-b7f0-177f309dcd79,KAIKU Llet semidesnatada sense lactosa en cartró,1.39,1.35,2026-03-17 08:00:56
1008,be2b0d4b-9030-4276-9cd4-426dab57d432,KAIKU Llet sencera sense lactosa en cartró,1.39,1.35,2026-03-17 08:00:56
1009,5346088e-98bd-4ca9-b9f7-02aa8544ea13,KAIKU S/LACTOSA Llet desnatada sense lactosa 6x1L en cartró,8.1,7.8,2026-03-17 08:00:56
1010,3e960f81-08ac-4535-a822-6a3c4217739e,KAIKU S/LACTOSA Llet sencera sense lactosa 6x1L en cartró,8.34,8.1,2026-03-17 08:00:56
1011,a5e70a02-a042-4f8b-a7c2-0a250a094861,LETONA Llet fresca semidesnatada en ampolla,2.25,1.99,2026-03-17 08:00:56
1012,98c38dad-edf8-42c1-ae08-fc272e28b6fd,PASCUAL Llet desnatada amb calci en cartró,1.79,1.39,2026-03-17 08:00:56
1013,5ddb4473-5379-4305-92c3-b4c867dbdbaf,PULEVA Llet desnatada sense lactosa en ampolla,1.35,1.15,2026-03-17 08:00:56
1014,daa62e6f-1db3-4323-a847-ad9a271d9a6a,PULEVA Llet semidesnatada 6 x1 L en cartró,8.34,7.14,2026-03-17 08:00:56
1015,b8b16408-e205-4c2e-8328-047970d60bf1,PULEVA Llet semidesnatada sense lactosa en ampolla,1.39,1.19,2026-03-17 08:00:56
1016,078c895c-99ea-4142-b77f-5ef3eb56c2ce,PULEVA Llet sense lactosa en ampolla,1.45,1.29,2026-03-17 08:00:56
1017,59249baf-6c7a-4da7-8fc4-b679e3a62bc1,PULEVA MAX Beguda làctia energia i creixement,1.79,1.59,2026-03-17 08:00:56
1018,c85a217b-19fb-4bcc-949e-b7903761f8ee,PASCUAL CALCI Llet desnatada amb calci 6x1L en cartró,10.74,8.34,2026-03-17 08:00:57
1019,c626339f-daf0-4d34-a021-7499bf98c304,PASCUAL CALCI Llet semidesnatada amb calci 6x1L en cartró,10.74,8.34,2026-03-17 08:00:57
1020,67540fe6-1988-4a9a-97f9-7625f2e95f6c,PASCUAL Llet semidesnatada amb calci en cartró,1.79,1.39,2026-03-17 08:00:57
1021,7bcf3f31-c6b3-4991-86dd-092d287b31a7,PEQUES 3 Llet de creixement 6x1 L en cartró,11.94,11.34,2026-03-17 08:00:57
1022,41c720e6-f156-4cfc-8872-d0abbbe7a307,PEQUES 3 Llet de creixement en cartró,1.99,1.89,2026-03-17 08:00:57
1023,21774b5b-a5d6-4c2a-9a64-16e656d26cbf,PULEVA Llet desnatada sense lactosa 6x1L en ampolla,8.1,6.9,2026-03-17 08:00:57
1024,3fc21b07-d538-4d08-ac89-5a2f4dc66c5d,PULEVA Llet infantil creixement Peques 3,1.99,1.89,2026-03-17 08:00:57
1025,e9bc78e5-1694-43a4-9db4-78a30d4fe1cd,PULEVA Llet sense lactosa 6x1L en ampolla,8.7,7.74,2026-03-17 08:00:57
1026,b9e99bac-ed94-4aaf-8540-1b3f6b880a84,PULEVA MAX Llet energia i creixement 6x1L en cartró,10.74,9.54,2026-03-17 08:00:57
1027,6c2c2fb7-53a4-4d52-b752-047dd1e3152a,ATO Llet semidesnatada sense lactosa en cartró,1.29,1.38,2026-03-17 08:00:58
1028,7a9c9fb5-95f9-4969-9178-a2c646e7c3c2,LETONA Llet fresca sencera en ampolla,2.59,2.89,2026-03-17 08:00:58
1029,350c00c9-922c-4f2f-9185-f8df5851407f,ATO Llet desnatada sense lactosa en cartró,1.24,1.34,2026-03-17 08:00:59
1030,804aa8ce-b26e-4129-a0fb-acb941e87209,PASCUAL Llet semidesnatada en cartró,1.19,1.35,2026-03-17 08:00:59
1031,7fc2be60-df4b-458a-b526-3b6d9b04c3fc,PASCUAL Llet sencera en cartró,1.25,1.39,2026-03-17 08:00:59
1032,7b290edb-cc63-431c-9b1a-1ca2122e7baa,PULEVA OMEGA 3 Beguda làctia desnatada,1.75,1.89,2026-03-17 08:00:59
1033,f7b2f411-4cf5-4aa7-a34f-fad079e0c650,ATO Llet semidesnatada sense lactosa  6 x1 L en cartró,7.74,8.28,2026-03-17 08:01:00
1034,d1e17a47-c4d2-476f-8277-1bda12b38c28,PASCUAL Llet desnatada en cartró,1.15,1.29,2026-03-17 08:01:00
1035,57618615-351f-404c-974c-e3c52fd72490,PASCUAL Llet semidesnatada 6x1L en cartró,7.14,8.1,2026-03-17 08:01:00
1036,3bdfbe29-bf90-4979-9553-ab3d989f6394,PASCUAL Llet sencera 6x1L en cartró,7.5,8.34,2026-03-17 08:01:00
1037,e191169b-4a14-4bd2-8d3b-61f31fd1749e,PULEVA OMEGA 3 Beguda làctia desnatada 6x1L en ampolla,10.5,11.34,2026-03-17 08:01:00
1038,77459bf3-6b04-48b5-99bc-fee8da6c67c2,PULEVA OMEGA 3 LLet desnatada amb nous en cartró,1.75,1.95,2026-03-17 08:01:00
1039,38719987-8eb3-4b1f-949e-ad815515851f,PULEVA OMEGA 3 Llet desnatada sense lactosa en cartró,1.75,1.95,2026-03-17 08:01:00
1040,16ffa902-21bb-40bd-a5e8-2270f57f3ba4,ASTURIANA Llet desnatada,1.35,1.45,2026-03-17 08:01:01
1041,11c66e9e-8aae-4b93-99a0-cdf2bd55ccf8,ATO Llet sense lactosa 6 x1 L en cartró,7.44,8.04,2026-03-17 08:01:02
1042,354821d4-7868-4842-b694-bf7da0fb8a2a,PASCUAL Llet desnatada 6x1L en cartró,6.9,7.74,2026-03-17 08:01:02
1043,6c2af6cf-3b81-4876-8f7a-57c47dd62f1d,PULEVA OMEGA3 Llet desnatada sense lactosa 6x1L en cartró,10.5,11.7,2026-03-17 08:01:02
1044,4d58aecd-122d-4c9d-ab27-11312ce6b149,ASTURIANA Pack 6u. Llet desnatada,8.1,8.7,2026-03-17 08:01:03
1045,ad6b0f04-f44a-42e4-87c1-e5334f97708b,PULEVA OMEGA3 Llet desnatada amb nous 6x1L en cartró,10.5,11.7,2026-03-17 08:01:03
1046,80053387-6a22-4965-96b8-302e3c7c8d25,YOSOY Beguda de civada amb matxa 0% 6x1L en cartró,11.03,14.7,2026-03-17 08:01:03
1047,8273e83d-7cf9-4cbc-a2ba-88e35c3a1429,ARIAS Mantega fàcil d'untar,3.6,3.19,2026-03-17 08:01:04
1048,30ece710-5977-4de4-a5ce-f29ab6024910,ASTURIANA Nata muntada ensucrada sense lactosa,2.59,2.85,2026-03-17 08:01:04
1049,3aa6b33a-ddde-4345-87d9-9ac0f767a00f,ATO Nata líquida UHT per cuinar,2.89,3.05,2026-03-17 08:01:04
1050,e84606d4-bd70-4d4a-bd19-445e84b37817,ATO Nata líquida UHT per cuinar,1.65,1.45,2026-03-17 08:01:04
1051,0677771d-752b-492c-b9d6-1bd0aa932a17,ATO Nata líquida UHT per muntar,1.55,1.45,2026-03-17 08:01:04
1052,28ce5ff4-9adb-4248-8d74-566745c15aed,PRÉSIDENT Mantega amb sal,4.79,4.49,2026-03-17 08:01:04
1053,3d0514bb-aa2d-444d-ba74-729d945de77b,TULIPAN Crema vegetal per muntar,1.99,0.99,2026-03-17 08:01:04
1054,a1832e05-9604-4d1c-b3d2-440f1d932ce5,TULIPAN Plantequilla,2.29,1.49,2026-03-17 08:01:04
1055,c12a5681-0a97-4a24-a77a-56ef8cc0df3e,PRÉSIDENT Nata fresca extracremosa,2.49,2.95,2026-03-17 08:01:05
1056,7bd85d15-db69-40c4-8beb-d3f3c40859f4,CACAOLAT Batut de cacau Kids,1.0,1.35,2026-03-17 08:01:07
1057,83feae70-9f44-47c2-b4e4-ddd7badf59b6,JUST LOADING Batut de proteïna cookie,1.39,1.65,2026-03-17 08:01:07
1058,c81d0366-3f48-41cb-ad6f-81bd7d52850f,GILDO E MARIA Tiramisú,5.99,5.49,2026-03-17 08:01:08
1059,debb40ea-3ce8-404e-8f21-b9c49e38deca,LA FAGEDA Flam d'ou,2.55,1.99,2026-03-17 08:01:08
1060,7649b2aa-4208-4c07-84f5-80d58154b5e6,LA FAGEDA Flam de vainilla,2.35,1.99,2026-03-17 08:01:08
1061,b36bbc7a-f2b9-47c8-aa71-c0935bb5f417,ROYAL Gelatina gust fruites del bosc 0% sucres,1.85,1.9,2026-03-17 08:01:08
1062,8aedc413-03f9-4121-960d-11d1880410f0,ROYAL Gelatina gust maduixa 0% sucres en lot de 4,1.85,1.9,2026-03-17 08:01:08
1063,f84b0471-e76a-4632-ac87-f9db7cdc9fea,ROYAL Gelatina gust nabius 0% sucres,1.85,1.9,2026-03-17 08:01:08
1064,dfeb0a01-a735-4cff-9b3d-5864e1116c05,ROYAL Gelatina gust tropical 0% sucres,1.85,1.9,2026-03-17 08:01:09
1065,bd5796b9-037e-4c7f-a6db-cf8ba7efb880,LA FAGEDA Bífidus desnatat natural,2.25,2.49,2026-03-17 08:01:12
1066,aab9351d-b543-4ec7-8bf7-730879bb034f,LA LECHERA Iogurt amb maduixes,1.37,1.49,2026-03-17 08:01:13
1067,754d1fdd-e3d3-4827-b0c7-51f06a26c16d,LA FAGEDA Bífidus natural,2.25,2.49,2026-03-17 08:01:14
1068,1e67625d-90ed-48ed-bd90-2d782cc9f3cb,LA LECHERA Iogurt amb préssec,1.37,1.49,2026-03-17 08:01:15
1069,9134067f-ac90-48c9-a6f5-00ede83a1f82,LA LECHERA Mousse de llimona,2.25,2.19,2026-03-17 08:01:15
1070,77ce52f5-1f8b-4f91-bf4d-742f56654f70,LA LECHERA Mousse duo de xocolata amb llet i blanca,2.25,2.19,2026-03-17 08:01:16
1071,6934970d-8a88-48df-9092-520f77881924,BONPREU Ous frescos de gallines criades a l'aire lliure M,2.3,2.09,2026-03-17 08:01:19
1072,04f4cc83-4ef9-4525-a7e7-b0135688b7ab,BONPREU Ous frescos de gallines soltes en el galliner L,3.45,3.2,2026-03-17 08:01:19
1073,a133a709-a4d5-419b-8577-a9042c15380e,BONPREU Ous frescos de gallines soltes en el galliner L,1.85,1.8,2026-03-17 08:01:19
1074,e1aa6452-3b46-4968-813b-183cc137d2fa,BONPREU Ous frescos de gallines soltes en el galliner L,3.45,3.2,2026-03-17 08:01:19
1075,d9fc6a27-c4f9-4f92-8f0e-1b1e41f053a5,BONPREU Ous frescos de gallines soltes en el galliner M,3.25,2.99,2026-03-17 08:01:19
1076,e69874b4-186e-4db9-b6a7-fcff62a5e478,BONPREU Ous frescos de gallines soltes en el galliner XL,3.85,3.65,2026-03-17 08:01:19
1077,95317e9e-022b-4d0f-9288-c37499b972c7,BONPREU Ous frescos ecològics classe L,4.99,4.85,2026-03-17 08:01:19
1078,4804bdf1-4cdd-499c-b722-be1547f594b3,BONPREU Ous frescos ecològics classe L,4.99,4.85,2026-03-17 08:01:19
1079,8ceb00fe-a59c-4e1d-b02f-0a075ddb0e2e,BONPREU Ous frescos ecològics classe M,2.99,2.95,2026-03-17 08:01:19
1080,6a0e3057-074d-4472-8d75-9d777453d4af,BONPREU Ous frescos de gallines criades a l'aire lliure M,2.3,2.09,2026-03-17 08:01:20
1081,7f323293-fdc7-4fc8-863e-7dae7801617e,BONPREU Ous frescos de gallines criades a l'aire lliure XL,3.1,2.85,2026-03-17 08:01:20
1082,a4551f46-3e14-4448-9910-54bebdb034c3,BONPREU Ous frescos de gallines soltes en el galliner L,1.85,1.8,2026-03-17 08:01:20
1083,509e45aa-cc90-4adb-8a17-7cd33e81770e,BONPREU Ous frescos de gallines soltes en el galliner M,3.25,2.99,2026-03-17 08:01:20
1084,ce6f850c-1209-47d3-9881-4c1531b4367c,BONPREU Ous frescos de gallines soltes en el galliner XL,3.85,3.65,2026-03-17 08:01:20
1085,a65973ac-801a-4b3a-bac4-9b2e8becacd9,BONPREU Ous frescos ecològics classe M,2.99,2.95,2026-03-17 08:01:20
1086,96fc6ac7-d6b5-4921-b0ea-99b516859aa6,CALYPSO Esponja de bany Fleur de Bain,2.99,2.25,2026-03-17 08:01:21
1087,73f8ba58-64eb-4f35-b1d4-ac54b5316903,FRESHLY KIDS Gel de bany per a nadons Mango,17.95,13.45,2026-03-17 08:01:21
1088,7a3497ba-7c88-4b40-bb8e-fc8766b1ecad,TIMOTEI Xampú camamilla,2.95,2.69,2026-03-17 08:01:24
1089,9167693c-fa40-404b-9f65-bb949fc78b11,FRESHLY Protector tèrmic i desenredant per a cabells amb keratina,19.95,14.95,2026-03-17 08:01:25
1090,ead7acd7-b2c1-4b13-9256-5b66f0c09e55,LLONGUERAS Tint de color ros clar nº8 Color Advance,7.65,5.99,2026-03-17 08:01:25
1091,15462722-4ee9-43a2-a027-d02e10ad6300,NELLY Condicionador bifàsic,2.09,1.85,2026-03-17 08:01:25
1092,34f9ae8d-f091-457c-9d7a-aae044eec942,NELLY Laca format viatge,1.35,1.15,2026-03-17 08:01:25
1093,a249e62a-2ff4-4c36-ac52-97e902f815e0,REVLON Tractament capil·lar sense esbandit,5.15,4.99,2026-03-17 08:01:25
1094,f524cf63-7a99-4e0f-b349-9ca4d423f471,TIMOTEI Xampú força i brillantor,2.95,2.69,2026-03-17 08:01:25
1095,3e76373d-9fc0-43e6-95ca-0b82585a55cd,TIMOTEI Xampú hidratant,2.95,2.69,2026-03-17 08:01:25
1096,00d7a6f0-61fc-4399-9c18-600ca240bf1b,FRESHLY Sèrum tractament capil·lar Hair Growth,29.95,22.45,2026-03-17 08:01:26
1097,f04daa5a-f483-4d86-93df-a2e8d38c4ac9,KLORANE Tractament intensiu anticaiguda amb xampú de quinina,52.65,44.75,2026-03-17 08:01:26
1098,f8deae8f-e6e1-428e-9ca9-3566db6ff435,LLONGUERAS Tint de color caoba nº5.6 Color Advance,7.65,5.99,2026-03-17 08:01:26
1099,faa4eaa0-dc4a-4b28-ad13-1e612f56ac96,LLONGUERAS Tint de color castany clar nº5 Color Advance,7.65,5.99,2026-03-17 08:01:26
1100,b82a8be8-9d52-4a5b-9ab8-3b98e324b394,LLONGUERAS Tint de color castany fosc nº 3 Color Advance,7.65,5.99,2026-03-17 08:01:26
1101,3ea971fc-ba9b-4cfa-893d-a78715113d88,LLONGUERAS Tint de color marró glacé nº 7.77 Color Advance,7.65,5.99,2026-03-17 08:01:26
1102,e9ee9e90-9ff3-4648-b3a7-4320d7da8e12,LLONGUERAS Tint de color negre nº1 Color Advance,7.65,5.99,2026-03-17 08:01:26
1103,d428501f-0062-4b92-8121-f317a40c56e6,LLONGUERAS Tint de color ros daurat nº 7.34 Color Advance,7.65,5.99,2026-03-17 08:01:26
1104,4ca8c501-3e1e-48f2-99b9-eb87e27858ec,LLONGUERAS Tint de color ros mitjà nº 7 Color Advance,7.65,5.99,2026-03-17 08:01:26
1105,4772c7eb-a7f3-473f-969b-e0a92641fd53,SYOSS Retoca arrels temporal color castany Root Retouch,6.99,4.95,2026-03-17 08:01:26
1106,f1b9b66f-35cb-473e-add4-86315b3d87d2,SYOSS Retoca arrels temporal color castany fosc Root Retouch,6.99,4.95,2026-03-17 08:01:26
1107,89da7710-b2ab-463f-a641-7178fafab4df,SYOSS Retoca arrels temporal color ros fosc Root Retouch,6.99,4.95,2026-03-17 08:01:26
1108,41f78373-8031-4c18-b8e8-623c23c41294,TIMOTEI Mascareta hidratant,3.5,3.15,2026-03-17 08:01:26
1109,8fd61ac7-371f-4fb8-a004-457bd65699bc,TIMOTEI Mascareta reparadora,3.5,3.15,2026-03-17 08:01:26
1110,0fd2bfce-96f5-450a-95c4-57338d6fb897,BEAUTERRA Xampú reparador suau,12.95,15.75,2026-03-17 08:01:27
1111,34ee1538-e8db-4540-8e49-f398654fb7e9,NELLY Laca fixació forta Gold,3.69,3.29,2026-03-17 08:01:27
1112,83f01794-2ee4-4d51-8977-e64f37bf8951,SEBAMED Xampú ultrasuau,11.25,14.99,2026-03-17 08:01:27
1113,8a30fbab-9d80-4263-8f5e-d9f3963c219a,BEAUTERRA Condicionador nutritiu,12.45,14.99,2026-03-17 08:01:28
1114,3f48305d-b591-4f7f-b1e6-0124c7c74c42,BEAUTERRA Xampú fortificant extra suau,12.95,15.75,2026-03-17 08:01:28
1115,8261066c-baa0-4331-ada7-18a96e5e749e,BEAUTERRA Xampú sòlid per cabell normal,9.29,10.95,2026-03-17 08:01:28
1116,dd2b4022-8eb8-487d-9156-894be96a6391,FRESHLY Sèrum capil.lar segellador de puntes,29.95,22.45,2026-03-17 08:01:28
1117,45ae2856-2444-47dd-b35c-11fe00c0029e,SEBAMED Xampú anticaspa,11.95,15.95,2026-03-17 08:01:28
1118,7975a2b8-b36d-4c83-a292-49448925ffb0,GOT2B Pols textura i volum,4.99,5.99,2026-03-17 08:01:34
1119,bffa90ac-9e25-4798-9d03-e3ce75c86834,NORDIC Tint per metxes ros,5.99,8.19,2026-03-17 08:01:35
1120,9b3cd683-42d1-44d4-9e21-0181e3d01f30,SCHWARZKOPF Aclaridor intensiu Nordic Blonde L1,4.99,6.45,2026-03-17 08:01:36
1121,6e2eec82-04d6-49da-ad9e-ddd6751290ec,GIORGI Pols de volum mate,3.89,5.25,2026-03-17 08:01:37
1122,324dfcfb-c2b3-4c98-8744-ffae7900a897,GOT2B Cera fixadora en stick,7.99,9.99,2026-03-17 08:01:37
1123,3719f7a1-f61e-4344-91bc-a44c6986d900,AVÈNE Gel exfoliant Cleanance,22.9,23.45,2026-03-17 08:01:39
1124,ecd57401-8d3f-425e-aec6-c60ed1e08d62,BEAUTERRA Mascareta reparadora sense esbandit,14.19,16.69,2026-03-17 08:01:39
1125,a317ae93-7cc3-46a2-82fc-08ee5c39b47a,FRESHLY Contorn d'ulls per a ulleres i arrugues,36.95,25.85,2026-03-17 08:01:39
1126,f9232d8d-9025-4729-99f9-5c785ba20691,FRESHLY Crema facial antiedat Omega Rich,35.95,24.99,2026-03-17 08:01:39
1127,abb508bd-1968-4143-86cc-75bf557daddc,FRESHLY Crema facial hidratant PGA Water Bomb,29.95,20.95,2026-03-17 08:01:39
1128,b0dadd58-a0eb-4219-94ac-9983c6d2a6c8,FRESHLY Crema hidratant facial de dia Cica Calm,29.95,20.95,2026-03-17 08:01:39
1129,de939e74-cd09-4c10-a09a-ce56e835f22f,FRESHLY Gel netejador facial Rose Quartz,19.95,13.95,2026-03-17 08:01:39
1130,5e3f275d-8053-4c13-a457-e76745234f1d,FRESHLY Màscara per a pestanyes Infinite Eyelash,19.95,13.95,2026-03-17 08:01:39
1131,338414bb-d9dc-4477-8788-eeb11d24a7d3,FRESHLY Sèrum de col·lagen Flash Bomb,36.95,25.85,2026-03-17 08:01:39
1132,757cba24-0420-4057-ab53-bd6bc87b23df,FRESHLY Sèrum facial vitamina C,36.95,25.85,2026-03-17 08:01:39
1133,ea2b2819-3036-45b5-b313-4ffe96c18ab8,COMPEED Apòsit antigrans discret,12.99,10.39,2026-03-17 08:01:40
1134,e4f295d1-2c32-4c81-8792-8fc707197dfc,FRESHLY Gel facial hidratant Pacific Ocean,29.95,20.95,2026-03-17 08:01:40
1135,56717c49-273d-4601-b580-4ac11901c838,FRESHLY Llet hidratant Multi-Peptide,29.95,20.19,2026-03-17 08:01:40
1136,5096ffb7-1ef2-42a3-a88f-7367a6ca191e,FRESHLY Sèrum de Bakuchiol efecte Well Ageing,36.95,26.95,2026-03-17 08:01:40
1137,df545524-153c-44bf-a748-ee9620cc1681,FRESHLY Sèrum per a la cura d'acne Azelaic,35.95,22.45,2026-03-17 08:01:40
1138,5495de54-7455-4301-abf8-6a7449a607f2,FRESHLY Sèrum per a les pestanyes Peony Limitles,36.95,25.85,2026-03-17 08:01:40
1139,064c3eba-4e1b-4d2b-a17e-ed1636e7fc8a,AVÈNE Crema facial hidratant Cleanance Hydra,18.75,19.35,2026-03-17 08:01:41
1140,7f650e7e-f159-41c5-a2d6-68ff3c3fd6ce,CLEAN & CLEAR Gel exfoliant diari,3.99,4.99,2026-03-17 08:01:41
1141,6b93007f-df43-403f-9c6f-67071d8c2022,NIVEA Crema facial  Q10 antiarrugues de nit,9.35,10.99,2026-03-17 08:01:42
1142,f55c946c-c19c-45f8-bb9c-9b3d57b192bf,NIVEA Crema facial Q10 antiarrugues de dia,10.99,12.99,2026-03-17 08:01:42
1143,5ae88c0a-1cc9-4ddc-8453-8d439dcdb376,NIVEA Crema facial Q10 antiarrugues de dia,9.35,10.99,2026-03-17 08:01:42
1144,e2093b24-4b5d-44a8-91ec-e62a6f17de3f,NIVEA CELLULAR Crema de dia PF50 antitaques,19.95,24.95,2026-03-17 08:01:43
1145,b05ff7b6-8c69-4ef7-81ba-0c73a5f3929b,NIVEA Q10 Sèrum facial antiarrugues Q10 Expert,12.75,14.99,2026-03-17 08:01:43
1146,245775d1-7919-4305-b43e-9b471d20109d,WELEDA Crema facial de dia reafirmant,20.49,25.69,2026-03-17 08:01:43
1147,8917e6fb-4515-4181-bc81-c55ec169c725,GOT2B Gel fixador per a celles i baby hairs,4.99,6.15,2026-03-17 08:01:44
1148,826ebadd-bdcf-4f2c-ab63-2f3da1dd217b,NIVEA CELLULAR Sèrum facial antitaques,19.95,24.95,2026-03-17 08:01:45
1149,c9197da3-faad-4eec-aa72-df0360a6aec3,WELEDA Contorn d'ulls reafirmant,19.95,24.95,2026-03-17 08:01:45
1150,20b654ca-13b3-4316-8196-de19c255615a,WELEDA Sèrum facial reafirmant de magrana,25.15,31.45,2026-03-17 08:01:45
1151,d8c5760e-71b8-43d2-888a-ea68f445b7e3,WELEDA Crema facial de nit reafirmant,21.29,26.65,2026-03-17 08:01:47
1152,734631e0-5d3d-44bf-ac20-aeb983dec3ed,WELEDA Escuma netejadora suau,11.69,14.65,2026-03-17 08:01:52
1153,9f0f3f0c-df01-464a-a733-02027a673ae1,GUM Arcs dentals Easy Flossers,4.89,3.89,2026-03-17 08:01:58
1154,009bda8c-97c5-41d3-abe4-1a6e5746707c,GUM Raspall de dents Technique Pro Medium,5.15,4.09,2026-03-17 08:01:58
1155,fb0e55e3-6820-4c26-8fc5-9465586759ec,GUM Raspall de dents Technique Pro suau,5.15,4.09,2026-03-17 08:01:58
1156,baa5019f-f244-4da6-9dc5-2423c31415c9,GUM Raspall de dents infantil,3.99,3.19,2026-03-17 08:01:58
1157,52c3a214-ee8d-49bd-b499-f450992785a4,GUM Raspall de dents junior amb llum,4.19,3.35,2026-03-17 08:01:58
1158,fa4179c6-ab47-4b2a-b689-11ab5645919f,GUM Raspall interdental Soft Picks Pro llarg,6.19,4.95,2026-03-17 08:01:58
1159,17309009-13b1-472d-a83f-90167138c1ba,GUM Raspall interdental Soft Picks Pro mitjà,6.19,4.95,2026-03-17 08:01:58
1160,6ea77261-f168-4e95-acb8-b0f6f2248b2b,PIERROT Kit dental infantil Sharky,3.59,3.19,2026-03-17 08:01:58
1161,9937469b-6f36-4d8c-97bc-b7966e8d869c,PIERROT Lot dental complet,3.95,3.49,2026-03-17 08:01:58
1162,9d30ac8f-78a7-475a-a28e-254157c5c476,PIERROT Lot dental exprés,3.49,3.15,2026-03-17 08:01:58
1163,b7982e4e-05fe-4e79-a02c-91771dd351a6,SENSODYNE Pasta dentifrícia  Repair & Protect,6.95,6.49,2026-03-17 08:01:58
1164,cae022a6-8e24-4aee-b238-07c4ff330983,SENSODYNE Pasta dentifrícia blanquejadora,5.99,4.99,2026-03-17 08:01:58
1165,bcae7b41-58fb-48cd-8c5f-535c52932d90,GUM Raspall de dents Pro Sensitive suau,5.15,4.09,2026-03-17 08:01:59
1166,02f825d3-735d-4c63-a2e8-43da4968748c,GUM Raspall interdental Soft Picks Pro petit,6.19,4.95,2026-03-17 08:01:59
1167,eb4fc5fe-8e99-46b5-8af7-83f9ec902c3a,KEMPHOR Crema dental fluorada,1.99,2.25,2026-03-17 08:01:59
1168,286dedf8-79a2-4f08-a5eb-8e36e0be07a2,SENSODYNE Pasta amb fluor blanquejant,2.99,3.95,2026-03-17 08:01:59
1169,f8d554e6-3083-4d48-94c6-7efc0ea681c1,SENSODYNE Pasta dentifrícia Repair & Protect,3.99,4.95,2026-03-17 08:01:59
1170,3667f012-7c4b-4b96-b37d-4eb7f36691d2,SENSODYNE Pasta dentrifícia sensibilitat genives,3.99,4.95,2026-03-17 08:01:59
1171,3c0c5d0e-5c06-465f-a48b-2ed1a08ca461,ORAL B Dentifrici sensiblitat i blanquejant Pro Expert,4.95,5.49,2026-03-17 08:02:00
1172,731b061a-9712-4b73-b9eb-b22166369877,POLIDENT Netejador aparells dentals,3.99,4.95,2026-03-17 08:02:00
1173,65cd5513-da3c-4843-bc90-0009cb6d208c,SENSODYNE Pasta dentifrícia multi protecció,3.99,4.95,2026-03-17 08:02:00
1174,09fb5a6a-ce23-4857-ae84-79d4cd279f10,LISTERINE Elixir bucal Cura Total,2.19,2.99,2026-03-17 08:02:01
1175,6c2efb4e-072d-41d6-8010-7b8371886598,LISTERINE Elixir bucal Mentol,2.19,2.99,2026-03-17 08:02:01
1176,d992bd81-94d9-4c77-902a-ba79a2ee032a,PARODONTAX Pasta dentífrica Original,8.99,9.49,2026-03-17 08:02:01
1177,75e011dc-a2a1-4484-ac7f-ba9fa4e2bdb9,POLIDENT Crema adhesiva per a pròtesis dentals,3.99,4.95,2026-03-17 08:02:01
1178,4ee34985-915d-4adc-a66b-b9b6d6593335,SENSODYNE Raspall de dents suau,2.5,2.99,2026-03-17 08:02:01
1179,26d411ff-48a5-4685-a1e6-53560c7e68cc,SENSODYNE Raspall de dents suau,1.99,2.69,2026-03-17 08:02:01
1180,4075d925-1db8-4a6c-a9df-033c6f8eec3f,PARODONTAX Pasta dentífrica Extra Fresh Complete Protection,10.99,11.49,2026-03-17 08:02:02
1181,463ac3d4-8a3f-4f3c-9de8-4ad56be25f0c,PIERROT Raspall interdental nano plus 0.06mm,2.19,2.95,2026-03-17 08:02:02
1182,08712164-00f4-4f85-9944-a9c51d22b6cd,PIERROT Raspall interdental Tooth-Picks regular,2.19,2.95,2026-03-17 08:02:03
1183,6bd3d8a0-4884-40ab-8f7a-467b8d9a00d7,POLIDENT Crema fixadora sense gust,3.99,4.95,2026-03-17 08:02:03
1184,b9439a55-58ed-4d92-80e0-9468b2056f6f,SENSODYNE Pasta dentifrícia anti-taques Clinical White,4.99,5.95,2026-03-17 08:02:03
1185,4f362547-d71b-437d-8eca-821004dc1bf4,PARODONTAX Pasta dentífrica Extra Fresh Complete,6.95,7.19,2026-03-17 08:02:04
1186,9a455ef7-b71d-4112-9111-9af339be164a,PARODONTAX Pasta dentífrica genives,6.95,7.19,2026-03-17 08:02:04
1187,83f01bdd-5dc1-4bda-bd45-a9ddb2a5eb9d,PARODONTAX Raspall dental i genives,3.69,3.95,2026-03-17 08:02:04
1188,97c223cc-6735-46d0-92ad-4c783e014fdb,PIERROT Raspall de dents per a pròtesis dur,1.49,1.99,2026-03-17 08:02:04
1189,ee1c07a4-bf6a-4233-8c10-5806b35ba0a7,BABARIA Crema de peus per durícies,2.99,2.49,2026-03-17 08:02:05
1190,37d1fc3e-9582-4773-adb8-d2bb5816108e,BABARIA Crema peus secs i clivellats,2.59,2.19,2026-03-17 08:02:05
1191,54b0d1a6-6d77-4478-b0ce-d06e489df0d7,BABARIA Desodorant per a peus en esprai,3.09,2.59,2026-03-17 08:02:05
1192,52113b29-1cef-4720-8a35-bba07aebfc96,EUDERMIN Crema de mans pell seca,2.39,1.99,2026-03-17 08:02:05
1193,b30ed723-dba3-49be-90ff-4492db948b4a,BABARIA Acetona per a ungles,1.95,2.29,2026-03-17 08:02:06
1194,fa156227-6093-4027-9527-e1f374b13829,FRESHLY Crema anticel·lulítica i reductora Beta-Burner,29.95,22.45,2026-03-17 08:02:11
1195,c7ec8bb0-6f73-4d11-b1b9-0fcbceee8278,FRESHLY Crema autobronzejadora,29.95,22.45,2026-03-17 08:02:11
1196,98dcd2ea-ce8e-4c84-97fd-c4a7dee35489,FRESHLY Crema corporal Prebiotics Balance,24.95,17.19,2026-03-17 08:02:11
1197,2e588a2b-5cd9-446a-83a7-3f8963e0737e,FRESHLY Desodorant Caring Microbiome Smart,14.95,11.19,2026-03-17 08:02:11
1198,25c6b849-1cb3-49d0-a0c8-0f32b967e0ff,FRESHLY Oli corporal per a estries i cicatrius Golden Radiance,27.95,20.19,2026-03-17 08:02:11
1199,ee08b476-5f24-4668-a768-d2035fa22af4,GILLETTE Maquineta d'afaitar 5 fulles i 3 recanvis,15.99,11.99,2026-03-17 08:02:11
1200,6fda423f-4676-4474-b5a1-f432807d24a7,LACTACYD Gel íntim,8.59,6.45,2026-03-17 08:02:11
1201,75ef6c20-5a8f-45f4-b107-5215762b3dd7,LACTACYD PEDIATRICO Gel d'higiene íntima per nenes,10.85,8.09,2026-03-17 08:02:11
1202,caf86942-670f-43cf-be04-437e9618df3b,MIXA Crema corporal reparadora amb Urea,7.99,6.45,2026-03-17 08:02:11
1203,3d972d45-5ebf-4ede-b9c8-9a58c1d6cd79,MIXA Loció corporal reparadora amb Urea,4.99,3.99,2026-03-17 08:02:11
1204,f6d2b2b4-7ea3-4d89-a8a4-3fcd825973f0,BABARIA Gel fred cames cansades,2.59,2.19,2026-03-17 08:02:12
1205,db62d559-daf0-4af0-ba9f-a50f29b34344,BEAUTERRA Gel íntim calmant ecològic,11.39,8.99,2026-03-17 08:02:12
1206,c81e3953-88a7-46d1-9388-14e82245de2e,BEAUTERRA Gel íntim hidratant ecològic,11.39,8.99,2026-03-17 08:02:12
1207,2450776e-45b1-4eff-a4de-c4f2bc09f0c8,FRESHLY Il·luminador corporal Glow Edition,29.95,22.45,2026-03-17 08:02:12
1208,9b50ee81-5263-476a-beb7-a835e536dce4,FRESHLY Sèrum corporal Hyaluronic Energy Body,29.95,22.45,2026-03-17 08:02:12
1209,a8200262-c6ea-4783-a560-9e262b1d9fc3,LACTACYD Gel d'higiene íntima,10.45,7.79,2026-03-17 08:02:12
1210,695c8efe-1ce1-4239-90c7-9270783d0333,LACTACYD Gel d'higiene íntima,11.9,8.89,2026-03-17 08:02:12
1211,b89f5690-06a5-4c37-9bff-3d26cacb82ad,GILLETTE Maquineta d'afaitar 3 fulles 1 rec. Mach3,7.39,9.85,2026-03-17 08:02:16
1212,c89400b2-7486-48a5-8342-614ffd9c75b3,SILVER CARE Calceta menstrual talla S ecològica,11.25,14.99,2026-03-17 08:02:18
1213,716c5f53-42fc-4cd9-9d34-721f94df56a3,SILVERCARE Calceta menstrual talla L ecològica,11.25,14.99,2026-03-17 08:02:18
1214,c4bae890-1e95-4d38-a78e-498955f105e0,SILVERCARE Calceta menstrual talla M ecològica,11.25,14.99,2026-03-17 08:02:18
1215,dc8c5e83-4993-4573-b5c3-cbd801590576,VAGISIL Gel hidratant íntim,8.95,9.95,2026-03-17 08:02:18
1216,2453ac8c-b624-44f8-96d9-a22473057587,SEBAMED Loció corporal hidratant,17.25,22.99,2026-03-17 08:02:19
1217,d1fff8d6-4bf2-48f1-8f5e-c9dd05fde413,SEBAMED Llet corporal per a pells sensibles,14.99,19.99,2026-03-17 08:02:21
1218,bbb820d5-4f5c-48a8-aee8-9d074c21f4b7,SILVERCARE Calceta incontinència talla L,8.19,10.95,2026-03-17 08:02:22
1219,bd65442a-a09e-4f1a-bd27-15acfccd4b6c,FRESHLY Lot hidratant corporal i facial amb vitamina C,49.95,34.95,2026-03-17 08:02:26
1220,55cb7d2a-96f0-47dc-a5e0-3180bba209e6,FRESHLY Rutina bàsica antiedat,39.95,29.95,2026-03-17 08:02:26
1221,6a4c435a-b4c0-40a6-b3ec-2e979e14b8a0,FRESHLY Crema solar nadó i nens FPS 50+,19.95,13.95,2026-03-17 08:02:29
1222,99210791-0f26-4c25-bd26-b22210e599d1,FRESHLY KIDS Crema corporal hidratant infantil Sweet Apple,29.95,22.45,2026-03-17 08:02:29
1223,4dc7e35b-337e-4019-9386-81d5628d4429,FRESHLY KIDS Xampú infantil Mellow Pear,22.95,17.19,2026-03-17 08:02:29
1224,8a8e3a1f-05b5-4209-85e2-89a4318d1085,FRESHLY Protector solar mineral FPS 50+,19.95,13.95,2026-03-17 08:02:29
1225,dda79c1f-c1c6-4eb7-b687-449263479a78,FOXY MEGA3 Paper de cuina  2 un.,3.75,3.39,2026-03-17 08:02:31
1226,c3b6c82b-20aa-47b8-8ded-83c68b2ac8aa,KLEENEX Mocadors de paper amb bàlsam,1.99,1.69,2026-03-17 08:02:31
1227,ca1e6482-4593-48d9-93d8-ac452466097d,FOXY TORNADO Paper multiús Jumbo 1 un.,4.99,5.59,2026-03-17 08:02:32
1228,80c0b56a-dc84-45ab-9904-afcb756db009,ALBAL Bosses de congelació Ultra-Zip,3.99,4.49,2026-03-17 08:02:34
1229,bf4b98e2-b6ce-4c0a-9a5d-b7e3314d69c4,ALBAL Film transparent 30 metres,2.55,2.29,2026-03-17 08:02:34
1230,ba2429e8-291b-47df-84bc-df7c2b9d332d,DIXAN Detergent en pols de 39 dosis,11.55,8.99,2026-03-17 08:02:37
1231,c6f30912-7e04-48f9-8431-6dec1cbc36a8,DIXAN Detergent líquid Frescor 4 en 1 de 30 dosis,7.29,4.99,2026-03-17 08:02:37
1232,f3793e39-9d62-492a-a020-b0035deadb3e,MIMOSIN Suavitzant concentrat Blau Vital de 56 dosis,2.49,3.79,2026-03-17 08:02:37
1233,c0385af8-a09a-470c-b58a-46d0e6b8e676,MIMOSIN Suavitzant concentrat carícies de 56 dosis,2.49,3.79,2026-03-17 08:02:37
1234,301e30ae-c983-473d-b75b-d2c8f3289847,NORIT Detergent líquid Complet de 70 dosis,14.95,9.99,2026-03-17 08:02:37
1235,2acecf61-c0af-406a-85f5-508fb751feb9,WIPP Detergent líquid blau de 28 dosis,8.85,5.99,2026-03-17 08:02:37
1236,7b67d757-3583-4eaa-9eb6-fdd9d931e874,ARIEL Detergent líquid original de 40 dosis,14.69,13.99,2026-03-17 08:02:38
1237,1e3421c7-f54f-4f47-b003-c86dd638fb93,OMINO BIANCO Detergent Líquid Marsella de 45 dosis,6.59,7.99,2026-03-17 08:02:38
1238,19d98203-ff50-4745-8f87-f22f023a6037,NEUTREX Llevataques Color,2.99,3.79,2026-03-17 08:02:39
1239,f7f04ef3-b6f6-42a4-8d8c-362bb5197e7a,NEUTREX Llevataques blanc pur,2.99,3.79,2026-03-17 08:02:39
1240,cfe58deb-5b4c-4ab2-b72c-bc76c14b181c,LENOR Perles de perfum roba Unstoppables,8.89,14.99,2026-03-17 08:02:40
1241,2cade43c-3be5-4f6b-ab56-4dea07eee304,MICOLOR Detergent líquid colors vius de 30 dosis,5.99,8.45,2026-03-17 08:02:40
1242,cad80a5e-55d0-4670-a340-a41625a2210e,MIMOSIN Suavitzant concentrat frescor gessamí de 56 dosis,2.49,3.79,2026-03-17 08:02:41
1243,75f8cb86-771b-4e1d-9528-bde554d35497,SKIP Detergent líquid cicles curts express de 37 dosis,6.99,11.79,2026-03-17 08:02:41
1244,57135814-430c-48e5-aa35-d1df838f40a4,SKIP Detergent líquid cicles curts de 37 dosis,6.99,11.79,2026-03-17 08:02:42
1245,a633abb9-177a-47de-8349-504296706998,VOLVONE Amoníac perfumat,1.99,2.15,2026-03-17 08:02:45
1246,e75bf122-5b01-48c6-83b3-cf9135f5fb94,MISTOL Sabó rentavaixelles Original,2.75,1.99,2026-03-17 08:02:46
1247,2be9d3a5-5f6a-452c-a3e5-d880209b1286,AIR WICK + REC Ambientador elèctric i recanvi cirera,4.89,5.79,2026-03-17 08:02:47
1248,124cc19d-d78c-4bfd-aab1-56dde4206f4c,AIR WICK Ambientador i recanvi nenuco,5.99,6.49,2026-03-17 08:02:47
1249,17db87fc-5838-4e12-afe2-7e5150c85785,MISTOL Sabó rentavaixelles Balsam,1.99,2.69,2026-03-17 08:02:47
1250,8fefd227-539d-45f8-b91b-a35ec7e84c57,MISTOL Sabó rentavaixelles Ultra Plus,1.99,2.69,2026-03-17 08:02:47
1251,5a9ea6d2-5754-4c8d-8f89-74febbaa938e,FROSCH Netejador vitroceràmica taronja ecològic,3.95,4.95,2026-03-17 08:02:48
1252,c848e4c0-3cb0-4b41-8708-707180d77f51,MI CASA Tovalloletes humides per a cuines,1.49,1.79,2026-03-17 08:02:48
1253,f2b48535-c8ee-40ab-9466-848dba420b53,SANYTOL Netejador desgreixador,2.49,3.29,2026-03-17 08:02:48
1254,6b66f742-4b1d-4b5e-8b63-72b7b153b7d4,ASEVI Netejador de terres concentrat,1.89,2.2,2026-03-17 08:02:49
1255,2746d249-7207-4758-a035-bd0089fc1ae7,ASEVI Netejador desinfectant multiusos,2.39,2.15,2026-03-17 08:02:49
1256,cb84ee31-79e0-4e73-820d-f2a5e99fdb0a,ASEVI Netejador terres concentrat,1.89,2.2,2026-03-17 08:02:49
1257,9c8377e1-7da9-4642-9bdd-107de0a7f6bd,SANYTOL Netejador desinfectant multiusos,2.49,2.99,2026-03-17 08:02:49
1258,9cc13d14-8673-43ba-a073-f3881ea4a5d9,SANYTOL Netejador desinfectant multiusos poma,2.49,2.99,2026-03-17 08:02:49
1259,11666292-4cae-4d19-9cb0-4ce4ad0de2af,TENN Netejavidres i multi superfícies,3.99,2.99,2026-03-17 08:02:49
1260,98c8624e-8dc1-4903-a858-2646965c2f6b,WC NET Desembossador gel,5.95,6.99,2026-03-17 08:02:49
1261,82cafdfa-e60a-4d5b-ada2-95de1f21f291,MI CASA Tovalloletes de neteja,1.49,1.79,2026-03-17 08:02:50
1262,63a6e456-99af-4cfe-b303-bd43a99ff0f8,ASEVI Netejavidres de xemeneies i estufes,2.95,3.45,2026-03-17 08:02:51
1263,8ed8b166-0662-498f-9505-3bcdae07f898,ASEVI Netejador desinfectant bany Asevi,2.25,1.95,2026-03-17 08:02:52
1264,b9e76bb3-3a43-4443-ae34-005ad4ccedab,SANYTOL Netejador de banys llimona,3.99,2.99,2026-03-17 08:02:52
1265,3cfe4490-233f-40db-870f-e2694247a05b,SANYTOL Netejador desinfectant banys,2.49,3.29,2026-03-17 08:02:52
1266,69067485-e058-457e-b9d0-11dd94c9ffc4,HANDY BAG Bosses d'escombraries resistents antigoteig 50 L,2.85,2.59,2026-03-17 08:02:53
1267,5fcd80cc-89ce-4f4b-9f6e-0ca01f792b52,MI CASA Tovalloletes humides per a banys,1.49,1.79,2026-03-17 08:02:53
1268,fe1c6ef4-fc05-4ef3-a364-2569e482b1c1,SPONTEX Baieta microfibra,5.59,4.19,2026-03-17 08:02:53
1269,9078ad0f-b032-4307-8203-9ee027e079a7,SPONTEX Fregall amb esponja,2.49,1.89,2026-03-17 08:02:53
1270,8c195635-d8cb-4c1e-beb8-9d5d3c16966c,VILEDA Baieta de pal,2.69,2.15,2026-03-17 08:02:53
1271,4fc4cb31-edae-4cb9-9490-0fe23ea179ff,VILEDA Galleda amb escorredor,11.99,9.59,2026-03-17 08:02:53
1272,1b2cf540-abb3-4dbd-8b23-ca7d8f393da2,HANDY BAG Bosses escombraries ecològiques 30L,2.49,2.79,2026-03-17 08:02:54
1273,9c759ab8-d81b-4cfd-adaf-49d02f5bbfcb,MERY Baieta microfibres,2.89,3.59,2026-03-17 08:02:54
1274,b0d75e6c-fab6-4768-b7b7-ecf21222feb8,MERY Fregona de microfibra,3.19,3.99,2026-03-17 08:02:54
1275,c6075b8b-5ff6-44bd-81f7-d70a01e038f0,VILEDA Baieta de pal de microfibra,2.99,3.99,2026-03-17 08:02:54
1276,f695d06e-6e5d-457c-ac25-823a84c733c8,SPONTEX Guants de vinil transparents T.7,6.75,8.99,2026-03-17 08:02:55
1277,3bf06b19-2272-4af5-912e-0f014c028d92,SPONTEX Fregall amb baieta Flex & Wash,2.25,2.99,2026-03-17 08:02:56
1278,8287fe4d-5682-45eb-90eb-5e0589f53e5e,SPONTEX Guants de vinil talla L,6.75,8.99,2026-03-17 08:02:56
1279,639e0f8e-9bfd-4762-a05d-77d05dd87779,SPONTEX Mopa de microfibra,7.49,9.99,2026-03-17 08:02:57
1280,4f815468-a5b6-42fe-b6bb-881e2c407485,AURA Ambientador cotxe aroma a net,2.25,1.99,2026-03-17 08:02:58
1281,6d87e503-0931-4fa7-8f4d-4d7d6150a513,AURA Ambientador cotxe brisa marina,2.25,1.99,2026-03-17 08:02:58
1282,6c287fad-1d60-40ff-86ae-734270ed5134,AURA Ambientador cotxe fruites del bosc,2.25,1.99,2026-03-17 08:02:58
1283,8ad4423d-3da0-4d12-ad5d-ffba806ddf68,AURA Ambientador de varetes dama de nit,2.25,1.99,2026-03-17 08:02:58
1284,90542376-9fd6-446b-a0b8-ab430a787692,AURA Ambientador de varetes fruits vermells,2.25,1.99,2026-03-17 08:02:58
1285,48951977-8f5b-4260-b90a-80575e26e42c,GLADE Ambientador i aparell Espígol,6.69,5.99,2026-03-17 08:02:58
1286,605b2987-7ff8-41c6-b5b5-50b6d3c6453e,GLADE Ambientador i recanvi fragància espígol,4.69,3.49,2026-03-17 08:02:58
1287,ed3c21f9-98d5-4579-8da7-4b4b730f76a4,GLADE Recanvi ambientador Marine,6.95,5.99,2026-03-17 08:02:58
1288,32fa6f15-7825-4ef9-9443-347f55891b07,GLADE Recanvi ambientador d'espígol,6.95,5.99,2026-03-17 08:02:58
1289,89285bc3-291d-44cd-b38f-2073cb6bd8e8,GLADE Recanvi ambientador fragància Relax Zen,5.95,4.5,2026-03-17 08:02:58
1290,07b98adb-5944-4b23-97c0-50483dfe361a,GLADE Recanvi ambientador fragància espígol i gessamí,3.59,2.69,2026-03-17 08:02:58
1291,df974abc-1dab-41d0-b00d-edd4e9824440,BECKEN Fregidora d'aire digital Juicy BAF9245,130.0,99.99,2026-03-17 08:03:36
1292,dd9b431a-934a-4304-8f68-7cd90ded71c4,JATA Assecador de cabell iònic Brushless JBSC1600,79.99,59.99,2026-03-17 08:03:36
1293,e829146e-a814-46d1-9f60-3a0b4b46373b,JATA Batedora de got JEBT1241,79.99,59.99,2026-03-17 08:03:36
1294,3c9571b7-24b2-4cd5-ad22-d0f33537b145,CMP PARIS Fanal solar exterior,9.95,5.99,2026-03-17 08:04:49
1295,3e06a297-2e75-4b32-92de-ffb888f67281,CEGASA Llum emergència geolocalitzable V16,39.99,34.99,2026-03-17 08:05:03
1296,eec7af71-db8a-45e7-bc82-d48483377be0,MI AUTO Tovalloletes de neteja per al tauler cotxe,1.35,1.59,2026-03-17 08:05:03
1297,e795cde2-0ef9-43ca-be2c-2e317d7ff1f8,BREKKIES DELICIOUS Menjar amb bou per a gos adult,9.85,7.39,2026-03-17 08:05:14
1298,75f7fb13-59e5-4a11-8a6d-765dd16a078b,BREKKIES Menjar de gos,9.85,7.39,2026-03-17 08:05:14
1299,496a218f-2dc0-4a56-aba4-cf754a5d76ae,CESAR Menjar amb pollastre per a gos adult,1.69,1.79,2026-03-17 08:05:14
1300,75e0275a-5807-437b-b8b4-4777484faaa7,EDGARD & COOPER Menjar Mutlipack per a gos,10.19,8.69,2026-03-17 08:05:14
1301,6d378f04-0dc6-4c97-8aaf-3651418f38a6,ULTIMA Menjar de pollastre per a gos adult,32.99,27.99,2026-03-17 08:05:14
1302,6c960387-00b0-42b5-bcdf-53b9956d2766,ULTIMA Menjar de pollastre per a gos adult PRO+,7.99,7.19,2026-03-17 08:05:14
1303,bdf2a1a8-8e9e-471e-968a-5c7d4d95aa93,ULTIMA Menjar de pollastre per a gos petit Yorkshire Terrier,8.99,7.99,2026-03-17 08:05:14
1304,a354f35c-976c-4015-aaf7-9c8f0e54e0b4,ULTIMA Menjar de pollastre per a gos petit sènior,8.99,7.99,2026-03-17 08:05:14
1305,5e99375d-ab8b-4df9-97da-fa31f2d0621e,ULTIMA Menjar de pollastre per a gos sènior,36.25,30.85,2026-03-17 08:05:14
1306,58fef5db-c7ad-4dfe-839a-4983f173f4d5,ULTIMA Menjar de salmó per a gos adult PRO+,7.99,7.19,2026-03-17 08:05:14
1307,25112832-b788-4202-9e0c-09b1e9ea3e96,CESAR Menjar amb bou per a gos,1.69,1.79,2026-03-17 08:05:15
1308,27c9f5e0-d254-47e1-b51f-daa87bfd90ad,CESAR Menjar de pollastre per a gos sènior,1.69,1.79,2026-03-17 08:05:15
1309,24148d83-564e-4d4c-aacb-e12195d1c476,ULTIMA Menjar de pollastre per a gos adult,6.99,7.99,2026-03-17 08:05:15
1310,079cab86-71dc-4195-9132-51b2285d55f7,CESAR Menjar de pollastre i verdures per a gos,1.69,1.79,2026-03-17 08:05:16
1311,a4e46b2d-418b-4532-83c0-947b4127b979,PURINA ONE Menjar de bou i arròs per a gos mini,6.35,7.19,2026-03-17 08:05:16
1312,96d37850-4d23-4df7-abe9-3b1a7a4ae6ca,ULTIMA Menjar de salmó per a gos mini adult,6.99,7.99,2026-03-17 08:05:16
1313,b03e6438-a5f3-4c20-9619-e6eb44d421aa,PURINA ONE Menjar de gos,7.95,8.79,2026-03-17 08:05:19
1314,330421ee-ae19-4992-a9ab-33c1c69387e4,BREKKIES Menjar d'aus i verdures per a gat,4.45,3.99,2026-03-17 08:05:20
1315,a34c0db4-840a-4b13-bf8d-1bd8f95470ea,BREKKIES Menjar de peix per a gat,4.45,3.99,2026-03-17 08:05:20
1316,f12bce6f-e404-4652-9d73-abfd8384b636,EDGARD & COOPER Menjar Multipack per a gat,8.69,7.39,2026-03-17 08:05:20
1317,64d6eda7-b621-45b1-8fbd-1ec879d832ca,ULTIMA Menjar de peix per a gat esterilitzat Fit & Delicious,0.85,0.79,2026-03-17 08:05:20
1318,7abf0490-3ff8-45bd-8d32-d0689b58c29f,ULTIMA Menjar de pollastre per a gat PRO+,10.95,8.99,2026-03-17 08:05:20
1319,fdda95a9-a6b2-4d41-9d17-d7927bf0fbb4,ULTIMA Menjar de pollastre per a gat adult,10.95,8.99,2026-03-17 08:05:20
1320,caf39b08-1075-4430-94a4-4f8e5121ae82,ULTIMA Menjar de pollastre per a gat esterilitzat Fit & Delicious,0.85,0.79,2026-03-17 08:05:20
1321,b5047703-a349-49d0-86d4-d33a9cbac5ff,ULTIMA Menjar de pollastre per a gat junior,10.95,8.99,2026-03-17 08:05:20
1322,d71dad8a-eaeb-4d2a-aeb9-a26282c78b76,ULTIMA Menjar de salmó per a gat adult,10.95,8.99,2026-03-17 08:05:20
1323,7196887b-501f-4e77-8443-a7f55b7643c7,ULTIMA Menjar de truita per a gat esterilitzat,10.95,8.99,2026-03-17 08:05:20
1324,d6348e7b-b0d8-4431-bf8a-477b9c031639,ULTIMA Menjar de truita per a gat esterilitzat boles de pèl,10.95,8.99,2026-03-17 08:05:20
1325,fb6931a3-414f-49ce-9242-8fd2181cbdbe,CATISFACTIONS Snack de pollastre per a gat,1.99,2.09,2026-03-17 08:05:21
1326,7a7095f0-5527-45f5-9f5e-d60c01b929be,CATISFACTIONS Snack de salmó per a gat,1.99,2.09,2026-03-17 08:05:21
1327,67f081a5-0d51-4f4a-82d0-393ff312e56b,PURINA ONE Menjar de salmó i gall dindi per a gat esterilitzat,2.95,3.29,2026-03-17 08:05:21
1328,00973e3c-051a-4c74-82fe-571a22f44f20,PURINA ONE Menjar de salmó i pastanaga per a gat júnior,2.95,3.29,2026-03-17 08:05:21
1329,e4795719-74d2-43d8-9af5-54f5fc9dba6c,CATISFACTIONS Snack d'herba gatera per a gat,1.99,2.09,2026-03-17 08:05:22
1330,902342f0-c81c-47d1-9ca8-eb54b6ee68d0,CATISFACTIONS Snack de bou per a gat,1.99,2.09,2026-03-17 08:05:22
1331,d6b3f3f1-1337-40d8-a417-4425bf4e04c8,CATISFACTIONS Snack de formatge per a gat,1.99,2.09,2026-03-17 08:05:22
1332,fc684d1b-5ca3-4378-ad42-be7016df9c82,PURINA ONE Menjar Terrine de bacallà per a gat esterilitzat,0.79,0.92,2026-03-17 08:05:22
1333,6daa1183-85d3-4f3e-b7f9-496fac54403b,PURINA ONE Menjar Terrine de gall dindi per a gat esterilitzat,0.79,0.92,2026-03-17 08:05:22
1334,3d883565-cd86-4bb8-9c03-65bdec66fdfc,PURINA ONE Menjar de pollastre i bou per a gat adult,2.95,3.29,2026-03-17 08:05:22
1335,9cebf41e-9900-41c5-be0e-cc2265e7285b,PURINA ONE Menjar de pollastre i tonyina per a gat adult,2.95,3.29,2026-03-17 08:05:22
1336,d6881f0d-f160-43ff-9d1d-d21177b19eaf,CATISFACTIONS Snack d'aus a la brasa multivitamines per gat adult,1.99,2.09,2026-03-17 08:05:23
1337,16a0790a-5a14-4d07-8f82-1ecacd032ed4,GOURMET GOLD Menjar humit Mousse de carn per a gat,14.99,17.55,2026-03-17 08:05:23
1338,e4bdc8ab-c952-4791-b557-4cc8cc2c4a87,PURINA ONE Menjar de bou per a gat esterilitzat Bifensis,9.4,10.45,2026-03-17 08:05:23
1339,f8c18588-ba68-44aa-9b81-57f46d99cd88,PURINA ONE Menjar de pollastre per a gat especial pelatge,9.4,10.45,2026-03-17 08:05:23
1340,d5af0095-8ad9-4cc9-908f-c9aedeafe42b,PURINA ONE Menjar de salmó per a gat esterilitzat,9.4,10.45,2026-03-17 08:05:23
1341,1b20304a-ee3d-4786-bfe3-271129ae82b4,PURINA ONE Menjar pel control de pèl per a gat adult esterilitzat,9.4,10.45,2026-03-17 08:05:23
1342,0c70794a-4eba-4c60-bacd-647db271befe,PURINA ONE Pinso per a gat esteriltzat,9.69,11.25,2026-03-17 08:05:23
1343,23bdfb7c-a5cf-44fe-b16b-6d27534eed1a,PURINA ONE BIFENSIS Menjar de pollastre per a gat júnior,9.4,10.45,2026-03-17 08:05:24
1344,4232c62c-4a5b-496e-867c-efb432bb92f9,DIXIE Pipetes per a gats,11.25,7.35,2026-03-17 08:05:25
1345,9ad72b92-35ba-439e-bac9-52eded22869d,"GERBER Farinetes d'arròs, civada i poma",4.49,3.59,2026-03-17 08:05:35
1346,ab1c2d2b-e9e0-4d1c-a717-18859e200f20,GERBER Farinetes de civada amb pruna,4.49,3.59,2026-03-17 08:05:35
1347,888f04d0-2579-49a7-833f-335a4a94aac8,GERBER Farinetes multicereals,7.49,5.99,2026-03-17 08:05:35
1348,0aa6c995-a172-44f3-b20e-bf3477e267fa,HERO Snacks de pastanaga i blat de moro ecològic,2.69,2.65,2026-03-17 08:05:36
1349,f6c54042-3c2a-4263-acff-bce9eb8910c4,WATERWIPES Tovalloletes humides infantils,3.39,3.99,2026-03-17 08:05:38
1350,91b269a6-8fc5-47c1-b472-ad73ff397690,SEBAMED Tovalloletes humides per a nadó,7.49,9.99,2026-03-17 08:05:39
1351,09fd8c20-d7f7-4664-a37a-334d47a3ef9d,WATERWIPES Tovalloletes humides infantils,9.35,10.99,2026-03-17 08:05:39
1352,f07726b3-3024-4e11-a955-de85819aeb1e,COMPEED Apòsit de mida mitjana per a talons,13.95,11.15,2026-03-17 08:05:44
1353,c535c4e6-a766-47a0-b8c7-7f9e9086e8ed,COMPEED Apòsit per a herpes labial,12.95,10.35,2026-03-17 08:05:44
1354,d0c9f52e-c842-4737-8ad6-90b7d821d48a,COMPEED Apòsit per galindons,6.49,5.19,2026-03-17 08:05:44
1355,a92d8c07-b128-44de-837e-5df39122bee8,COMPEED Apòsit protector Sport,8.65,6.89,2026-03-17 08:05:44
1356,22bd6faa-4da9-4066-a2b9-4d7b1e9c4b25,COMPEED Apòsit protector durícies mitjans,6.45,5.15,2026-03-17 08:05:44
1357,58ffa7f6-e011-4c04-94d0-478f52cc17d3,COMPEED Apòsits per a butllofes als dits dels peus,7.69,6.15,2026-03-17 08:05:44
1358,6fafa8b1-b231-4382-a45c-67aabab09a62,COMPEED Stick anti-fricció,9.35,7.45,2026-03-17 08:05:44
1359,9568b731-7cd8-4bdc-ac9e-29dd7340df45,RHINOMER Aigua de mar eucaliptus,8.45,9.89,2026-03-17 08:05:44
1360,87093825-a5c3-416c-885f-28845303e0eb,COREGA Neteja ortodòncies i fèrules,8.89,9.19,2026-03-17 08:05:46
1361,d4dc52e2-d95d-402d-bfd4-d9b9751e5402,RHINOMER Aigua de mar per a l'Alergia,11.45,11.49,2026-03-17 08:05:46
1362,ead48191-d1b8-4759-a7c4-6a0f6fea35f6,SEBAMED Emulsió sense sabó amb oli d'oliva,15.29,20.39,2026-03-17 08:05:46
1363,dc7dc235-ba4a-44d2-afce-8827ade68435,COREGA Neteja pròtesis bioactiu efervescent,14.89,15.19,2026-03-17 08:05:47
1364,44e6a566-7784-4ef3-a7c7-98978b8b320d,COREGA Adhesiu crema Supreme Power Max,12.49,12.85,2026-03-17 08:05:49
1365,a90f3b9d-ff8d-416a-bb0e-55d8460da267,COREGA Crema fixadora de pròtesi gust a menta,10.99,11.19,2026-03-17 08:05:49
1366,9ba5ecd3-2389-4223-b209-b1275ae7257f,COREGA Pastilles neteja pròtesis,9.79,10.25,2026-03-17 08:05:49
1367,0c8386d9-a209-40e1-b942-36b0a89f3fad,PARODONTAX Pasta dentífrica Herbal Fresh,8.99,9.49,2026-03-17 08:05:49
1368,fd859cb5-47d6-4729-ba2c-8b2e3fc5a798,PARODONTAX Pasta dentífrica sense fluor,5.99,6.09,2026-03-17 08:05:49
1369,cec990af-83e3-4c5b-b146-e4ecfce15469,YMEA Complement alimentari per a la menopausa 8 en 1,29.9,20.89,2026-03-17 08:05:51
1370,bee1e2c8-8a54-4a3a-ab4f-1044e7080a99,YMEA Complement alimentari per a la menopausa Silueta,26.49,18.49,2026-03-17 08:05:51
1371,def07127-54b6-433b-ba99-f8e97c87e68f,YMEA Complement alimentari per a la menopausa Ventre Pla,29.95,20.95,2026-03-17 08:05:51
1372,ed695837-52c8-4adc-8d33-95817956ab1d,MULTICENTRUM Vitamines per dona,13.99,14.29,2026-03-17 08:05:52
1373,6d54337d-6567-4a6a-baf5-57827e2878c0,MULTICENTRUM Vitamines rendiment plus,14.89,15.45,2026-03-17 08:05:52
1374,f78b51ae-e6fd-43fc-ba6f-d7bbbf284288,MULTICENTRUM Vitamines B12,15.5,15.75,2026-03-17 08:05:56
1375,dc1fc54a-8b2b-47f8-8a3e-193fa6300ddc,MULTICENTRUM Vitamines i minerals per homes,13.99,14.29,2026-03-17 08:05:57
1376,d1daec89-2ebd-4155-a0b5-e4723dc0713e,MULTICENTRUM Vitamines energia doble,17.45,17.85,2026-03-17 08:05:58
1377,21ba3fb7-bc59-4bef-8d4b-beb24415f3f0,SEBAMED Gel bany escuma bebé,9.99,13.45,2026-03-17 08:06:01
1378,413d8e8c-f9bc-4892-92ff-d8f9a1870cc5,SEBAMED Gel bany escuma bebé,14.89,19.89,2026-03-17 08:06:01
1379,46eebb5f-8d3e-40c0-b651-a5a798eb375c,SEBAMED Tovalloletes humides nadó,4.49,5.99,2026-03-17 08:06:01
1380,ea21b6e2-7757-4a71-ac4e-8963ec4a87a3,SEBAMED Llet corporal per bebé,9.89,13.25,2026-03-17 08:06:02
1381,4fe4a571-d9a4-4ab1-9d60-ac9734275fbe,JUST FOR MEN Crema colorant per bigoti-barba castany,10.49,11.69,2026-03-17 08:06:04
1382,7d53594e-2b80-4934-8346-1707ec456816,JUST FOR MEN Coloració en gel per bigoti i barba,10.49,11.69,2026-03-17 08:06:05
1383,ec5e0fc1-3fa9-4b22-9fbc-deb15283fa85,JUST FOR MEN Colorant en xampú castany clar,10.49,11.69,2026-03-17 08:06:05
1384,30db3e7b-81cb-4516-98b5-558805e0f86f,JUST FOR MEN Colorant en xampú castany fosc,10.49,11.69,2026-03-17 08:06:05
1385,300998b0-97d2-438c-858b-dace0057daf1,JUST FOR MEN Colorant en xampú morè,10.49,11.69,2026-03-17 08:06:05
1386,f1d979ed-bad5-48b5-8445-c51624128657,AVENE Crema netejadora Cleanance Hydra,17.65,18.49,2026-03-17 08:06:06
1387,08cc824d-9abf-46e2-8b24-141b7879ac72,AVÈNE Gel netejador Cleanance,12.9,13.25,2026-03-17 08:06:06
1388,304b7b0f-b441-4fe7-a5ad-c60f4e8cc7e1,BEAUTERRA Bàlsam labial nutritiu clàssic,4.49,3.59,2026-03-17 08:06:06
1389,e6cd3a1e-0a8c-4eb1-aed4-36d91e774989,BEAUTERRA Bàlsam labial nutritiu vermell,4.49,3.59,2026-03-17 08:06:06
1390,d0482f10-2d0c-4773-9c1f-598ec08d86cc,WELEDA Contorn d'ulls allisant de rosa mosqueta,18.35,22.95,2026-03-17 08:06:09
1391,f97d2f9d-74ab-45b5-9f30-7ce858072807,WELEDA Crema facial de nit allisant rosa mosqueta i te blanc,19.95,24.95,2026-03-17 08:06:09
1392,1f02c58d-3b16-49b9-a078-1164e9accf83,WELEDA Crema facial de dia allisant Rosa Mosqueta i Te Blanc,19.15,23.95,2026-03-17 08:06:10
1393,9a280b24-97f2-47cc-9642-1ca26744416e,WELEDA Oli netejador desmaquillant,11.95,14.95,2026-03-17 08:06:10
1394,bcb5b020-a9f7-49de-8e82-f3a033f826ae,WELEDA Crema de dia redensificant Genciana blava i Edelweiss,26.35,32.95,2026-03-17 08:06:13
1395,5fcf3bd0-a6b6-4964-a6fa-5eba16be9187,WELEDA Contorn d'ulls i llavis redensificant,25.49,31.95,2026-03-17 08:06:14
1396,aa30711c-2c97-44a0-b592-b56b45ca5257,WELEDA Crema de nit redensificant Genciana Blava i Edelweiss,27.15,33.95,2026-03-17 08:06:14
1397,270b97ba-1d86-4444-8859-9d5b11b90054,INIBSA Gel de bany dermatològic,13.59,15.99,2026-03-17 08:06:18
1398,6452c09a-0263-451a-b967-c61c6e316515,INIBSA Gel de bany dermatològic,4.15,4.9,2026-03-17 08:06:18
1399,da11ad30-f878-4c3a-ae2b-0491916c0cc6,INIBSA Gel de bany dermatològic multicereals,7.65,8.99,2026-03-17 08:06:18
1400,7d10a28e-aaf3-4a56-bb87-d5e99ac235f6,EUCERIN Gel de bany,20.39,20.9,2026-03-17 08:06:19
1401,303de699-129e-462a-bf85-bd1b0ef7eb05,EUCERIN Bàlsam nutritiu,18.3,19.59,2026-03-17 08:06:20
1402,38afe0e4-6b00-47df-906b-d536c193d63c,EUCERIN Gel de bany,25.85,26.95,2026-03-17 08:06:20
1403,bbdbab12-ff8c-41f8-81d6-10132609910a,EUCERIN Loció hidratant PH5,29.75,30.49,2026-03-17 08:06:20
1404,a3e634da-4afc-455f-b559-6616d88aa389,EUCERIN Loció hidratant pH5,18.49,18.95,2026-03-17 08:06:20
1405,152f2bbf-e7c1-4693-ae5b-31518d2f0c8f,EUCERIN Loció hidratant ultralleugera,29.75,30.49,2026-03-17 08:06:20
1406,ef24484c-5dfa-4e05-a8e3-5aa4edfc54a3,EUCERIN Loció hidratant ultralleugera,18.49,18.95,2026-03-17 08:06:20
1407,dd4ca35b-5e54-4c19-a577-a561122552df,INIBSA Gel de bany dermatològic,7.99,9.45,2026-03-17 08:06:20
1408,5ceeff23-dc7b-4151-8f92-a6629964d10a,INIBSA Gel de bany multicereals,4.75,5.59,2026-03-17 08:06:20
1409,178425ba-7fa2-4525-8646-096687522e07,LACTOVIT Crema de mans reparadora,2.35,3.15,2026-03-17 08:06:20
1410,a90980b4-2540-44b6-ad42-4ad1ca64dddb,SEBAMED Emulsió sense sabó,15.69,20.95,2026-03-17 08:06:20
1411,44102bfd-730c-4b75-9081-4af8aa7312c4,SEBAMED Emulsió sense sabó amb oli d'oliva,18.69,24.95,2026-03-17 08:06:20
1412,6bfe27cf-7362-4753-9f32-508a64e4d0bd,EUCERIN Bàlsam nutritiu PH5,19.25,20.19,2026-03-17 08:06:21
1413,53abda4e-e0b4-4e66-a358-0d9435ba66ec,EUCERIN Loció corporal hidratant Urea Repair,29.95,30.85,2026-03-17 08:06:21
1414,d57d3712-b743-4568-b63a-e53c70546b5d,EUCERIN Loció hidratant atopicontrol,21.69,23.25,2026-03-17 08:06:21
1415,ef7f5857-c1a0-4b62-95f3-c0632ace2c27,SEBAMED Netejador sense sabó compacte,6.89,9.25,2026-03-17 08:06:21
1416,0ca3baad-2e6b-43b3-be88-d62c41d11f96,SEBAMED Emulsió sense sabó,17.19,22.95,2026-03-17 08:06:22
1417,eaae5c3f-7e64-41c9-8684-b077b9a6ca37,EUCERIN Oleogel bany,18.45,19.59,2026-03-17 08:06:23
1418,a12f2cd1-13bd-4578-812d-d820e918066b,AIROS Pa de pagès sense gluten,4.15,3.75,2026-03-17 08:06:57
1419,5032aa9b-b7a5-4d06-a35b-5aa4663f5310,AIROS Baguet sense gluten,0.95,1.05,2026-03-17 08:06:59
1420,c8750804-2741-42fc-a92f-b3ac245bb1e0,JUST LOADING Barreta proteica de xocolata i coco,2.45,2.85,2026-03-17 08:07:04
1421,c2a76dc4-0216-49ed-9682-2943ce0199de,AIROS Galetes amb trossets de xocolata sense gluten,3.39,3.79,2026-03-17 08:07:05
1422,23b59533-db82-4c80-bfeb-8aff563fc7d0,JUST LOADING Barreta amb gust de muffin de nabius amb probiòtics,2.95,3.49,2026-03-17 08:07:06
1423,b3df3e15-3594-4485-bdb0-be5d541b5680,JUST LOADING Barreta proteica de cafè latte,1.35,1.59,2026-03-17 08:07:06
1424,4cecb801-5755-4a2a-a5de-ab2d6e0df53b,JUST LOADING Barreta proteica de xocolata,2.79,3.29,2026-03-17 08:07:10
1425,93564b8c-41c8-429f-909e-9f8fe8f0b225,JUST LOADING Creatina,11.85,13.83,2026-03-17 08:07:10
1426,44cf7075-0903-4cd5-8fab-8a14b556a895,PROZIS Barreta proteica de cacauet i xocolata blanca Billion,1.69,1.89,2026-03-17 08:07:10
1427,4d2558d6-0f1b-44af-b3cf-9092298846ba,PROZIS Barreta proteica de xocolata,1.65,1.85,2026-03-17 08:07:10
1428,09896acb-277c-4e4a-9431-735c71432e07,PROZIS Galeta proteica de xocolata i avellana,2.15,2.39,2026-03-17 08:07:10
1429,fdccaa61-c132-4fe4-bee2-d57a664cd5fd,JUST LOADING Barreta de fruits secs i llavors amb probiòtics,2.55,2.99,2026-03-17 08:07:11
1430,a5828dea-d782-455a-b14f-760d4c93b7f1,JUST LOADING Barreta energètica de cappuccino,1.0,1.29,2026-03-17 08:07:11
1431,0ec4c080-bb60-4696-b4a3-af29da0b0f68,JUST LOADING Barreta energètica de fruits vermells,2.65,3.09,2026-03-17 08:07:11
1432,a15844b7-f12b-4964-aba4-98064ed22391,JUST LOADING Barreta proteica amb probiòtics de caramel i cacauet,1.89,2.25,2026-03-17 08:07:11
1433,a793cfe8-5fea-4e9e-a9a9-7335c6453c3d,JUST LOADING Barreta proteica de straciatella,2.79,3.29,2026-03-17 08:07:11
1434,23040098-fd1d-4dd0-82b9-4b340acc8554,JUST LOADING Batut de proteína al cacau,1.39,1.65,2026-03-17 08:07:11
1435,7895d101-837c-45fa-8fe8-f96c329b9d87,JUST LOADING Gel Aigua de Mar de llimona,1.29,1.55,2026-03-17 08:07:11
1436,d3d6bd17-af27-4711-8a53-67ef47f03630,JUST LOADING Gel energètic gust cola amb cafeïna,2.49,2.95,2026-03-17 08:07:11
1437,db56f8a5-8254-46e6-959c-d1ced4b8350d,PROZIS Barreta energètica crunch cookies,1.19,1.37,2026-03-17 08:07:11
1438,9451b71c-52d6-4e65-800a-c6e7531c6545,PROZIS Barreta energètica de xocolata Zero,1.69,1.89,2026-03-17 08:07:11
1439,5d85155a-ecd7-4681-acd5-51c7866195cc,JUST LOADING Barreta d'avellana amb Creatina,1.69,1.99,2026-03-17 08:07:12
1440,b8ee2131-b7a3-40c7-8c4a-6a7a6e15c5c9,JUST LOADING Barreta energètica cacauet Padel,1.0,1.29,2026-03-17 08:07:12
1441,b3d3643e-c1de-4c30-917a-55354a313200,JUST LOADING Proteïna creatina amb galeta,12.29,14.49,2026-03-17 08:07:12
1442,49ac2d64-dd48-483b-842b-53c20c35e0d2,"CODORNÍU ZERO Escumós alcohol 0,0%",8.45,6.99,2026-03-17 08:08:32
1443,410a304b-8c41-4a14-b3d1-68e90533586a,Llenguado gros,8.1,9.45,2026-03-17 20:00:57
1444,baeac763-a587-46f6-9acf-2ae52fcfc7f5,Cua de Lluç (unitat).,12.99,9.99,2026-03-17 20:00:58
1445,7ca81e82-76f6-46f8-8751-70783288ba47,Cua de rap,27.99,25.99,2026-03-17 20:00:58
1446,9f1a58e3-4eea-419e-a4fe-2c91395bb3f3,Sardina grossa,3.0,3.5,2026-03-17 20:00:58
1447,93cad873-068f-4572-b5a1-cd42011b2d14,MONTE NEVADO Pernil de gla 100% ibèric natural,259.0,285.0,2026-03-18 07:55:12
1448,5b7f94b1-26ae-4804-9592-651c4ff1d223,REVOLUGREEN Truita vegana amb ceba,3.95,2.99,2026-03-18 07:55:47
1449,34268c95-8436-4f31-b020-a406627a0307,BONPREU Pinyons crus,8.73,9.95,2026-03-18 07:55:52
1450,e812df1f-ee18-4b30-ae1b-ab856d2a8020,BONPREU Pinyons crus,5.24,5.99,2026-03-18 07:55:52
1451,45fed4a0-c37f-4b03-b819-691023b59c17,BONPREU Pinya amb el seu suc a rondanxes,2.49,2.69,2026-03-18 07:56:54
1452,7cefe7c6-0f35-43b1-81c1-91327f1b4ada,BONPREU Rodanxes de pinya amb el seu suc,2.19,2.25,2026-03-18 07:56:56
1453,78a6fdfc-c9bf-4fab-b145-7797c31ff7c8,PAY PAY Musclos en escabetx,4.79,4.99,2026-03-18 07:56:56
1454,d933e2fc-60cb-4996-bb51-ffdc64227419,WITOR'S Ous de pasqua farcits de festuc,2.95,2.79,2026-03-18 07:57:22
1455,caa1d040-c950-4fd5-b69c-e91436085763,CUTTY SARK Whisky escocès,16.95,16.45,2026-03-18 07:58:01
1456,e18c63ec-10f1-40a1-a915-dc5fbca15a80,RICARD Aperitiu anissat de Marsella,17.95,16.49,2026-03-18 07:58:01
1457,abd06e44-5891-4806-9198-30b8cdf33fa7,SEAGRAMS Ginebra,16.99,16.49,2026-03-18 07:58:01
1458,8f389ef3-39ab-44df-b611-c7ee58a2e67a,TANQUERAY Ginebra,13.99,13.95,2026-03-18 07:58:01
1459,f7aa67d7-1cb1-49e3-8840-1e1649f792ad,OATLY Beguda de civada Barista en cartró,1.69,1.73,2026-03-18 07:58:06
1460,a29e1d44-e81f-4d02-a456-705c29fa5427,OATLY Crema de civada per cuinar ecològica,1.39,1.45,2026-03-18 07:58:29
1461,ba857d82-36ca-43ab-be1f-cbc0c93b85dd,JATA Ventilador de torre,39.99,43.99,2026-03-18 08:00:30
1462,d59c7e5e-f09d-4125-8088-46280bd929c7,MUSFI'S Mona de Pasqua Sara,23.95,22.95,2026-03-18 08:04:28
1463,c7082289-2af0-4907-9648-ed5dcb2c317e,MUSFI'S Mona de Pasqua de fruita,23.95,22.95,2026-03-18 08:04:28
1464,4ff28604-87a1-4529-be76-f50e30059945,MUSFI'S Mona de Pasqua de gema,23.95,22.95,2026-03-18 08:04:28
1465,26ec419c-4b63-4354-8364-21c57db84538,Sardina (de costa).,1.1,1.4,2026-03-18 19:58:16
1466,d8192935-02dc-414d-8a4f-3dbcb98d7d50,LA COLLITA Gerds en safata de 125 g,2.49,2.59,2026-03-19 07:50:18
1467,33135106-eade-4139-a94d-fcacd69c8f0b,BONPREU Formatge Grana Padano,2.71,3.59,2026-03-19 07:50:41
1468,91bc9cb9-ea5b-4af6-8cad-7ebf8f816dc2,BONPREU Broqueta de pollastre adobada groga,5.35,5.39,2026-03-19 07:50:52
1469,0a6dec8d-d1a9-4912-a883-c55c4a849b15,BONPREU Burger meat de pollastre amb all i julivert,4.89,4.99,2026-03-19 07:50:53
1470,91c15e3a-018a-4437-988e-e2cb962e1122,BONPREU DE L'ERA Hamburguesa de vedella eco,2.95,3.2,2026-03-19 07:50:53
1471,0c8c411f-1b80-44d0-bfd4-aa0e866f75c0,BONPREU DE L'ERA Preparat de carn picada de vedella ecològica,7.75,8.49,2026-03-19 07:50:53
1472,b038c0c9-0098-428f-8acc-36fa4860c5af,BONPREU Hamburgueses de vedella ecològica,4.75,5.25,2026-03-19 07:50:53
1473,a396edf0-fe84-4a2e-b0ac-b853d6549c0c,BONPREU Mandonguilles sense all i julivert,4.65,4.75,2026-03-19 07:50:53
1474,61052d9a-d895-4ff7-ad0c-521e5c5a772f,BONPREU Pilotilles sense arrebossar,3.35,3.39,2026-03-19 07:50:53
1475,f0d2b423-7e42-4392-8147-4015cc1c3ce6,BONPREU Salsitxes de pollastre,4.2,4.29,2026-03-19 07:50:53
1476,fc0fd629-ee97-4dc8-8d8e-b7fa0aa9f8d2,BONPREU Burger meat de boví Angus,5.85,5.95,2026-03-19 07:50:54
1477,d30995ca-7001-4ac0-947f-781d2d2dd88f,BONPREU Hamburguesa de pollastre,2.39,2.45,2026-03-19 07:50:54
1478,0ee38483-3579-412e-97e7-8f3651e7c87d,BONPREU Mini burger meat de vedella,4.75,4.85,2026-03-19 07:50:54
1479,b3c9d4fe-4c19-49db-b640-c82d7f5beb3e,BONPREU Mini hamburguesa de pollastre,3.25,3.35,2026-03-19 07:50:54
1480,a2fd06dd-5123-43e4-8ee0-161da3b8cf7e,BONPREU Xistorra,2.35,2.45,2026-03-19 07:50:54
1481,7c5b6952-c282-42eb-926c-cc4a976ec428,BONPREU Burger meat de porc i vedella,6.35,6.45,2026-03-19 07:50:55
1482,58211e0d-3546-486d-a173-5cad269b8b2c,BONPREU Llibret de pernil cuit i formatge fos,2.85,2.95,2026-03-19 07:50:55
1483,73407299-aabf-414b-92b6-9b59dbf7b475,BONPREU Preparat de vedella,4.2,4.25,2026-03-19 07:50:55
1484,b38fc1d4-756a-45bf-b5b7-83a02de24e8d,BONPREU Preparat de vedella,7.29,7.39,2026-03-19 07:50:55
1485,35d03ce0-ce20-46f8-b1e1-cd508a7bea46,BONPREU Salsitxes d'indiot,4.95,5.15,2026-03-19 07:50:55
1486,77a1d59d-a682-47e4-b94a-d76bca8f3a66,BONPREU Burger meat de porc,3.29,3.35,2026-03-19 07:50:56
1487,e29051e8-1477-4ec3-8be0-0d520e6039ec,BONPREU Burger meat de vedella amb trompetes de la mort,6.85,6.95,2026-03-19 07:50:56
1488,c86690de-e90b-4d99-b357-3ab2c4eefa2e,BONPREU Pit de pollastre arrebossat,4.2,4.29,2026-03-19 07:50:56
1489,71396b4f-f36b-4055-b7f4-bf17c0f2a083,BONPREU Botifarra fresca de porc amb all i julivert,4.49,4.65,2026-03-19 07:50:57
1490,2d7552d8-bf3d-4b2a-9e50-26d5868b2d9a,BONPREU DE L'ERA Hamburguesa de vedella ecològica,4.75,4.85,2026-03-19 07:50:57
1491,f39e8e88-9064-4fea-af80-f3f076365ba1,BON PREU Burger meat de vedella,8.29,8.39,2026-03-19 07:50:58
1492,3346bc5d-e07b-44e0-a919-8acbc66551b0,BONPREU Bistec de vedella arrebossat,4.5,4.6,2026-03-19 07:50:58
1493,c60ddf9b-c90d-4de9-9228-e9b65f8ba42a,BONPREU Botifarra elaborada a la Plana de Vic,8.02,8.11,2026-03-19 07:50:58
1494,ac622f26-9a6e-438e-acb9-135a883971c9,BONPREU DE L'ERA Bistec 1ªA de vedella ecològica,8.4,9.1,2026-03-19 07:50:58
1495,5375b560-e562-45f8-afa7-c1b6abcf1680,BONPREU DE L'ERA Botifarra fresca de porc amb pebre negre,6.45,6.59,2026-03-19 07:50:58
1496,0b21ec1c-79ab-4379-a886-b497f7b845af,BONPREU DE L'ERA Burger meat de vedella,7.75,7.85,2026-03-19 07:50:58
1497,a09fde4c-ee30-4d4e-9c5b-8ceca3a68705,BONPREU DE L'ERA Filet de vedella ecològica,10.4,11.0,2026-03-19 07:50:58
1498,860e8eae-67c4-48ce-887c-422edf7eb4f3,BONPREU DE L'ERA Hamburguesa de boví Raça Bruna dels Pirineus ecològica,3.65,3.75,2026-03-19 07:50:58
1499,eccdb0d9-06da-47b0-935c-4bd70d60a829,BONPREU DE L'ERA Preparat de vedella,7.59,7.65,2026-03-19 07:50:58
1500,29a001ab-f994-471d-a0b5-aa9535920aa4,BONPREU DE L'ERA Xurrasco de vedella ecològic,5.07,5.51,2026-03-19 07:50:58
1501,f02f4ac9-e19a-49d6-bd81-6c122937da51,BONPREU Mandonguilles amb all i julivert,4.65,4.75,2026-03-19 07:50:58
1502,c5867490-3078-4dbb-9552-a370a048dd4b,BONPREU Pilota pel caldo,5.25,5.35,2026-03-19 07:50:58
1503,dbe98169-8f33-4380-a73a-ab9cb59b4f6d,BONPREU Preparat per llenties,2.89,2.99,2026-03-19 07:50:58
1504,d44f063e-1bfa-4f59-b81a-7509c2236430,Burger meat de boví Angus de Nebraska,2.95,2.99,2026-03-19 07:50:58
1505,0a168397-1192-4e3b-ba2f-1d80599822bf,Burger meat de pollastre i ceba fregida,2.69,2.79,2026-03-19 07:50:58
1506,30e4ae43-8001-4093-867e-a77ec9aae5bc,BONPREU DE L'ERA Burger de bistec picat,6.99,7.25,2026-03-19 07:50:59
1507,380db474-103f-49ef-a4ec-cae7a9f3ae3b,BONPREU Ventresca ibèrica,2.32,2.36,2026-03-19 07:50:59
1508,12db8760-1cbf-447b-a255-4d07d8646e1b,BONPREU DE L'ERA Burger meat de vedella amb ceba,6.99,7.25,2026-03-19 07:51:00
1509,b69f7da7-0aea-427a-b357-7aef6c2edf43,BONPREU DE L'ERA Entrecot de vedella ecològic,8.85,9.6,2026-03-19 07:51:00
1510,9f17f3fe-e330-4515-8196-9b45e9f7e4da,BONPREU DE L'ERA Medalló de Vedella ecològic,7.05,7.65,2026-03-19 07:51:00
1511,e99d0be6-c2ef-4c2e-96d8-4803706945b1,BONPREU Filet de conill,5.75,5.99,2026-03-19 07:51:00
1512,f2f265dd-2b80-47e6-9848-897a35e89866,BONPREU Hamburguesa black angus i porc iberic,2.85,2.95,2026-03-19 07:51:00
1513,7e679ef3-ab1e-466d-add2-c297865f2892,BONPREU Magret de conill,7.99,8.25,2026-03-19 07:51:00
1514,eae39cb4-c3b3-4469-a29f-f90b630f35e4,Burger meat de vaca madurada amb Cheddar,3.99,4.2,2026-03-19 07:51:00
1515,181097ac-603d-4838-889f-34c8343b4191,BONPREU Botifarra de porc fresca sense pebre elaborada a la Garrotxa,4.75,4.85,2026-03-19 07:51:01
1516,dde8af04-c4a3-43b6-81ba-5858d7ecc9c0,BONPREU DE L'ERA Entrecot de vedella ecològic,8.4,9.3,2026-03-19 07:51:01
1517,fdb0956d-0756-4ab1-99c6-0abfe4b77ba7,BONPREU DE L'ERA Llata de vedella filetejada ecològica,6.6,7.2,2026-03-19 07:51:02
1518,2acef1d9-a4fa-4fd1-bb81-6d1a6694bb9d,COOSUR Oli d'oliva intens,20.85,19.75,2026-03-19 07:51:33
1519,ec558257-e7b3-4aec-a22d-1a221fc03303,CAL SADURNI Oli d'oliva verge extra Vera Km0,8.65,8.59,2026-03-19 07:51:37
1520,25155bd0-24f2-43b0-bf88-b04f6608a7ff,CAL SADURNI Oli oliva verge extra Km0,15.99,16.35,2026-03-19 07:51:37
1521,52a41330-5981-4ab7-87f0-2519939e4fe8,CAL SADURNI Oli oliva verge extra Km0,8.45,8.29,2026-03-19 07:51:37
1522,bf5c4473-26e0-4636-85e1-92011ca583f6,CAL SADURNI Oli oliva verge extra vera Km0,16.95,17.35,2026-03-19 07:51:37
1523,75d63909-ed5d-405d-815d-28abdb7b0399,FRIT RAVICH Pinya confitada,1.99,2.89,2026-03-19 07:51:45
1524,c0ad117f-77a8-4d52-a63a-b7c94006dc84,INES ROSALES Torta original,2.09,2.15,2026-03-19 07:52:23
1525,e696819c-572c-44b8-9b04-97801ec8ff83,INES ROSALES Torta sense sucre,2.95,2.99,2026-03-19 07:52:27
1526,c13238c3-55f5-49eb-881f-848dd92c3ff5,HEINEKEN Cervesa holandesa suau en llauna,0.87,0.79,2026-03-19 07:53:46
1527,8fd84caa-d676-4e65-bdff-a4a332207b4d,RADLER Cervesa amb llimona en llauna,0.79,0.65,2026-03-19 07:53:48
1528,07297722-8ae3-4b85-9248-b2f4a744bbf0,DESPERADOS Cervesa 6 x 33 cl en ampolla,8.16,6.9,2026-03-19 07:53:50
1529,704073ec-a23e-473d-8255-122feaf89160,DESPERADOS Cervesa 6x33cl en ampolla,8.16,6.9,2026-03-19 07:53:50
1530,421abcf7-7183-493f-b08e-37ebc3f8d4e4,DESPERADOS Cervesa mojito amb llima en ampolla,1.36,1.15,2026-03-19 07:53:50
1531,42622593-4e80-4f64-a54a-a6a15b9ca205,DESPERADOS Cervesa mojito en ampolla,1.36,1.15,2026-03-19 07:53:50
1532,09b8acd1-0cee-4d80-9335-8b42d39971a0,DAMM Cervesa reserva Bohemia en ampolla,1.48,1.39,2026-03-19 07:53:51
1533,f2d02088-d328-49ea-b228-987e7d0650db,GARBO Caixa 6u. vi negre DO Montsant,50.94,53.7,2026-03-19 07:54:00
1534,7d58ce79-2c1c-4c38-a65f-b14cdba511e5,J. SALLA Caixa 6u. de vi ranci,43.5,44.1,2026-03-19 07:54:00
1535,0de82209-2355-4d3a-8d05-16aa69bff55a,COP DE VENT Caixa de vi blanc DO Empordà Km0,53.7,56.94,2026-03-19 07:54:02
1536,b764a564-6483-4c35-9b0e-703a74d759a5,COP DE VENT Caixa de vi negre DO Empordà Km0,53.7,56.94,2026-03-19 07:54:02
1537,aa3576b6-4e6d-4372-9c1c-bac625db1016,GARBO Vi negre DO Montsant Km0,8.49,8.95,2026-03-19 07:54:04
1538,635a6482-d4ff-4f3a-9ce6-708d1cac5c96,J. SALLA Vi ranci,7.25,7.35,2026-03-19 07:54:04
1539,2a9dc086-33d1-4549-a075-f7fe0c0056d0,LADRÓN DE MANZANAS Sidra de poma,1.45,1.15,2026-03-19 07:54:04
1540,685be170-3969-4ecf-a72b-7e11f09706c0,J. SALLA Dolç de moscatell,7.25,7.35,2026-03-19 07:54:07
1541,babc2579-2d00-4a6e-9942-a1d1412649ec,COP DE VENT Vi blanc DO Empordà,8.95,9.49,2026-03-19 07:54:09
1542,bf4a73ca-b648-4c21-bb05-643746af4d23,J. SALLA Mistela,7.25,7.35,2026-03-19 07:54:09
1543,af16883a-a1cf-4838-8e73-a5e87e3dc798,MAR&SOL Sangria,3.95,3.99,2026-03-19 07:54:09
1544,37d73735-84af-4a29-ae08-d7f3a910d2ab,COP DE VENT Vi negre DO Empordà Km0,8.95,9.49,2026-03-19 07:54:10
1545,85df810b-b27e-4c6c-be21-771c6a1c5878,PESCAR Gamba llagostinera N.3,22.99,23.99,2026-03-19 07:54:26
1546,b18e516d-e43a-427e-a3ff-8ef0e138e9da,DANONE Iogurt natural,1.99,1.7,2026-03-19 07:54:59
1547,a6dd0059-4260-416f-9502-42f2ac6fdd72,DANONE Iogurt natural ensucrat,1.99,1.7,2026-03-19 07:55:01
1548,4b19ae29-8840-4ea0-b85e-51cfe879724c,AVÈNE Llet solar FPS 50,30.49,30.65,2026-03-19 07:56:09
1549,5d49a89c-71dd-40fb-a692-d2463bcbf0b9,ISDIN Fotoprotector facial Magic Pediàtrics FPS 50,26.95,27.49,2026-03-19 07:56:19
1550,26f09fca-5ac0-4167-add9-540a1aeed583,BONPREU Paper d'alumini de 30 m,2.15,2.2,2026-03-19 07:56:26
1551,6d0fa06f-6bec-4088-bb21-b1b75d32275d,BONPREU Paper d'alumini de 50 m,3.55,3.49,2026-03-19 07:56:26
1552,1e3421c7-f54f-4f47-b003-c86dd638fb93,OMINO BIANCO Detergent Líquid Marsella de 45 dosis,7.99,8.49,2026-03-19 07:56:30
1553,1cfcb93f-3a12-4244-a9e7-708d903441ff,WC NET Netejador WC en gel amb lleixiu,2.99,3.09,2026-03-19 07:56:44
1554,3fbbab44-fd08-4a62-9267-52c59026a865,WC NET Netejador en gel WC desincrustant,3.65,3.79,2026-03-19 07:56:44
1555,c12a2b4c-8bc1-4513-a6ac-4c27df75028e,PHILIPS Cafetera Philips,79.0,69.0,2026-03-19 07:57:29
1556,7d7a57ad-4d63-4a42-8668-2f44cb04cc29,DODOT SENSITIVE Tovalloletes humides infantils,9.69,4.99,2026-03-19 07:59:39
1557,0f35f174-832f-4adc-94c6-ddb3f43280ce,DODOT SENSITIVE Tovalloletes humides infantils,2.75,1.95,2026-03-19 07:59:39
1558,ac982496-644a-4972-a46b-82fd528c4824,RELEC Loció post picadures,7.95,8.45,2026-03-19 08:00:28
1559,8764ea6c-093e-42a7-9403-28bc55e9004e,RELEC Repel·lent d'insectes Extra Fort Relec,11.95,12.95,2026-03-19 08:00:28
1560,c5cc11a9-82e2-455c-a63c-1fc4d900d0b3,LEGADO Espatlla d'enceball ibèrica en maletí,55.0,44.95,2026-03-19 19:56:44
1561,22f9494d-0119-4e05-9ecf-6f69ebd3e3ad,Llamàntol blau (unitari),39.99,36.99,2026-03-19 19:57:08
1562,cd1dbe3a-c8d0-4045-b08c-e0dbf257c5ec,Salmó superior sencer a filets,34.98,37.48,2026-03-19 19:57:08
1563,00f9f231-b8a7-419b-a4a1-ed89b7441ada,Maduixots en caixa d'1 kg,7.49,6.1,2026-03-20 07:45:28
1564,c8c5e847-c79f-44ab-ac19-5f3420304718,BONPREU DE L'ERA Ventresca de porc 50% Duroc,0.73,0.75,2026-03-20 07:45:51
1565,39995f16-f3dd-4a3f-a84c-0d2203f3c389,BONPREU Conill sencer,9.66,9.89,2026-03-20 07:45:53
1566,9f1abd4f-9ca2-46c0-b571-489a7090f98f,BONPREU DE L'ERA Filet de vedella,6.89,7.02,2026-03-20 07:45:55
1567,71ad3079-034e-4b1b-ba2e-01a46a840efd,BONPREU Xocolata ecològica negra 82%,2.49,2.45,2026-03-20 07:46:46
1568,6027943e-c52f-4241-8467-63d015724b05,BONPREU Xocolata ecològica negra 99%,2.95,2.85,2026-03-20 07:46:46
1569,93d3133f-976e-422c-9501-7b06be1aa9ed,ANETO Brou amb sofregit natural Marinera,5.25,3.65,2026-03-20 07:47:23
1570,d7955377-b213-4e96-bc63-a033e62c317b,SUNTORY Ginebra japonesa Gin Roku,19.95,25.99,2026-03-20 07:48:20
1571,b09db204-dea0-434b-93f3-70b122f8ef45,OATLY Beguda de civada Barista en cartró,2.65,2.69,2026-03-20 07:48:24
1572,a29e1d44-e81f-4d02-a456-705c29fa5427,OATLY Crema de civada per cuinar ecològica,1.45,1.46,2026-03-20 07:48:48
1573,82ab89e8-2d98-4a47-af0d-91e170714279,Gamba rosada del Mediterrani,9.99,11.99,2026-03-20 19:48:16
1574,694dc1b9-190a-4b8a-b275-4f509163400d,"LA COLLITA Amaniment d'oli, julivert i all",1.59,1.79,2026-03-21 07:34:53
1575,29879b6f-8748-46c0-b11e-62c5020be3d9,BONPREU Combinat barbacoa,5.25,5.75,2026-03-21 07:35:21
1576,e0912e52-dcad-467a-b532-faa5f15bc3c3,BONPREU Gotes de xocolata negra,2.75,2.6,2026-03-21 07:37:06
1577,54322713-07c2-43d0-b662-178cd29b281c,ESPOLLA Vi ideal per cuinar,4.25,4.99,2026-03-21 07:37:44
1578,a915d05f-d222-43e1-b95d-11c6da26e5d9,GRE Kit de neteja per a piscines desmontables,39.95,19.95,2026-03-21 07:41:30
1579,f0549fc3-0181-48bc-b155-72d5dd11375a,AGROVALLES Caixa de llenya,8.25,7.5,2026-03-22 07:47:50
1580,c26cf1e7-50ec-44e0-aeb4-daef08429e18,AGROVALLES Caixa de llenya per encesa,8.25,7.5,2026-03-22 07:47:50
1581,42d156f4-b522-4556-a6c2-668a674c1e39,Briquetes ecològiques de carbó vegetal,3.99,3.63,2026-03-22 07:47:50
1582,ecd0846d-13ed-480d-9160-0471731ea973,ENERBIO Pèl·let de fusta,5.99,5.45,2026-03-22 07:47:50
1583,482e6815-0dd7-4b54-962c-d4504b6e6828,VALLÈS Briquetes de llenya per estufa,5.49,4.99,2026-03-22 07:47:50
1584,f0657bf9-8bf9-4320-bc87-d8edcf1e21d5,FLOR DEL PIRINEO Anís verd,4.49,2.79,2026-03-23 08:03:21
1585,2137a0ba-7e17-4429-b297-afc4b8bd045c,FLOR DEL PIRINEO Infusió regalèssia,3.39,2.89,2026-03-23 08:03:21
1586,caa1d040-c950-4fd5-b69c-e91436085763,CUTTY SARK Whisky escocès,16.45,16.95,2026-03-23 08:05:25
1587,7979f971-9e54-4258-92c1-f3a22860b399,LEA Crema d'afaitar,1.75,1.79,2026-03-23 08:07:03
1588,06952674-7650-49ce-9fba-94a2924b7963,LEA Recanvi maquineta d'afaitar Sensitive,4.75,4.79,2026-03-23 08:07:04
1589,00e6f3c9-62ec-4886-866c-eefbd2aaeafd,LEA Desodorant pedra d'alumbre,1.79,1.85,2026-03-23 08:07:05
1590,83c99c83-9061-4586-94dd-fe346a6bd5fb,LEA Desodorant pedra d'alumbre,2.99,3.09,2026-03-23 08:07:05
1591,7a9bfde3-b038-4521-a434-ab69bb05d6cb,LEA Recanvis fulles d'afaitar,1.99,2.09,2026-03-23 08:07:05
1592,275121a5-2df5-4873-99b9-8ee947647715,LEA Maquineta d'afaitar 5 fulles,4.75,4.79,2026-03-23 08:07:06
1593,7bdd471c-576b-493b-baf9-f595b8345cb6,LEA Sabó d'afaitar,1.65,1.69,2026-03-23 08:07:06
1594,ba857d82-36ca-43ab-be1f-cbc0c93b85dd,JATA Ventilador de torre,43.99,44.99,2026-03-23 08:08:17
1595,24eeb779-7ed9-4b4a-b7ee-c847554ed7b0,TRISTAR Circulador d'aire 40 cm,46.99,49.99,2026-03-23 08:08:20
1596,14ded743-e00a-4478-b52d-976cfb45ac4f,TRISTAR Circulador d'aire 40 cm,36.99,39.99,2026-03-23 08:08:20
1597,c91e7baf-6103-4b37-96b3-cafc0e99a616,ALGON Cremador paeller 40cm,29.95,39.95,2026-03-23 08:09:22
1598,ff6572cd-5e50-4278-9f4e-e10fa52011fd,LEA Tovalloletes higiene corporal,3.99,4.09,2026-03-23 08:10:43
1599,2d9c9b56-716a-4a67-a4b4-0ce7bbcb6ed6,LA COLLITA Maduixot en terrina de 500 g,3.59,2.99,2026-03-24 07:56:23
1600,c0c733dc-a57e-40eb-9ee5-b576827c1059,Tomàquet rosa 1 u.,0.8,1.07,2026-03-24 07:56:23
1601,3321d31b-e5a5-451a-b1f2-042cb6557b69,Banana en manat 800 g,1.39,1.55,2026-03-24 07:56:24
1602,a2a1a4ca-d68c-4ac7-bfc3-569da723a9de,Plàtan banana 1 u.,0.19,0.22,2026-03-24 07:56:25
1603,c3204531-9984-45cb-aba7-ff814f13597f,LA COLLITA Tomàquet cirerol en branca ecològic en safata de 250 g,2.25,1.99,2026-03-24 07:56:26
1604,252cc25d-6fb7-4217-885f-06e45ba343b1,Tomàquet madur 1 u.,0.31,0.34,2026-03-24 07:56:27
1605,15b87f88-c4c8-4946-bb01-95978f622f30,BONPREU Formatge fresc D.O. Murcia de cabra,4.49,4.09,2026-03-24 07:56:41
1606,d679827e-4fdd-4e5d-b3bf-315a19377c68,MAS ROVIRA Formatge tendre de cabra sense lactosa Km0,8.99,9.49,2026-03-24 07:56:46
1607,50851d69-aed3-4706-ac7a-943f23c8ec57,MAS ROVIRA Formatge de vaca amb herbes Km0,7.99,8.49,2026-03-24 07:56:47
1608,4edd88b5-8005-4aa9-a780-66f828000e46,MAS ROVIRA Formatge de cabra Rústic Km0 al tall en porció,4.05,4.17,2026-03-24 07:56:48
1609,c76e09c6-f84a-457e-8cde-21abd94c3eef,Lluç del Cap sencer (palangre),26.99,22.49,2026-03-24 07:56:59
1610,d2feb177-66ee-46ef-98c3-54705c78be0c,Supremes de Salmó,6.5,6.0,2026-03-24 07:56:59
1611,b6a1403d-e197-4cb8-bf54-3db83f317bb2,Rap sencer,9.99,13.99,2026-03-24 07:57:01
1612,baeac763-a587-46f6-9acf-2ae52fcfc7f5,Cua de Lluç (unitat).,9.99,12.99,2026-03-24 07:57:02
1613,45ae826e-d925-44b2-9235-9f23543580cb,MAS ROVIRA Formatge de cabra Garrotxa Km0 al tall en porció,4.9,5.3,2026-03-24 07:57:08
1614,9ada18da-4771-4496-85ad-7639c1facbae,KOKOA Gallina de xocolata blanca,19.95,17.95,2026-03-24 07:57:54
1615,a55608eb-0fe6-44a0-a207-c9cd2b546d2b,KOKOA Jirafa de xocolata blanca,19.95,17.95,2026-03-24 07:57:54
1616,8974651a-587c-4087-8efb-00276c61caad,KOKOA Ratolí de xocolata blanca,19.95,17.95,2026-03-24 07:57:54
1617,fe8a640c-a3c2-4fd3-b7fd-ec23d7f615ed,PROTOS Caixa 6u. de vi blanc Verdejo DO Rueda,47.34,47.94,2026-03-24 07:59:09
1618,5510c2a3-0646-4b28-8ea7-701c61245de7,PROTOS Vi blanc verdejo DO Rueda,7.89,7.99,2026-03-24 07:59:15
1619,7a9bfde3-b038-4521-a434-ab69bb05d6cb,LEA Recanvis fulles d'afaitar,2.09,2.19,2026-03-24 08:00:50
1620,f0549fc3-0181-48bc-b155-72d5dd11375a,AGROVALLES Caixa de llenya,7.5,7.55,2026-03-24 08:02:22
1621,c26cf1e7-50ec-44e0-aeb4-daef08429e18,AGROVALLES Caixa de llenya per encesa,7.5,7.55,2026-03-24 08:02:22
1622,42d156f4-b522-4556-a6c2-668a674c1e39,Briquetes ecològiques de carbó vegetal,3.63,3.65,2026-03-24 08:02:22
1623,b7a3a575-c0d0-44cc-80b9-c124b4b789b3,Llenguado,4.5,4.95,2026-03-24 20:01:57
1624,8680fae6-dfdb-451b-a076-4dc16678c460,Sípia bruta,11.99,13.19,2026-03-24 20:01:57
1625,baeac763-a587-46f6-9acf-2ae52fcfc7f5,Cua de Lluç (unitat).,12.99,11.99,2026-03-24 20:01:58
1626,7ca81e82-76f6-46f8-8751-70783288ba47,Cua de rap,25.99,29.99,2026-03-24 20:01:58
1627,82ab89e8-2d98-4a47-af0d-91e170714279,Gamba rosada del Mediterrani,11.99,9.99,2026-03-24 20:01:58
1628,b6a1403d-e197-4cb8-bf54-3db83f317bb2,Rap sencer,13.99,12.99,2026-03-24 20:01:58
1629,8f29f4b0-a592-4aed-9821-65ac12dfed0f,HUERCASA Remolatxa al vapor en bossa de 2 u,1.05,1.15,2026-03-25 07:54:58
1630,4e3bd710-6607-4d5c-8d8d-9c912d74b053,Carbassa  Km0 1 u.,2.86,2.7,2026-03-25 07:55:02
1631,fdb1cbea-a8cd-46c4-bfdb-95eec80e693e,Tomàquet branca,1.12,1.22,2026-03-25 07:55:02
1632,d56222df-bd0d-4f5b-93d2-9c83a8ed0e25,Pruna bicolor 1 u.,0.49,0.59,2026-03-25 07:55:03
1633,b8267d82-7a72-49dc-9638-ee6801812520,BONPREU Mató,1.41,1.49,2026-03-25 07:55:17
1634,0e211658-e15d-40e8-96dd-07463528a4c8,BONPREU Vi negre,1.4,1.35,2026-03-25 07:58:14
1635,f84ef675-19c5-4954-8422-f14a21c9f509,PAGO DE FUENTEVEGA Vi blanc verdejo DO Rueda,2.45,2.35,2026-03-25 07:58:14
1636,395e5fb7-e0f9-4a0e-83e7-eda73b51705b,JOHNNIE WALKER Whisky escocès Reb Label,14.49,14.45,2026-03-25 07:58:28
1637,4654dabf-10c3-4ae6-993c-6179af9dddd4,XORIGUER Gin Xoriguer,14.25,13.95,2026-03-25 07:58:29
1638,ce507f51-2f6b-4741-aead-603217767c2a,COMTESSA Barra de gelat de nata i xocolata,5.55,4.99,2026-03-25 07:58:46
1639,74a69237-f80b-47a3-a08f-e3f3d64f4c57,FILIPINOS Gelat sandvitx XXL cookies,5.85,5.69,2026-03-25 07:58:48
1640,26026099-7b18-4d92-86d8-0e8f88e7dbae,MAGNUM Gelat de caramel i fruits secs en barra,4.59,4.99,2026-03-25 07:58:48
1641,070e638e-ffac-4549-bb6c-76393a0a9f85,FILIPINOS Gelat sandvitx XXL xocolata blanca,5.85,5.69,2026-03-25 07:58:49
1642,499d7dd6-0da0-43e6-a5f0-f669bb3eb5c2,MAGNUM Gelat de xocolata blanca,4.55,4.49,2026-03-25 07:58:49
1643,d52ffa2c-06bf-4602-99f3-da2cc6351c20,MAGNUM Gelat de xocolata blanca amb caramel en barra Gold,4.59,4.99,2026-03-25 07:58:49
1644,ff6572cd-5e50-4278-9f4e-e10fa52011fd,LEA Tovalloletes higiene corporal,4.09,3.99,2026-03-25 08:03:47
1645,3853d9e0-17e1-488e-a6f9-a69f2fb171bc,LA COLLITA Bròcoli 1 u.,1.29,1.59,2026-03-26 08:00:47
1646,f31cc293-7d26-4dad-8754-522399c9ddcd,LA COLLITA Espàrrecs verds prims en manat de 250g,2.65,2.45,2026-03-26 08:00:48
1647,cb7ec9d7-274b-4cc9-b999-790aaee22dd2,Ceba Figueres  1 u.,0.45,0.49,2026-03-26 08:00:49
1648,805ce06e-30dd-409b-b84f-9d974216acbe,Coliflor 1 u.,2.29,2.39,2026-03-26 08:00:49
1649,c3204531-9984-45cb-aba7-ff814f13597f,LA COLLITA Tomàquet cirerol en branca ecològic en safata de 250 g,1.99,2.09,2026-03-26 08:00:49
1650,6b4bf20f-f66e-411b-b281-72bef346d8f1,LA COLLITA Barreja de tomàquet cirerol en pot de 250 g,2.19,2.29,2026-03-26 08:00:50
1651,05ab4fa2-999b-424e-8a00-9b02e513f697,Pebrot dolç verd italià 1 u.,0.47,0.51,2026-03-26 08:00:50
1652,feff33be-ac85-419b-92f8-271e676e4c3b,LA COLLITA Mores en terrina de 125 g,2.49,2.59,2026-03-26 08:00:51
1653,252cc25d-6fb7-4217-885f-06e45ba343b1,Tomàquet madur 1 u.,0.34,0.4,2026-03-26 08:00:51
1654,7dd1518a-55a2-44e0-8f35-a9eace27d55e,Cogombre 1 u.,0.84,0.86,2026-03-26 08:00:52
1655,17d3d7a1-0ac5-48b5-8744-3c9fa84b59fc,LA COLLITA Tomàquet rosa en safata de 600 grams,2.69,2.79,2026-03-26 08:00:52
1656,6ea31eea-7009-4cda-bdf2-b419f303216c,Moniato 1u.,0.93,1.01,2026-03-26 08:00:52
1657,e8cf3c98-2035-4fd4-b8b0-16abf510cb1a,Tomàquet Wabi-Sabi en safata de 300 g,1.89,1.99,2026-03-26 08:00:52
1658,14d1558c-22c4-4a25-913e-8c35c9765eef,Tomàquet de pera 1 u.,0.43,0.45,2026-03-26 08:00:52
1659,162cba79-3b66-4889-8305-bfe277256788,Ceba Figueres  1 u.,0.66,0.76,2026-03-26 08:00:53
1660,de6265cf-4cf9-4185-91c2-a2b55d73cd49,LA COLLITA Ceba guarnició en malla de 500 g,1.05,1.09,2026-03-26 08:00:54
1661,1a98b74e-f935-4f10-adbb-37ac273001b1,LA COLLITA Tomàquet de penjar,4.89,4.99,2026-03-26 08:00:55
1662,00f9f231-b8a7-419b-a4a1-ed89b7441ada,Maduixots en caixa d'1 kg,6.1,5.99,2026-03-26 08:00:55
1663,c6e37a55-3b70-4acd-8185-b3901d1312d4,CASA MAS Canelons de carn rostida 6u.,5.95,6.25,2026-03-26 08:01:48
1664,ad8bb032-1f1d-4837-82e0-19c7b0ec400e,POMPADOUR Te soluble amb llimona,4.55,4.69,2026-03-26 08:02:23
1665,91f7367b-f662-45e4-ac58-c281be8f332f,MONTÓ Dissolvent universal de 1L,4.95,5.45,2026-03-26 08:09:20
1666,e9561396-4208-4a93-bd28-4086cf0c4553,MONTÓ Dissolvent universal de 500 ml,3.55,3.45,2026-03-26 08:09:20
1667,6e93cd4a-da39-466a-a5e4-e002c3a714f7,MONTÓ Aiguarràs Premium,5.95,6.45,2026-03-26 08:09:24
1668,d59c7e5e-f09d-4125-8088-46280bd929c7,MUSFI'S Mona de Pasqua Sara,22.95,21.95,2026-03-26 08:12:58
1669,c7082289-2af0-4907-9648-ed5dcb2c317e,MUSFI'S Mona de Pasqua de fruita,22.95,21.95,2026-03-26 08:12:58
1670,4ff28604-87a1-4529-be76-f50e30059945,MUSFI'S Mona de Pasqua de gema,22.95,21.95,2026-03-26 08:12:58
1671,cad8a847-0f82-40d1-8fc9-7cba2ccf9c7b,Cua de rap (ració),11.05,11.9,2026-03-26 20:04:11
1672,410a304b-8c41-4a14-b3d1-68e90533586a,Llenguado gros,9.45,10.8,2026-03-26 20:04:11
1673,8680fae6-dfdb-451b-a076-4dc16678c460,Sípia bruta,13.19,11.99,2026-03-26 20:04:11
1674,3853d9e0-17e1-488e-a6f9-a69f2fb171bc,LA COLLITA Bròcoli 1 u.,1.59,1.49,2026-03-27 07:59:36
1675,252cc25d-6fb7-4217-885f-06e45ba343b1,Tomàquet madur 1 u.,0.4,0.42,2026-03-27 07:59:39
1676,fdb1cbea-a8cd-46c4-bfdb-95eec80e693e,Tomàquet branca,1.22,1.36,2026-03-27 07:59:42
1677,fadb97eb-7b4e-458a-a1ea-7319e9173886,Escamarlà (petit),6.25,5.5,2026-03-27 08:00:10
1678,5d678095-7654-4a8e-a76d-33ed9e3ca6e1,OLI DE PAU Oli d'oliva verge extra,9.89,8.75,2026-03-27 08:00:33
1679,e9f247f0-a328-4de6-af2b-d1f35ddaec25,FRIT RAVICH Patates lleugeres de tomàquet i orenga,1.93,1.99,2026-03-27 08:00:40
1680,0331e856-ebb0-4fda-8c89-21b42462709c,PRIMA Quètxup Cero,1.99,1.95,2026-03-27 08:01:44
1681,f4052650-e941-4256-9231-9da3ea84e998,BONPREU Preparat per a creps,2.0,2.19,2026-03-27 08:01:49
1682,32f6b634-d255-4fcd-9a9a-adf3776ddcc4,BONPREU Suc de préssec i raïm en cartró,0.99,1.1,2026-03-27 08:02:08
1683,78b303f6-74df-42d0-b31f-eb3aab9620c9,DON SIMON Suc de taronja amb polpa en cartró,2.49,2.95,2026-03-27 08:02:08
1684,70c8d2c1-8b4f-496f-a9c6-3acc9a77b0e9,DON SIMON Suc de taronja sense polpa en cartró,2.49,2.95,2026-03-27 08:02:08
1685,3613f525-f8de-46a7-9ad9-a1ced7d914a5,RUAVIEJA Crema de licor de carmel,13.95,11.95,2026-03-27 08:02:34
1686,4740909a-ff6c-49b1-b3c9-061c568778a2,GRE Multifunció 4 accions,29.99,37.99,2026-03-27 08:05:55
1687,7c3deb29-b88d-4483-b6cc-3b2976bebb6f,GRE Pastilles 5 accions per a piscina,39.99,44.99,2026-03-27 08:05:55
1688,49964291-cbaa-4ae9-ae10-c9a006c76def,SONAE Cadira de fusta d'acàcia,39.99,34.95,2026-03-27 08:05:55
1689,04c4316a-407d-40ba-889f-50e278092aad,SONAE Para-sol lateral color cru,79.95,69.95,2026-03-27 08:05:55
1690,26d0f341-19ca-44ed-8074-f890ac8860fe,GRE Algicida concentrat per a piscina,12.49,12.99,2026-03-27 08:05:56
1691,9194ce1a-86b5-4ad2-aa9d-ab1a2fc82583,AGUMAY Joc de bitlles infantil,8.95,6.99,2026-03-27 08:05:57
1692,dd200407-ef34-41a4-a684-ae4a83639dca,GRE Hivernador líquid,15.99,11.99,2026-03-27 08:05:57
1693,675d3906-4785-4cde-b486-ad5d43644170,GRE Granulat Complet 4 Action,44.99,49.99,2026-03-27 08:05:58
1694,3b17b67d-3da6-47c4-9b1d-e42720cd40d9,GRE Tractament per a l'aigua de la piscina,13.99,15.99,2026-03-27 08:05:58
1695,932aad72-593f-4236-b836-c3c2ee6e4875,GRE Economitzador de l'aigua de la piscina,27.95,19.95,2026-03-27 08:06:00
1696,940b8235-ffa1-4590-a399-14f34e307366,GRE Antialgues concentrat per a piscina,10.99,9.95,2026-03-27 08:06:02
1697,ddd4f744-156b-4079-8f7f-5a713b8a5a57,GRE Sorra de Silex per filtre de piscina,14.95,9.95,2026-03-27 08:06:03
1698,e044ab0f-792b-4ff9-b36e-3f5a2802676a,GRE Kit neteja clàssic netejafons piscina,99.95,49.95,2026-03-27 08:06:04
1699,b629a10b-7a91-456e-b160-9e687f3593a5,Gre Kit netejafons per a piscina,64.95,29.95,2026-03-27 08:06:04
1700,a596ebbf-95bf-4c5e-be1f-e92523955bab,GRE Netejafons piscina a bateria,99.95,49.95,2026-03-27 08:06:05
1701,acb5ea50-3a14-4645-90ba-c0be1a6b4301,Calamar fresc,15.0,16.5,2026-03-27 19:54:49
1702,baeac763-a587-46f6-9acf-2ae52fcfc7f5,Cua de Lluç (unitat).,11.99,12.99,2026-03-27 19:54:49
1703,b6a1403d-e197-4cb8-bf54-3db83f317bb2,Rap sencer,12.99,14.99,2026-03-27 19:54:49
1704,3853d9e0-17e1-488e-a6f9-a69f2fb171bc,LA COLLITA Bròcoli 1 u.,1.49,1.59,2026-03-28 07:50:44
1705,14d1558c-22c4-4a25-913e-8c35c9765eef,Tomàquet de pera 1 u.,0.45,0.52,2026-03-28 07:50:47
1706,7a476f07-5423-49c0-8651-626e41cec1a8,Tomàquet branca 1 u.,2.39,2.59,2026-03-28 07:50:48
1707,2b41944a-c7ca-40a5-948b-b03b27921837,Meló sencer 1 u.,5.23,5.98,2026-03-28 07:50:51
1708,ca94abe1-904e-4324-b996-b0dd0664de09,Llom de porc 100% Duroc,1.26,1.27,2026-03-28 07:51:13
1709,5934d65e-97aa-4010-a860-def1aa426398,BONPREU DE L'ERA Carn magra de porc 50% Duroc,1.28,1.31,2026-03-28 07:51:14
1710,948f22f2-a783-4724-8711-0854d528cdd9,BONPREU DE L'ERA Costella de porc 50% Duroc,3.76,3.85,2026-03-28 07:51:14
1711,d44f063e-1bfa-4f59-b81a-7509c2236430,Burger meat de boví Angus de Nebraska,2.99,3.1,2026-03-28 07:51:14
1712,6d46e052-a9e2-4910-88f3-7db012a7cb5a,BONPREU Filet de vedella sencer,55.99,58.79,2026-03-28 07:51:16
1713,eae39cb4-c3b3-4469-a29f-f90b630f35e4,Burger meat de vaca madurada amb Cheddar,4.2,4.25,2026-03-28 07:51:16
1714,2d9531e5-bc8a-4730-89bb-b2e7d436d2a5,BONPREU DE L'ERA Jarret de vedella,19.79,20.24,2026-03-28 07:51:18
1715,7eaf104a-3be6-4e11-9799-932d8828fa52,BONPREU DE L'ERA Llata de vedella,47.03,47.48,2026-03-28 07:51:18
1716,2694ac28-1e32-498e-86d1-5737e1a36bda,BONPREU Pit de pollastre al buit,9.99,7.99,2026-03-28 07:51:18
1717,99ef5516-d296-4ab2-8b6d-754c818b1042,BONPREU Pit de pollastre al buit,7.39,7.25,2026-03-28 07:51:18
1718,88ddbb45-4079-4082-b3ef-670e17bf31aa,BONPREU Avellanes crues,3.25,4.29,2026-03-28 07:51:47
1719,f4340316-191b-456c-b396-e9a5c4be6f65,ESGIR Cereals Corn Flakes sense gluten i sense sucres,1.99,2.15,2026-03-28 07:52:04
1720,d4a67f0a-8181-4703-91a0-41e6db18fef3,ESGIR Cereals de xocolata sense gluten,2.69,2.79,2026-03-28 07:52:05
1721,a8ca3625-4d26-41ec-bc8b-163b1c306bee,MISTER PULPO Potes de pop cuites,11.85,10.5,2026-03-28 07:53:48
1722,69f0b3dc-f58d-4c67-8510-35b782aa6dfe,BONPREU Pop trossejat cuit en safata de 200 grams,8.76,8.99,2026-03-28 07:53:49
1723,6632fc78-5f9d-4f50-8596-6418d2c6ce2e,L'OU DE L'ESTANY Ou dur de gallina a terra,1.89,2.1,2026-03-28 07:54:23
1724,1321a1f7-1ce9-4e8e-a9a1-e7201f858a6f,Filet de perca del Nil,6.48,6.84,2026-03-28 19:39:37
1725,82ab89e8-2d98-4a47-af0d-91e170714279,Gamba rosada del Mediterrani,9.99,12.99,2026-03-28 19:39:37
1726,651b4193-3bde-4480-937c-3d4b26069a30,BONPREU Espatlla enceball 50% ibèrica,5.59,6.75,2026-03-30 09:18:46
1727,cde34e9c-46a1-4c4b-ac81-31669cf98463,BONPREU Pernil cuit extra a talls,1.95,1.99,2026-03-30 09:18:46
1728,c9f6be28-9eba-4514-8f56-81e5de8cf2b3,BONPREU Pernil curat a tires fines,1.79,1.89,2026-03-30 09:18:46
1729,66cb4779-1c49-4978-b1c5-bd5b04de145d,BONPREU Pernil serrano reserva,3.89,3.99,2026-03-30 09:18:46
1730,c91ace56-f18e-4e9b-8f0b-f9f872c37dea,BONPREU Pernil 50% duroc,3.35,3.4,2026-03-30 09:18:47
1731,5f3b56a7-8ab5-47f1-8cd8-dc3c0d86f203,BONPREU Pernil d'enceball 50% ibèric,5.89,6.99,2026-03-30 09:18:47
1732,660e13a5-1433-40ec-83b4-a51e79dd4af2,ESPUÑA Canyetes de fuet d'Olot,1.49,1.55,2026-03-30 09:18:47
1733,e1c38d2b-2edc-4197-88bb-650c7067a8b0,BONPREU Pernil serrano reserva 50% duroc Bonpreu en talls de 150 g,3.45,3.48,2026-03-30 09:18:48
1734,b6b92c2c-e8f6-4cc9-82cc-4518cc8cbcc5,ESPUÑA Fils de xoriço extra,1.95,2.09,2026-03-30 09:18:48
1735,7a0f58a0-5dbe-4f9a-ac87-673adcc563a1,ESPUÑA Pernil serrano reserva,2.55,2.69,2026-03-30 09:18:48
1736,4ae8e099-0b16-48cd-89b1-5c9cb4ad0a76,ESPUÑA Bloc de pernil curat,3.99,4.15,2026-03-30 09:18:49
1737,cb70dbec-4ac4-43db-a10a-d60c47e2834c,EPICUM Espatlla d'enceball Epicum en talls de 150 grams,8.55,8.97,2026-03-30 09:18:51
1738,bb4737cd-58dc-4be7-855d-52c8ac26d6cb,YANG-TSE Vinagre d'arròs,2.29,2.39,2026-03-30 09:19:35
1739,99ea6ce0-98a1-4311-82f8-33bc24b2e5c6,NOCCIOLATA Crema de cacau i avellanes ecològica,3.99,4.59,2026-03-30 09:20:08
1740,44d180ec-03bf-4fb3-b35e-2ac3e2932884,NOCCIOLATA Crema de cacau i avellanes ecològica sense llet,4.19,4.79,2026-03-30 09:20:09
1741,bf3b09fe-1a93-4849-81dc-b88610f979dd,SOUBRY Fideus d'ou instantànis,1.79,1.85,2026-03-30 09:20:30
1742,d6527c36-75d5-4058-843f-163badb75692,GO-TAN Fideus d'arròs,2.49,2.59,2026-03-30 09:20:38
1743,790858b1-345b-41e4-8d46-650b870abd80,GO-TAN Tallarines d'arròs,2.49,2.59,2026-03-30 09:20:39
1744,a31672ee-8933-49ac-98ea-288394da3574,YANG-TSE Alga nori per sushi,1.99,2.09,2026-03-30 09:20:41
1745,ba7c7f69-6a99-46e3-aa6c-ef274f2d0a3a,YANG-TSE Noodles Vermicelli,2.39,2.49,2026-03-30 09:20:43
1746,766d45ff-bf60-4a93-a895-e029e60ad413,BOVRIL Brou de carn concentrat,3.15,3.19,2026-03-30 09:20:49
1747,f2b08439-a322-4665-8025-bb0f709600c3,VE WONG Salsa de soja,2.65,2.79,2026-03-30 09:20:51
1748,a97c5d93-5225-4ef5-9852-14019d5576a0,GO-TAN Salsa sriracha mayo,3.49,3.59,2026-03-30 09:20:53
1749,b97e34a5-2723-4945-becb-4911f533636a,PATAK'S Salsa Curry Korma,3.25,3.39,2026-03-30 09:20:53
1750,da90de93-720c-4ae3-b446-b16e3662be95,PATAK'S Salsa Tikka Masala,3.25,3.39,2026-03-30 09:20:53
1751,5f523d02-957c-4baa-8df0-e24772017728,YANG TSE Salsa agredolça,1.79,1.89,2026-03-30 09:20:54
1752,76d1d8b0-8939-4236-bac2-979e586e2bf3,YANG-TSE Salsa d'Ostres,2.39,2.49,2026-03-30 09:20:54
1753,be19176d-45a6-4775-ae0c-051a4bb4b200,YANG-TSE Pasta wasabi,2.89,2.99,2026-03-30 09:20:55
1754,da5cd464-86f0-4d40-930b-68b68d372e89,BLUE DRAGON Marinada Teriyaki,2.19,2.29,2026-03-30 09:20:57
1755,92fe22af-3cf6-4bf1-a176-7a588d32b783,SANTA MARIA Fesols vermells mexicans,2.49,2.55,2026-03-30 09:20:57
1756,29732a91-c430-494e-a1f2-ba9be68e9a16,YANG-TSE Pasta per a rotllets de primavera,1.99,2.09,2026-03-30 09:20:57
1757,1f53e106-9f5f-4093-8532-9b08b6b2f358,YANG-TSE Suc de coco,2.49,2.59,2026-03-30 09:20:57
1758,20da83c7-8291-4109-8d29-f599ad4e63e6,YANG-TSE Suc de coco light,1.99,2.09,2026-03-30 09:20:57
1759,f8ac71a9-f2e6-499b-8167-c0d54ac69eb9,YANG TSE Pals de bambú,1.1,1.15,2026-03-30 09:20:58
1760,4ffa9da7-8d2f-4905-8169-daa96338ced1,YANG-TSE Esterilla de bambú per a sushi,3.19,3.29,2026-03-30 09:20:58
1761,4c41c5a4-d0c5-4be3-9507-d5d787101bf6,YANG-TSE Salsa Gyoza,2.69,2.79,2026-03-30 09:20:58
1762,78b7294d-1e0a-474a-9782-645a35b33e34,FERRER Bacallà d'Islàndia per esqueixada,7.29,8.17,2026-03-30 09:21:54
1763,acc1fb4d-d24d-4956-88f7-49243fc2250f,FINISH QUANTUM Rentavaixelles Powerball Quantum de 60 dosis,14.99,12.99,2026-03-30 09:23:40
1764,724c3ffc-9b4a-40a6-a1cb-5cbcc3bb7a83,AQUILEA Vitamina C més zinc efervescents,11.65,8.95,2026-03-30 09:26:13
1765,e880d9e3-5fec-4f59-8257-0bb9fb06267e,AQUILEA Complement alimentari Vigor ella,25.95,23.49,2026-03-30 09:26:16
1766,a00c5692-9adf-4691-a899-7279ab4941a7,ISDIN Desodorant Comfort 24h Ureadin,9.85,8.49,2026-03-30 09:26:33
1767,17a2e08f-7fdb-431f-9bf1-69eeb4ce4195,Albergínia blanca ratllada 1 u.,1.29,0.99,2026-03-31 09:04:48
1768,f37535e2-bf49-410b-a16d-2b8707c79be7,Cogombre 1 u.,0.59,0.55,2026-03-31 09:04:48
1769,2d9c9b56-716a-4a67-a4b4-0ce7bbcb6ed6,LA COLLITA Maduixot en terrina de 500 g,2.99,2.19,2026-03-31 09:04:48
1770,00f9f231-b8a7-419b-a4a1-ed89b7441ada,Maduixots en caixa d'1 kg,5.99,4.49,2026-03-31 09:04:48
1771,02250ef4-a79f-4672-9ade-bcdb2ac92fe5,Moniato 1 u.,1.15,1.09,2026-03-31 09:04:48
1772,554af9b0-4e64-4d81-a0d6-350923dbc110,Carxofa Baix Llobregat Km0 1u,0.51,0.46,2026-03-31 09:04:50
1773,805ce06e-30dd-409b-b84f-9d974216acbe,Coliflor 1 u.,2.39,2.59,2026-03-31 09:04:50
1774,14d1558c-22c4-4a25-913e-8c35c9765eef,Tomàquet de pera 1 u.,0.52,0.54,2026-03-31 09:04:51
1775,3b035405-d0d4-48a6-afb2-01338503ece7,Llima 1 u.,0.41,0.4,2026-03-31 09:04:53
1776,2a4c5959-f910-4a68-9817-f6d2f0b0c710,BONPREU Maduixa,2.89,1.99,2026-03-31 09:04:55
1777,7ca81e82-76f6-46f8-8751-70783288ba47,Cua de rap,29.99,23.99,2026-03-31 09:05:24
1778,1e464f91-cb21-485a-90ed-b937c263cc4f,Llom super,8.4,7.0,2026-03-31 09:05:24
1779,d2feb177-66ee-46ef-98c3-54705c78be0c,Supremes de Salmó,6.0,6.5,2026-03-31 09:05:24
1780,fadb97eb-7b4e-458a-a1ea-7319e9173886,Escamarlà (petit),5.5,6.25,2026-03-31 09:05:26
1781,baeac763-a587-46f6-9acf-2ae52fcfc7f5,Cua de Lluç (unitat).,12.99,10.99,2026-03-31 09:05:27
1782,c76e09c6-f84a-457e-8cde-21abd94c3eef,Lluç del Cap sencer (palangre),22.49,26.99,2026-03-31 09:05:27
1783,76c45e53-1b3d-4c8b-98b6-f1ec85156ac0,RAM Xocolata líquida amb caramel,2.99,2.39,2026-03-31 09:06:22
1784,d2a06f90-964f-4eb0-99db-3978f5703e8f,BIOCOP Piadina d'espelta ecològica,3.29,3.49,2026-03-31 09:07:05
1785,5800c1a5-8bb0-44d0-ad23-d529db1ad6c5,SAN MIGUEL Cervesa especial 12 x 25 cl en ampolla,8.7,4.8,2026-03-31 09:07:31
1786,53d6d0ba-4d28-486a-933a-ed3433f2af9b,NESTLÉ Gelat de llimona i cola,3.25,3.39,2026-03-31 09:08:11
1787,1c71946d-ebf5-4a73-b490-83ab96639e8b,NESTLÉ Gelat sandvitx de nata,4.19,4.25,2026-03-31 09:08:11
1788,c30b0e94-7a8d-4d73-9371-139ed7751179,NESTLÉ PIRULO Gelats Fantasmikos,5.29,5.39,2026-03-31 09:08:12
1789,22a9eaec-02b1-47fb-971d-ea995c03d552,NUII Gelat de caramel i nous de macadàmia,4.89,4.99,2026-03-31 09:08:12
1790,2dd7742d-ce6f-403c-9b90-041a3acccbf4,NUII Gelat de vainilla de Java i ametlles,4.89,4.99,2026-03-31 09:08:12
1791,b0d3ea2b-2961-4eae-9589-28855e7cada1,OREO Gelat de galeta al cacau,4.99,5.15,2026-03-31 09:08:12
1792,8def1738-4d3b-4ecc-9971-21b4a3c27254,MILKA Gelat de vainilla i xocolata,4.99,5.15,2026-03-31 09:08:13
1793,c4b35a94-41d8-42d2-8a98-7c2f3e2c2846,NESTLÉ PIRULO Gelat de síndria,3.95,3.99,2026-03-31 09:08:13
1794,562bceb6-d557-4f08-9b44-300bdbc0ec15,NESTLÉ PIRULO Gelat Fruit Joy,4.19,4.25,2026-03-31 09:08:14
1795,1e5c18d6-20a1-4589-b4f3-6d7486a95b6a,NESTLÉ PIRULO Gelat Mikolápiz,5.29,5.39,2026-03-31 09:08:14
1796,0d628df6-0805-4209-a8a4-440cade7e3f1,NESTLÉ PIRULO Gelat Mini Tropical,5.29,5.39,2026-03-31 09:08:14
1797,69f87d8c-c007-4339-8e01-42fbcb99b254,NESTLÉ PIRULO Gelat de mango,3.95,3.99,2026-03-31 09:08:14
1798,237e8e3c-363c-4596-b187-2d303481dc92,NUII Gelat de coco i mango,5.75,5.85,2026-03-31 09:08:14
1799,da41b61c-4afa-42f8-94f2-88812edc2981,GRANJA ARMENGOL Quefir natural,1.32,1.29,2026-03-31 09:08:28
1800,8eed63f7-076b-43e2-8211-69a8043b1b0b,BECKEN Fregidora d'aire digital BAF9427,74.99,59.99,2026-03-31 09:10:26
1801,17a2e08f-7fdb-431f-9bf1-69eeb4ce4195,Albergínia blanca ratllada 1 u.,0.99,1.29,2026-03-31 22:23:54
1802,4edf791e-27ac-45e4-bbae-bc51635dae87,Alvocat  1 u.,1.35,2.0,2026-03-31 22:23:54
1803,50b3ce07-1197-4296-8a68-5db8f14264c0,CRÜ Carbassó Km0 en cinta de 400 g,2.09,4.99,2026-03-31 22:23:54
1804,f37535e2-bf49-410b-a16d-2b8707c79be7,Cogombre 1 u.,0.55,0.59,2026-03-31 22:23:54
1805,eadfa561-ddef-45a9-8810-501d38ec7782,FLORETTE Amanida Japó,3.59,3.99,2026-03-31 22:23:54
1806,06964a36-32de-4a7a-9e33-80e7b2147275,FLORETTE Amanida de nous i formatge de cabra,3.09,3.35,2026-03-31 22:23:54
1807,5c9f3fd8-1f91-4375-9530-383cbe779c11,FLORETTE Amanida gourmet original,1.69,2.09,2026-03-31 22:23:54
1808,cf94d08b-ca1c-43d9-9454-901d546aaf44,FLORETTE Brots clàssics,1.49,2.05,2026-03-31 22:23:54
1809,2695ad0f-0195-4b89-b3d3-dc8d0978a093,FLORETTE Brots gourmet,1.99,4.99,2026-03-31 22:23:54
1810,9bf1a5c2-f43b-4ebf-adf5-93b0029668d1,LA COLLITA Endívies en safata de 3 o 4 u.,1.79,1.99,2026-03-31 22:23:54
1811,2d9c9b56-716a-4a67-a4b4-0ce7bbcb6ed6,LA COLLITA Maduixot en terrina de 500 g,2.19,4.29,2026-03-31 22:23:54
1812,625feae0-0920-4e85-9c0d-e0091b7e62e7,LA COLLITA Nabius en terrina de 170 g,2.29,2.59,2026-03-31 22:23:54
1813,a722ad70-58d0-4d71-b1fe-59f4e8716f0d,LA COLLITA Porro en 1 manat,2.39,3.0,2026-03-31 22:23:54
1814,3e255ffb-4f74-4de1-8fc2-d1093ee78840,LA COLLITA Pruna vermella en safata de 600 g,2.29,2.99,2026-03-31 22:23:54
1815,99d1bd13-ac73-461f-91f1-dbf6806d376a,LA COLLITA Pèsols desgranats Km0,2.69,3.69,2026-03-31 22:23:54
1816,1cf3b9c9-0d58-4e70-acf0-ff2b24ff042c,Mandarina 1u.,0.29,1.0,2026-03-31 22:23:54
1817,02250ef4-a79f-4672-9ade-bcdb2ac92fe5,Moniato 1 u.,1.09,1.15,2026-03-31 22:23:54
1818,c92bf1f1-e762-4e81-b780-54cfc4f2fbf1,Poma Tessa Km0 1 u.,0.5,2.69,2026-03-31 22:23:54
1819,82f2dc89-61ce-4fce-ad9a-033706c242c3,Poma Tessa Km0 1 u.,0.49,0.65,2026-03-31 22:23:54
1820,9392b333-2687-49d5-b1e3-c010b373018a,Pruna vermella 1 u.,0.53,4.29,2026-03-31 22:23:54
1821,f0c07e64-014e-4a03-a1a0-d53b29af258e,Tomàquet cirerol Km0 en branca en safata de 200 g,1.89,2.39,2026-03-31 22:23:54
1822,c0c733dc-a57e-40eb-9ee5-b576827c1059,Tomàquet rosa 1 u.,1.07,3.99,2026-03-31 22:23:54
1823,2f735c80-a46f-4f68-a779-f0783ac52fc4,Tomàquet rosa 1 u.,0.69,0.89,2026-03-31 22:23:54
1824,00f9f231-b8a7-419b-a4a1-ed89b7441ada,Maduixots en caixa d'1 kg,4.49,5.99,2026-03-31 22:23:55
1825,75e1304d-4b0b-4fd1-8c4d-c98c08acfc1f,ALEJANDRO Xoriço 100% natural clàssic,3.99,4.75,2026-03-31 22:24:03
1826,f5da386d-d08b-4275-b4a8-3827d4f72193,ALEJANDRO Xoriço 100% natural picant,3.99,4.75,2026-03-31 22:24:03
1827,fc8bb936-e7f0-4dde-be5e-cf0ca14fc3b5,ARGAL Fuet & bread,1.25,1.39,2026-03-31 22:24:03
1828,adab5557-66fe-4e2a-a5d8-7f451d2633b8,ARGAL Pernil cuit Argal Bonnatur en talls de 200 grams,2.5,15.75,2026-03-31 22:24:03
1829,ab4e662b-2ffa-4316-8f51-7a19c8022a01,AZUAGA Espatlla ibèrica de gla,7.99,8.99,2026-03-31 22:24:03
1830,e940a04a-5ade-4e4c-8ff8-1a7333ece744,BONNATUR Pernil cuit extra tall fi,1.89,2.25,2026-03-31 22:24:03
1831,1c57da82-a409-48d6-aa05-afead85d90d1,BONNATUR Pernil cuit rostit,1.89,2.25,2026-03-31 22:24:03
1832,14f077b0-808c-4dee-9c45-3916f2117a02,BONPREU Sobrassada cular IGP de Mallorca Bonpreu en talls de 150 g,1.8,14.59,2026-03-31 22:24:03
1833,43b0e5e2-e530-4616-a9c5-e948fb027b41,CAN DURAN Llonganissa al pebre Can Duran en talls de 150 grams,3.45,25.39,2026-03-31 22:24:03
1834,199fd74a-fa31-4710-9ddb-4a6c761c137a,CAPDEVILA Mousse Foie Gras d'ànec,2.39,2.59,2026-03-31 22:24:03
1835,a8f1738e-d0e3-44db-8d32-ec074c267e32,CUIT'S Paté de nabius,1.69,2.25,2026-03-31 22:24:03
1836,1ce270d6-5902-41fe-abd4-9c2263fcea6b,EL POZO Pit d'indiot natural sense additius,2.49,2.75,2026-03-31 22:24:03
1837,615ae1c0-8dd6-40cf-8d63-150b7974187b,EXENTIS Llonganissa reserva Exentis en talls de 150 grams,3.3,26.39,2026-03-31 22:24:03
1838,a8990ff0-ab57-4c6e-a379-43924fdc7965,JOSELITO Espatlla natural Gran Reserva,165.0,199.0,2026-03-31 22:24:03
1839,e89ab7a7-5354-49b6-b12b-596640b21fbd,LA MILANESA Mortadel·la amb olives La Milanesa en talls de 100 grams,1.8,19.99,2026-03-31 22:24:03
1840,1cd951c3-5514-466a-add0-b03fe2cb8889,LA SELVA Llom curat amb pebre La Selva en talls de 100 grams,2.5,29.95,2026-03-31 22:24:03
1841,4dab225c-f0bb-46fb-b06c-9882491627b0,NAVIDUL Pernil serrano reserva Navidul en talls de 150 g,4.16,33.69,2026-03-31 22:24:03
1842,4b486e61-6e60-4696-a3fa-d4a6a3a001a0,SALGOT Botifarra catalana,3.89,4.15,2026-03-31 22:24:03
1843,ef69ec08-92f8-4684-984a-25609383422c,SERÓN Espatlla gran reserva,34.95,38.95,2026-03-31 22:24:03
1844,c567e57a-8499-4033-912d-456d4790ae42,ALBIERO Formatge provolone dolç,2.75,2.95,2026-03-31 22:24:12
1845,15b87f88-c4c8-4946-bb01-95978f622f30,BONPREU Formatge fresc D.O. Murcia de cabra,4.09,4.49,2026-03-31 22:24:12
1846,840430a9-22e9-4373-8ab5-b9249a7ced2b,CADÍ Formatge ratllat semigras,1.39,1.51,2026-03-31 22:24:12
1847,ef0f4d64-c21e-4cf8-b655-6e7cf9ffa0de,GARCÍA BAQUERO Formatge reserva 12 mesos a talls,4.99,5.49,2026-03-31 22:24:12
1848,8fe5893a-0f1d-471e-a5cf-46ee256c1da8,GARCÍA BAQUERO Formatge tendre llescat,2.49,2.75,2026-03-31 22:24:12
1849,fbedf55d-f534-4ad2-a812-4c790dbb3801,MEVGAL Formatge Feta DOP,3.75,3.99,2026-03-31 22:24:12
1850,469d38b7-ed85-43a0-a0d8-5316cb39b19f,MICHELANGELO Formatge burrata Di Bufala,2.49,2.95,2026-03-31 22:24:12
1851,31de87cf-5c5b-4947-b697-55f66ed37c11,POK Formatge d'ovella anyenc tallat,4.99,5.45,2026-03-31 22:24:12
1852,31f623c8-17c4-453e-873c-e157f163c12d,CADÍ Formatge Neu al tall,2.7,17.23,2026-03-31 22:24:13
1853,55926cd7-397c-499e-9723-584f28913a3d,CHAMOIS D'OR Formatge Brie al tall,3.26,27.85,2026-03-31 22:24:13
1854,51ccf6c6-67f5-43eb-9929-9510f146fb6a,EL PASTOR Formatge de cabra rull,6.89,7.39,2026-03-31 22:24:13
1855,3386e97b-5c9e-4be8-bd96-c746d2779266,GARCíA BAQUERO Formatge curat reserva al tall en porció,3.95,21.3,2026-03-31 22:24:13
1856,1b841f78-7abb-41c6-8b91-c75d7cf440f0,MEVGAL BIO Formatge feta ecològic,3.99,4.49,2026-03-31 22:24:13
1857,7f3a6c91-7e45-4f75-830b-bda0184a1e01,OLD AMSTERDAM Formatge curat de vaca a talls,4.49,4.99,2026-03-31 22:24:13
1858,5f8ba3c1-2637-4588-9364-7fc706f94242,OLD AMSTERDAM Formatge semicurat tallat,4.29,4.69,2026-03-31 22:24:13
1859,38a4e67a-37ec-4313-afe3-e104c8dbdd60,PRÉSIDENT Formatge de pasta tova l'Ovale,3.29,3.55,2026-03-31 22:24:13
1860,c81e3ee6-c641-4ac8-85ac-84633c2066b5,SOMBRERO DE COPA Formatge tendre Edam al tall en porció,1.42,10.99,2026-03-31 22:24:13
1861,37482fde-fe21-49d9-87d8-4a23774cf92f,BONPREU Carn magra del coll,3.71,8.85,2026-03-31 22:24:21
1862,eb08dcd5-f5c4-4ba6-9d6c-ec5ec825d36f,BONPREU DE L'ERA Conill sencer d'ulls negres,11.79,12.49,2026-03-31 22:24:21
1863,2ea4e42b-d9f2-48ad-833a-97688219b276,BONPREU DE L'ERA Entrecot de vedella madurat,9.9,37.49,2026-03-31 22:24:21
1864,83a1be3c-6ef8-4257-af36-300f17f8d1a0,BONPREU DE L'ERA Pit de pollastre,1.84,12.49,2026-03-31 22:24:21
1865,007f8668-c919-430b-8b26-8243fa425d50,BONPREU Espatlles conill,4.99,5.49,2026-03-31 22:24:21
1866,bc1ea11b-55cd-4259-bb14-b91e0065248e,BONPREU Espatlles de conill,5.25,18.99,2026-03-31 22:24:21
1867,aad4b4dc-7d89-4932-a586-d90959977846,BONPREU Tira de costella de porc,5.0,7.35,2026-03-31 22:24:21
1868,2ece3e6f-498c-4401-81af-0230e39f2a29,BONPREU Xai del país,19.54,25.99,2026-03-31 22:24:21
1869,049ed10f-f3aa-4ac7-81d7-f953047b30f5,Burger meat de vaca madurada,2.99,3.85,2026-03-31 22:24:21
1870,1c3d45a2-85d8-4c59-91fe-8531f1202686,AGUINAMAR Amanida Pintxo a la Donostiarra,2.99,3.45,2026-03-31 22:24:29
1871,38bdcace-6223-45dd-841a-e62ce2ffb5e8,Filet de Gallineta Oceànica,1.75,14.99,2026-03-31 22:24:29
1872,34508e80-f656-415d-a2bf-98a020f34e86,Hamburguesa de Rap amb Gamba,3.79,3.99,2026-03-31 22:24:29
1873,2a902762-dbed-4a39-9ca4-98eac77f75e9,Llagostí Vannamei cuit,2.5,12.99,2026-03-31 22:24:29
1874,233491c6-456c-4bdc-825d-8ff77fa30847,MERIPUL Pota de pop cuita pasteuritzada,14.29,14.99,2026-03-31 22:24:29
1875,c65ad022-cef5-4317-af52-070c9790809e,Mini hamburguesa de Lluç,2.79,2.99,2026-03-31 22:24:29
1876,f9ef945a-cbf3-4b90-8514-6c394ba37102,Orada (unitat),3.99,4.49,2026-03-31 22:24:29
1877,860d655e-ec4b-4613-b614-a4e71565f8fd,Preparat tonyina Aleta Groga aromatitza.,5.69,5.99,2026-03-31 22:24:29
1878,d6b68210-f006-4709-82ed-6f3136974591,ROYAL Bacallà dessalat esqueixat,4.99,5.59,2026-03-31 22:24:29
1879,dd38a596-9690-4c07-8cab-4d2acb2cf116,ROYAL Crema de bacallà,2.99,3.19,2026-03-31 22:24:29
1880,9cf01633-05ad-4993-adf3-297289d73575,ROYAL Salmó fumat,5.99,6.99,2026-03-31 22:24:29
1881,ae726b09-4cc6-4f0d-a20a-5987d6d0e392,ROYAL Salmó noruec fumat,5.99,6.49,2026-03-31 22:24:29
1882,8e71e36b-7397-45ff-b70a-77901471b111,Rossellona (unitaria),4.99,6.99,2026-03-31 22:24:29
1883,2eeb7cee-09dd-41f8-a322-c75d0d7e23d8,SPHERIKA Ous de capelà negres,2.29,2.49,2026-03-31 22:24:29
1884,e9553db6-9f0e-4d25-8578-68dc93871d21,SPHERIKA Perles d'esturió,5.39,5.99,2026-03-31 22:24:29
1885,aa34d52e-c2d3-475a-844e-896dfd310ea8,Sípia faraònica neta,6.3,16.99,2026-03-31 22:24:29
1886,f8043ddc-cd72-482a-bd15-e8abdaae4c5e,UPESCA Centre de bacallà dessalat,6.99,7.49,2026-03-31 22:24:29
1887,7ca81e82-76f6-46f8-8751-70783288ba47,Cua de rap,23.99,29.99,2026-03-31 22:24:30
1888,0bc63af7-8cbb-468e-b5cf-edd6cea745a2,Filet de Bacallà salat 400/700,8.75,27.99,2026-03-31 22:24:30
1889,1e464f91-cb21-485a-90ed-b937c263cc4f,Llom super,7.0,23.99,2026-03-31 22:24:30
1890,d659b9a1-8498-4287-b700-039dd68e30a7,BIMBO Panets rodons per a maxi hamburgueses,1.99,2.19,2026-03-31 22:24:33
1891,447ad517-7450-4a34-9e6d-0dba37085f89,LE BRIÓ Burger brioix,2.99,6.25,2026-03-31 22:24:33
1892,ba319cba-7cf1-410f-9a11-7cff8c1b6716,THE RUSTIK BAKERY Pa de massa mare,2.69,2.99,2026-03-31 22:24:33
1893,a537e36b-6fce-4db8-9ef6-a9da50f5c4f7,THE RUSTIK BAKERY Pa de massa mare i cereals,2.69,2.99,2026-03-31 22:24:33
1894,51651877-32ad-45a4-9dc0-7026ea7ffbf2,THE RUSTIK BAKERY Pa de massa mare integral,2.69,2.99,2026-03-31 22:24:33
1895,79fbc35e-76f5-498a-a97c-12cf9ccd8bc4,BO DE DEBÒ Crestes de tonyina,3.69,3.99,2026-03-31 22:24:41
1896,cba0d941-4958-4212-be13-1411c421013a,BO DE DEBÒ Espaguetis al pesto,3.29,3.59,2026-03-31 22:24:41
1897,9de13091-68c8-4a94-a4cf-036b45d3e175,BO DE DEBÒ Macarrons amb tomàquet i mandonguilles,3.69,3.99,2026-03-31 22:24:41
1898,390ec1e0-110d-4f9e-9069-604e6f3e034f,BONPREU Croquetes de pernil d'enceball ibèric,3.25,3.75,2026-03-31 22:24:41
1899,70f86c4a-fba4-4c6e-be14-9524375eefe1,BONPREU Croquetes de pollastre rostit,3.25,3.75,2026-03-31 22:24:41
1900,2f08f604-8dd7-40eb-8f21-6aaaa0578706,BROOKLYN TOWN Burger Instant Bacon,3.99,4.95,2026-03-31 22:24:41
1901,31747aac-ae28-48e3-bc63-61dec2e47561,BROOKLYN TOWN Burger Instant Cheese,3.99,4.95,2026-03-31 22:24:41
1902,3fe02d69-61d4-4f24-b865-1baf91834c35,CASA TARRADELLAS Pizza Bianca 4 formatges,3.99,4.49,2026-03-31 22:24:41
1903,dd3f8605-8f26-46fb-9fb8-173c82515f91,CASA TARRADELLAS Pizza fresca de pernil i mozzarella,3.99,4.29,2026-03-31 22:24:41
1904,176af9e4-c2bd-461c-ba5d-6d131e1bd556,GIULIA Focaccia amb ceba,1.99,2.49,2026-03-31 22:24:41
1905,50ee6eb2-692d-4d58-9e5c-86d9940d2409,SA CROQUETA Croqueta de pernil ibèric amb formatge curat,3.25,4.35,2026-03-31 22:24:41
1906,281e2404-a715-4fd2-8cc7-8e5dcbc7eb95,SA CROQUETA Croquetes d'espinacs amb panses i pinyons,3.25,3.99,2026-03-31 22:24:41
1907,4dd4f620-6538-43e1-afdd-cd5706796a33,SA CROQUETA Croquetes de ceba caramel·litzada  i formatge de cabra,3.25,3.75,2026-03-31 22:24:41
1908,8131b19c-a4ea-4700-9ab6-f644d8c0b6d2,SA CROQUETA Croquetes de ceps,3.25,4.25,2026-03-31 22:24:41
1909,6b8cf82c-6b83-4116-b721-b52019bbfa3e,SA CROQUETA Croquetes de rostit de carn d'olla,3.25,4.2,2026-03-31 22:24:41
1910,0db16e8e-eab7-418f-a360-fa433c840880,SA CROQUETA Croquetó de pollastre rostit XXL,5.25,6.25,2026-03-31 22:24:41
1911,a4d4c4df-e0d4-48d3-afa3-5e92f35f5db8,SALT DE SALLENT Patata d'Olot de formatge de cabra i ceba caramel·litzada,4.99,5.99,2026-03-31 22:24:41
1912,b291cdb1-a4a9-46c6-b12c-00b78799598c,SALT DE SALLENT Patata d'Olot farcida de carn,4.99,5.99,2026-03-31 22:24:41
1913,0e213203-84c8-40ce-97c8-950e675016e5,TASTAMAR Bacallà amb muselina d'all,5.49,5.99,2026-03-31 22:24:41
1914,aa60b86b-0262-43a3-b6c0-86e42590659c,BORGES Oli refinat especial fregir,2.59,2.99,2026-03-31 22:24:49
1915,6810a72f-e3b7-4c59-921d-feba9a24fd86,CARBONELL Oli d'oliva en esprai,2.65,2.8,2026-03-31 22:24:49
1916,4b05375a-5a16-499b-8a1e-04aa08f8de25,CARBONELL Oli d'oliva sabor intens,4.89,5.65,2026-03-31 22:24:49
1917,0cb35844-474b-46c3-abf4-d4cc1eb683cd,CARBONELL Oli d'oliva suau,4.89,5.65,2026-03-31 22:24:49
1918,63fe5e9f-8cec-44d8-a8ff-5e5fb03964b8,CARBONELL Oli d'oliva verge extra,3.79,4.45,2026-03-31 22:24:49
1919,26df2af7-9293-4cc4-a280-550988cd6859,CARBONELL Oli d'oliva verge extra,5.85,6.95,2026-03-31 22:24:49
1920,9b30f69a-ac01-4dc3-888b-6479e9234428,CARBONELL Oli d'oliva verge extra en esprai,2.95,3.29,2026-03-31 22:24:49
1921,b90536c2-b9bc-4dbf-9683-6bd6afd60358,COOSOL Oli refinat de llavors,2.49,2.73,2026-03-31 22:24:49
1922,7ae8bae8-bec0-482b-a223-6099c796948a,ECOCESTA Llavors de lli molt ecològiques,3.75,4.49,2026-03-31 22:24:49
1923,d6043e77-1231-45a8-8c6a-a414e7dfbdfd,GERMANOR Oli d'oliva verge extra arbequina,34.95,39.95,2026-03-31 22:24:49
1924,9c16d33f-089a-4072-945a-25cdcfdc464d,LA ESPAÑOLA Oli de llavors en esprai,1.99,2.39,2026-03-31 22:24:49
1925,5f310a11-aed5-4099-9a90-02a57c0e2044,LAY'S Patates fregides Gourmet,0.99,1.99,2026-03-31 22:24:55
1926,c92a69f7-aefa-4e38-8c32-ba02b5197a11,LAY'S Patates fregides Mediterrànies,1.99,9.95,2026-03-31 22:24:55
1927,be9db6be-0620-4a3e-a99a-3a01dd38f67d,ZANUY Natxos amb llavors i xia,1.19,1.39,2026-03-31 22:24:55
1928,2506d6be-7b86-4152-a335-07f82691821e,ZANUY Natxos salats,1.39,1.59,2026-03-31 22:24:55
1929,48d039de-b2a6-4f6b-a8dd-544d7a06b0d9,4 HECTÁREAS Coco xips ecològiques,1.79,1.99,2026-03-31 22:24:56
1930,cd2fb255-8908-40ab-9ada-ebe81b11bb86,4 HECTÁREAS Xips de plàtan ecològics,1.95,2.15,2026-03-31 22:24:56
1931,f7a75168-12b1-4250-a483-e515cdb25bec,BORGES Nabius vermells dolços deshidratats,2.25,2.65,2026-03-31 22:24:56
1932,f2a8f550-e777-4eba-901c-cfa7931f0db0,DORITOS Snacks de blat de moro amb gust de formatge Tex-Mex,0.99,1.99,2026-03-31 22:24:56
1933,9e465c06-7129-4018-a9c1-837eb54da1f2,GUSANITOS Snack de blat de moro,1.15,1.35,2026-03-31 22:24:56
1934,50bf1316-ba05-4b64-acfa-3d29e8fa6b4a,PUIGDELLÍVOL Ametlles amb pell deshidratades Km0,2.59,2.95,2026-03-31 22:24:56
1935,800128ae-66e8-491b-9caf-7665d2fcb4a9,RUFFLES Patates fregides amb gust de pernil,0.99,1.99,2026-03-31 22:24:56
1936,f4fc402d-1f31-4100-a7a4-34111e970b02,XOX Palets Salats,1.49,1.75,2026-03-31 22:24:56
1937,abc7e0b9-4bc1-4330-93cf-a169fb6e4417,ALEMANY Mel de flors,6.29,6.99,2026-03-31 22:25:03
1938,ff77c29f-ec04-4a2c-809b-87d69439a1d2,ALEMANY Mel i llimona,6.99,7.55,2026-03-31 22:25:03
1939,ffdfb67c-de82-4da1-8578-ada1ce76cc09,RIO Edulcorant estèvia,2.59,3.05,2026-03-31 22:25:03
1940,fca31674-e084-495c-b3e1-d1ab672fac1b,RIO Edulcorant estèvia 200 comprimits,1.59,1.85,2026-03-31 22:25:03
1941,ec11323b-d00b-48ce-9571-9939dbb97ba6,DOLCE GUSTO Càpsules de cafè Espresso Intens,8.55,54.65,2026-03-31 22:25:05
1942,84928256-c7ab-489c-b3d5-c167740de834,DOLCE GUSTO Càpsules de cafè amb llet,8.55,54.65,2026-03-31 22:25:05
1943,83021dc2-771b-4c83-8af9-c1ef79c3e5a7,DOLCE GUSTO Càpsules de cafè espresso intens descaf.,8.55,54.65,2026-03-31 22:25:05
1944,4925f0d6-c533-4ce1-ab4b-2b531245e0bf,DOLCE GUSTO Càpsules de cafè espresso ristretto,8.55,54.65,2026-03-31 22:25:05
1945,8d0faa13-2ee6-428a-ba87-fa6b1fcc7ab8,L'OR Càpsules de cafè Brazil,3.95,4.29,2026-03-31 22:25:05
1946,98263d72-9f9a-43f6-996d-0ae2f65a47b1,L'OR Càpsules de cafè Colòmbia,3.95,4.29,2026-03-31 22:25:05
1947,3110aa0e-9feb-4624-b97d-f72c58b3a96e,L'OR Càpsules de cafè Forza,3.95,4.29,2026-03-31 22:25:05
1948,bc0e56c9-4a9d-4f6e-a0f5-b0f71885e316,L'OR Càpsules de cafè Onyx,14.99,17.99,2026-03-31 22:25:05
1949,360d9018-b732-4cf3-b1a4-3fa167ae5d3c,L'OR Càpsules de cafè Onyx,3.95,4.29,2026-03-31 22:25:05
1950,d81aaf8a-e0d9-4d79-b133-4dae12ae25d8,L'OR Càpsules de cafè Ristretto,14.99,17.99,2026-03-31 22:25:05
1951,92f21001-fb57-45f4-890b-a75f43599ea3,L'OR Càpsules de cafè Ristretto,3.95,4.29,2026-03-31 22:25:05
1952,f7b6f584-402b-4312-a156-02c73301471b,L'OR Càpsules de cafè de caramel,3.95,4.39,2026-03-31 22:25:05
1953,a908decb-5724-4f37-8465-3b9f013cda14,L'OR Càpsules de cafè de vainilla,3.95,4.39,2026-03-31 22:25:05
1954,ee96cb77-59ce-4dee-a819-2dc915825a63,L'OR Càpsules de cafè de xocolata,3.95,4.39,2026-03-31 22:25:05
1955,243ff245-e74a-4c45-9fe1-31571abd1d3a,L'OR Càpsules de cafè descafeïnat Ristretto,3.95,4.29,2026-03-31 22:25:05
1956,cbb77b3a-8f87-4ea7-ab6b-8562580d638d,NESCAFÉ Cafè soluble descafeïnat,2.99,3.55,2026-03-31 22:25:05
1957,fbb9d456-abf1-4150-b5a6-8d803df35563,NESCAFÉ Cafè soluble natural,2.99,3.55,2026-03-31 22:25:05
1958,fcd8321c-803b-4470-96d6-7d2ad8a21eba,SAIMAZA Càpsules de cafè Extra Fort,4.59,4.89,2026-03-31 22:25:05
1959,c4f8f57c-b569-4040-8352-c4eaa38f77bc,SAIMAZA Càpsules de cafè Fort,4.59,4.89,2026-03-31 22:25:05
1960,330ba8c6-3539-4227-94da-3c6a301b38a4,L'OR Càpsules de cafè Colombia Andes,14.99,17.99,2026-03-31 22:25:06
1961,11df3851-ac85-4301-8501-2177aa9c7ff4,BIRBA Galetes Mediterrània Núria,4.6,6.99,2026-03-31 22:25:12
1962,deac7a81-b6d4-4fc5-8ed1-e749190c7265,PAGESA Galetes integrals,2.95,3.25,2026-03-31 22:25:13
1963,cc98a1ad-2394-43a8-8f61-55d3a99b9852,PAGESA Mantovanes integrals,2.95,3.25,2026-03-31 22:25:13
1964,aeebf655-864d-43cc-8fc7-33b2369ca385,ALTERNATIVA3 Cacau Instant ecològic,3.25,3.59,2026-03-31 22:25:19
1965,826517fd-ac98-4eeb-9195-877e83aac271,BLANXART Xocolata negra 85% de Nicaragua ecològica,3.95,6.99,2026-03-31 22:25:19
1966,35e4e69c-fa7b-4327-8dac-696211460536,COLACAO Cacau soluble en pols,4.49,4.99,2026-03-31 22:25:19
1967,a533e4c2-50ca-4d34-86a5-adebef9990b1,KINDER SCHOKOBONS Ou de xocolata amb llet,3.99,4.49,2026-03-31 22:25:19
1968,4af559b6-ce87-4a28-9cf1-d994e7d248c8,NOCILLA Barreta de cookies i crema,1.99,2.99,2026-03-31 22:25:19
1969,5d727241-a164-4375-b57b-e7f16e9333bc,NOCILLA Barretes de xocolata Original,1.99,2.99,2026-03-31 22:25:19
1970,e50d1988-52e8-4380-8d9f-b1f9dea65b5a,NOCILLA Crema de cacau amb avellanes,4.99,6.49,2026-03-31 22:25:19
1971,2d8684ef-a15e-4ae0-a3dc-aa29dd82bbf4,NOCILLA Crema de cacau i crema de llet,4.99,6.49,2026-03-31 22:25:19
1972,c556f8b7-83af-40b8-bf86-3669adddf5da,TORRAS Xocolata per a fondue 70% Km0,4.15,4.59,2026-03-31 22:25:19
1973,e1b577ca-1adc-4d14-84b7-300956ac338e,VALOR Xocolata negra pura,4.6,5.25,2026-03-31 22:25:19
1974,5adc6010-74e4-4225-9aa5-70c861236473,CACAOLAT Bombons de xocolata,2.99,4.49,2026-03-31 22:25:20
1975,f0f1cb4d-234c-40b3-89ab-a0e71440f4d4,BALLARÀ Pa de pessic de iogurt amb xocolata Km0,3.49,6.99,2026-03-31 22:25:28
1976,9f1b2ced-f34e-4f9f-bed0-4556dcaddd9f,BIMBO Panets llargs Hot Dog,1.35,1.59,2026-03-31 22:25:28
1977,97cd66b1-c721-4181-9ed4-2f0afa85d97c,KETTERER Pa de motlle de proteïnes,2.99,3.59,2026-03-31 22:25:28
1978,b98f6ca8-9649-4c68-b235-0d0677d499f9,AIROS Biscotes integrals sense gluten,3.95,4.39,2026-03-31 22:25:29
1979,7c7c19f0-3c11-4f35-a86c-0ed0c9018a58,BONPREU Vol au vent mida mitjana,1.79,1.99,2026-03-31 22:25:29
1980,59a4228e-0ae1-4adc-9a5e-8fffd491ee85,CAL ENRIC Ametllat Km0,3.09,3.45,2026-03-31 22:25:29
1981,8980a116-d91a-4efe-a3c3-bb1b87f2f2e0,CAL ENRIC Carquinyolis d'avellana Km0,2.99,3.35,2026-03-31 22:25:29
1982,08cb7592-eb47-4bd8-9be6-98bddf4c3cb0,CAL ENRIC Llaços Km0,2.15,2.39,2026-03-31 22:25:29
1983,96b92d5a-8e48-461f-87c3-b596d3db1439,CAL ENRIC Pets de monja Km0,1.99,2.29,2026-03-31 22:25:29
1984,dd1ccd7b-b822-4cd2-9bf9-53ae7dba0cc7,Cubanitos amb xocolata,2.95,3.25,2026-03-31 22:25:29
1985,b653f378-813c-47d0-8d5a-aadee9e1c7f2,ECOCESTA Coquetes d'arròs i fajol ecològiques,1.79,1.99,2026-03-31 22:25:29
1986,9a36b702-9a6a-4ca8-a687-ea4120e7bc1f,LA RÚSTICA Bracets de sucre,1.49,1.75,2026-03-31 22:25:29
1987,dd90e119-e577-466d-a945-ae6097a8aaed,LA RÚSTICA Bracets de xocolata,1.49,1.75,2026-03-31 22:25:29
1988,748a7c5a-e8c9-48ed-8984-9ebdf2bc5bb0,MANDUL Pa de pessic amb cacau marbre,2.49,2.95,2026-03-31 22:25:29
1989,6d7cb168-aefb-4eb5-8db3-f51b86d9d646,MANDUL Pa de pessic natural,2.49,2.95,2026-03-31 22:25:29
1990,25deca15-1d0f-43ed-9209-01402d0e892e,Ulleres mini de mantega,2.95,3.25,2026-03-31 22:25:29
1991,c59f1762-af71-4fa9-afee-33ca3147bb03,NOMEN Arròs bomba selecció,5.35,5.95,2026-03-31 22:25:37
1992,712f0847-d373-46db-b1d2-ed0aa51b50ec,BONPREU Quinoa blanca,2.45,2.69,2026-03-31 22:25:38
1993,0a0cce7f-aedb-4b3d-a0cb-32c576be7dba,DE CECCO Gnocchi patata sense gluten,2.99,3.75,2026-03-31 22:25:38
1994,d561906e-8ea4-43cf-b7d3-5739eb925bf7,DE CECCO Pasta Mafalda sense gluten,2.95,3.45,2026-03-31 22:25:38
1995,e2ed3a6b-1c09-4d66-8fc6-6be82e493254,NOMEN Arròs llarg,1.29,1.55,2026-03-31 22:25:38
1996,40de764a-53d4-4c49-a920-ca51e247593a,RANA Espaguetis amb ou,1.99,2.49,2026-03-31 22:25:38
1997,8adce847-e57c-4d37-9765-0fd43a3373bb,RANA Tallarines Tagliatelle amb ou,1.99,2.49,2026-03-31 22:25:38
1998,453ce810-1b12-46fe-af66-6f7905c13045,RANA Tallarines fresques amb ou i espinacs,1.99,2.49,2026-03-31 22:25:38
1999,a47c1bc2-9908-43c7-84e2-e9abbb4f61e8,SAN MARTI Pasta de fideus rosca nº1 Km0,1.75,1.99,2026-03-31 22:25:38
2000,42a0e240-bcaa-411e-846f-6d84b334bac5,SAN MARTI Pasta espaguetis Km0,1.75,1.99,2026-03-31 22:25:38
2001,3a3de52b-1339-40a1-af61-2bcdb4e99de4,CALVO Tonyina clara en oli de gira-sol,3.5,9.95,2026-03-31 22:25:45
2002,3eb568fb-ecc4-4f87-9027-43ee39da637e,ESPINALER Lot de vermut,7.99,8.59,2026-03-31 22:25:45
2003,441e95fc-3148-4e19-8f0d-619fda64b8bb,SERPIS Olives farcides d'anxova,2.59,9.95,2026-03-31 22:25:45
2004,e9c01517-06bc-48a7-b7b1-d514ff35d68e,TREVIJANO Risotto mediterrani,2.99,3.45,2026-03-31 22:25:46
2005,58ee09e7-b531-4f2d-a4f7-72c87d62a69d,ZALLO Filets d'anxova Cantàbric en oli de girasol,5.99,6.99,2026-03-31 22:25:46
2006,93d3133f-976e-422c-9501-7b06be1aa9ed,ANETO Brou amb sofregit natural Marinera,3.65,5.25,2026-03-31 22:25:58
2007,e71ea4a2-be6a-439e-b426-e676cbae361a,ANETO Fumet de marisc i peix de roca,4.95,6.9,2026-03-31 22:25:58
2008,1fd4e67c-c4f0-45cc-8f18-55e089a40215,GARCIA MILLAN Salmorejo fresc,3.39,3.85,2026-03-31 22:25:58
2009,9fd9f5bc-daa8-4993-b66a-28e3d76a803c,CHOVI Allioli,1.59,1.95,2026-03-31 22:26:00
2010,e150b635-04c4-43e7-8aae-54b7725716c6,CHOVI Salsa guacamole suau,1.89,2.3,2026-03-31 22:26:00
2011,0345476c-592d-48d6-9a72-501bc80fe86d,DE CECCO Salsa Arrabbiata,1.69,1.99,2026-03-31 22:26:00
2012,256d51b2-7372-4dd6-a324-a2b711dcb705,FLORETTE Salsa de Mòdena i mel,2.25,4.99,2026-03-31 22:26:00
2013,9518790d-f59c-4939-930d-b12f4154461b,MAGGI Salsa Teriyaki,1.99,2.39,2026-03-31 22:26:00
2014,1a4f2cb9-2e54-4f56-bdc2-1b8447e60808,FERRER Quètxup Premium,1.99,2.59,2026-03-31 22:26:01
2015,313845b5-03d0-404a-8969-691f3b685ce2,MAGGI Salsa Tikka Masala,1.99,2.39,2026-03-31 22:26:01
2016,0824a38c-2464-4e8c-b7fb-46615491068f,BORGES Ametlles moltes,3.85,4.25,2026-03-31 22:26:08
2017,2988f081-36ef-46d2-82a6-a53a6212929e,MENTOS Caramels masticables amb gust de fruites,1.0,1.14,2026-03-31 22:26:14
2018,4a2cfcf7-b3c3-41d8-b559-86f7b0d15af7,TRIDENT Xiclets d'herba bona,1.0,1.25,2026-03-31 22:26:14
2019,2c8c86da-a474-43d7-b733-a1b56bbbed4a,TRIDENT Xiclets d'herba bona sense sucre,1.0,1.25,2026-03-31 22:26:14
2020,d2cd052e-485e-495b-9047-479188872656,TRIDENT Xiclets de maduixa i llima sense sucre,1.0,1.25,2026-03-31 22:26:14
2021,56b76377-7531-46b5-8cc0-9e0b28b3e69c,TRIDENT Xiclets de menta sense sucre,1.0,1.25,2026-03-31 22:26:14
2022,ddbfcdfc-320b-40a3-a2ed-a9872093b83a,TRIDENT Xiclets de síndria sense sucre,1.0,1.25,2026-03-31 22:26:14
2023,28df95d4-0f41-4d79-ab61-f83c42984e16,SAN PELLEGRINO Aigua amb gas amb gust de llimona 6x33cl,3.71,5.7,2026-03-31 22:26:20
2024,de37bf1a-2935-4416-9df1-58e1d5bf279d,SAN PELLEGRINO Aigua amb gas amb gust de taronja 6x33cl,3.71,5.7,2026-03-31 22:26:20
2025,9978f947-739e-4edf-af5d-c75d31ebd8e1,COCA-COLA Refresc de cola Zero sucre Zero cafeïna en ampolla,1.39,1.55,2026-03-31 22:26:22
2026,e9b00a74-f087-4d7b-9637-32edf0a5e347,COCA-COLA Refresc de cola Zero sucre Zero cafeïna en ampolla,3.8,4.1,2026-03-31 22:26:22
2027,483916cf-d1e9-45d3-bb66-7963b696fbd1,COCA-COLA Refresc de cola sabor original en ampolla,1.62,1.78,2026-03-31 22:26:22
2028,e8747912-05f4-40b2-bfa2-fbabe69697f0,COCA-COLA Refresc de cola sabor original en ampolla,1.6,4.95,2026-03-31 22:26:22
2029,dc0c97d7-a550-457f-bafd-4f38be2ed32d,COCA-COLA Refresc de cola sense cafeïna en llauna,0.85,1.01,2026-03-31 22:26:22
2030,405da06c-d737-4861-9125-a9d0a2fc88ee,COCA-COLA Refresc de cola zero sucre en ampolla,1.55,9.99,2026-03-31 22:26:22
2031,533204ce-80a8-491e-9570-9c7177a53499,COCA-COLA Refresc de cola zero sucre en ampolla,3.8,4.1,2026-03-31 22:26:22
2032,392734c1-2998-407f-8a54-9bcd19e029fc,MONSTER Beguda energètica Energy Ultra White en llauna,1.45,1.79,2026-03-31 22:26:22
2033,f6b27c31-8374-4dae-b8ed-3d696c321ce8,NORDIC MIST Refresc tònica Zero sucre en llauna,0.57,0.67,2026-03-31 22:26:22
2034,5ebebdf3-5cac-4008-9ed8-35a72dfe9ced,NORDIC MIST Refresc tònica en llauna,0.61,0.71,2026-03-31 22:26:22
2035,6cf3e24b-e369-4092-a380-47f6f79368aa,PEPSI MAX Refresc de llima Zero sense sucre en llauna,0.59,0.79,2026-03-31 22:26:22
2036,ba642ff1-7f85-4dac-a7e0-239be0b9b1d7,PEPSI Refresc de cola Zero sense sucre en llauna,0.59,0.79,2026-03-31 22:26:22
2037,67fcc5ce-d082-47bd-a122-10ebb7f3c617,PEPSI Refresc de cola en llauna,0.59,0.79,2026-03-31 22:26:22
2038,4bd4e201-0e89-44a4-ab9e-dd57b1b9967d,SEVEN UP Refresc de llima i llimona zero sucre en ampolla,1.29,1.69,2026-03-31 22:26:22
2039,2228a19d-3cd0-427c-b7b0-3987a769db6b,SPRITE Beguda refrescant de llima-llimona zero sucre en llauna,0.55,0.65,2026-03-31 22:26:22
2040,438a6281-1b8d-4523-9464-e85e1d5979b7,SPRITE Refresc de llima i llimona en llauna,0.55,0.65,2026-03-31 22:26:22
2041,233075e3-0b53-47dd-9136-21a063bd0d1d,CHUFI Orxata de xufa,1.69,1.89,2026-03-31 22:26:23
2042,5ddd52b9-8ca9-4203-9333-11d52bd07327,COCA-COLA Refresc de cola Zero en llauna,1.15,1.45,2026-03-31 22:26:23
2043,b416fef2-856e-4ed8-830f-93fa31e6b5ac,COCA-COLA Refresc de cola en llauna,1.25,1.55,2026-03-31 22:26:23
2044,d0d172f0-67b5-465f-b45b-7c9f52474197,COCA-COLA Refresc de cola sabor original en ampolla,2.52,13.25,2026-03-31 22:26:23
2045,d6f39d27-4130-4335-9f1c-0775b348717c,"CRODINO Aperitiu alcohol 0,0%",4.99,5.6,2026-03-31 22:26:23
2046,a7ba888a-7a84-4787-975e-88a7feb27573,LIMON & NADA Refresc de llimona sense gas en ampolla,1.69,1.94,2026-03-31 22:26:23
2047,4c8c621c-91d0-41d2-ae28-c7e7b5560b7d,MONSTER Beguda energètica Energy Juiced Bad Apple en llauna,1.55,1.89,2026-03-31 22:26:23
2048,6f6791bd-5afd-438c-abf8-20c138c0b229,MONSTER Beguda energètica Energy Juiced mango loco en llauna,1.55,1.89,2026-03-31 22:26:23
2049,6ef0f13f-bed4-4cc4-a08a-2b32e842e539,MONSTER Beguda energètica Energy Rio Punch en llauna,1.52,1.86,2026-03-31 22:26:23
2050,a5d6932e-148c-457f-a032-41770eb09c0c,MONSTER Beguda energètica Energy Ultra Festa mango en llauna,1.45,1.79,2026-03-31 22:26:23
2051,1d1fafb5-9ce1-4983-94c6-d4cebf3a3ed3,MONSTER Beguda energètica Energy Ultra Paradise en llauna,1.45,1.79,2026-03-31 22:26:23
2052,d1119aaa-bf40-473e-a3b7-547ce0076e5c,MONSTER Beguda energètica Energy Ultra Strawberry Dreams en llauna,1.45,1.79,2026-03-31 22:26:23
2053,47f49d97-8858-4d34-86db-82c6513018a8,MONSTER Beguda energètica Energy zero en llauna,1.45,1.79,2026-03-31 22:26:23
2054,7b103922-817a-45e8-a3f1-ede8021bf989,MONSTER Beguda energètica en llauna,1.55,1.89,2026-03-31 22:26:23
2055,6bb71c13-b3ea-48e9-89e0-1482eee615d6,MONSTER Beguda energètica zero sucre Energy,1.45,1.79,2026-03-31 22:26:23
2056,0c39f16a-3280-4830-8a3f-4320a88f16c1,NESTEA Refresc de te amb llimona sense sucre 6x33 cl en llauna,4.46,5.94,2026-03-31 22:26:23
2057,d94d48ad-ef35-49e2-8d4e-0430a4612e5a,NORDIC MIST Refresc tònica Zero 24 x 250 ml en llauna,13.68,16.08,2026-03-31 22:26:23
2058,0aa5b789-04d2-4d31-b749-f36381201367,PEPSI MAX Refresc de cola Zero sense sucre 24 x 33 cl en llauna,14.16,18.96,2026-03-31 22:26:23
2059,645a5358-7fc6-4196-959a-777da0adb76c,RED BULL Refresc energètic en llauna,4.99,5.79,2026-03-31 22:26:23
2060,ad332884-1e5d-4dab-af4f-a8395eadf9ef,SCHWEPPES LLIM. Refresc de llimona 24x33 cl en llauna,15.13,23.28,2026-03-31 22:26:23
2061,c8ee9716-964a-47a2-ae6d-0141d9562489,"SEAGRAM'S Beguda amb gust a ginebra alcohol 0,0%",16.49,17.49,2026-03-31 22:26:23
2062,25787fbf-0c4b-4efc-99ac-4d2a8db1728b,"TANQUERAY Beguda amb gust a ginebra alcohol 0,0%",13.95,14.65,2026-03-31 22:26:23
2063,b7e39098-eca6-4821-afbb-b0f529a8a2c5,MOOMA Suc de poma gala Km0 en ampolla,2.99,3.59,2026-03-31 22:26:28
2064,c92bfcae-24fe-4154-badf-14bd37ac9eba,DAURA Cervesa apta per celíacs en llauna,0.75,0.91,2026-03-31 22:26:31
2065,45f1ff4f-5927-4c7c-a80f-3e064e56f9fa,ESTRELLA DAMM Cervesa especial 12 x 25 cl en ampolla,8.28,9.95,2026-03-31 22:26:31
2066,83c8877a-894a-4426-a5c1-2394ea13a6fe,ESTRELLA DAMM Cervesa especial 24 x 33 cl en llauna,16.39,20.39,2026-03-31 22:26:31
2067,e7d8355e-b9f8-49c9-b794-2741bebf2802,ESTRELLA DAMM Cervesa especial 6x20 cl ampolla,2.99,3.69,2026-03-31 22:26:31
2068,52003a24-379a-4260-aeef-fd3d7498579f,ESTRELLA GALICIA Cervesa especial 6 x 20 cl en ampolla,3.39,3.84,2026-03-31 22:26:31
2069,81cc84e7-e146-4da8-a184-dc7f60986f6a,"ESTRELLA GALICIA Cervesa torrada 0,0 en llauna",0.75,0.88,2026-03-31 22:26:31
2070,c13238c3-55f5-49eb-881f-848dd92c3ff5,HEINEKEN Cervesa holandesa suau en llauna,0.79,0.87,2026-03-31 22:26:31
2071,2c17dc09-1976-464a-8570-8531f79cb2da,"MAHOU Cervesa torrada 0,0 en llauna",0.69,0.85,2026-03-31 22:26:31
2072,ccb23c39-61fc-47b7-a3de-68ed46dc0fea,SAN MIGUEL Cervesa especial 12 x 33 cl en llauna,5.65,5.99,2026-03-31 22:26:31
2073,1edc02eb-29f4-4156-9dc7-8cc4bc6698ca,SAN MIGUEL Cervesa sense alcohol en llauna,0.59,0.74,2026-03-31 22:26:31
2074,0fb93f44-f134-447e-acc9-a8d760fe5555,VICTORIA MÁLAGA Cervesa en llauna,0.6,0.75,2026-03-31 22:26:31
2075,373c491a-0e91-4d33-942a-087ed0f7f696,XIBECA Cervesa suau en ampolla,1.39,1.71,2026-03-31 22:26:31
2076,57f6423e-6bc0-4e8c-aa2b-a04cdeff751b,1906 Cervesa reserva especial 6x20 cl ampolla,4.39,4.99,2026-03-31 22:26:32
2077,96b68093-d870-4f44-86ca-92e535adcb7d,AMBAR Cervesa 9 x 33 cl en llauna,5.99,7.95,2026-03-31 22:26:32
2078,bc2b6732-272e-4c34-91a0-3388f55c6e77,DAMM INEDIT Cervesa Inedit 6x33 cl en ampolles,7.56,10.08,2026-03-31 22:26:32
2079,e8297220-c98a-456d-a032-7b3b65fb1460,DAMM LEMON Cervesa amb llimona 6 x 250 ml en ampolla,3.38,4.08,2026-03-31 22:26:32
2080,c22f475e-bf4a-4eaf-b852-487139db0b9c,EINSIEDLER Cervesa Hell,1.59,1.89,2026-03-31 22:26:32
2081,87161a57-4bc6-4cc3-8321-1d4a94a3c4a0,ESTRELLA GALICIA Cervesa especial 12 x 25cl en ampolla,7.29,8.16,2026-03-31 22:26:32
2082,59660e56-6159-4c2a-be35-52f81449b1e5,GULDEN DRAAK Cervesa belga en ampolla,2.79,2.99,2026-03-31 22:26:32
2083,d2ffbd37-29a4-429f-9595-66423e283fcc,LAGUNITAS Cervesa de blat IPA en ampolla,1.79,1.99,2026-03-31 22:26:32
2084,e35a4402-897d-46dc-8836-4326afe32773,MORITZ 7 Cervesa 100% malta 24x33 cl en llauna,15.66,20.88,2026-03-31 22:26:32
2085,7964794e-8a29-4807-b338-538b1bfb25fd,MORITZ Cervesa 6 x 33 cl en ampolla,5.03,7.74,2026-03-31 22:26:32
2086,a8d6f4c8-f790-43cf-a660-0f110a0f798e,MORT SUBITE Cervesa Belga Lambic de cirera en ampolla,1.59,1.79,2026-03-31 22:26:32
2087,d56bd67d-ec63-4af9-99bd-e0fa6f3e1042,PERONI Cervesa rossa italiana en ampolla,1.25,1.55,2026-03-31 22:26:32
2088,e3eb2d71-669a-4f04-8335-b71f0c8530fe,ROCHEFORT Cervesa belga en ampolla,2.75,2.99,2026-03-31 22:26:32
2089,ba04f186-98ef-4e26-8618-a6bab495337b,WESTMALLE Cervesa dubbel en ampolla,2.35,2.55,2026-03-31 22:26:32
2090,71b9cc2f-a789-4628-ac75-70cfd60436ae,ALBALI Vi negre Valdepeñas criança,2.79,2.99,2026-03-31 22:26:36
2091,a2ee0fe4-4658-4004-bcab-ac03fd5941bc,BLANC PESCADOR Vi blanc d'agulla Km0,3.95,4.35,2026-03-31 22:26:36
2092,67b5281e-621a-4d6c-8eb5-77e06bd1d6be,COTO DE IMAZ Vi negre Rioja reserva,7.95,8.65,2026-03-31 22:26:36
2093,6061d601-0ff3-44b0-841c-1e28d8310466,CREVETA Vi negre DO Terra Alta Km0,2.99,3.49,2026-03-31 22:26:36
2094,20aee3ab-1b4d-4345-a9d6-e4bb0694e635,CUNE Vi blanc verdejo DO Rueda,6.65,14.5,2026-03-31 22:26:36
2095,0bd7dc85-75bd-49bf-922d-40153f04d7e5,CUNE Vi negre Rioja criança,7.25,14.5,2026-03-31 22:26:36
2096,93076695-2f62-4d3f-b85c-8e8fefca6346,EL COTO Vi negre DOQ Rioja criança,5.95,6.35,2026-03-31 22:26:36
2097,e1f385bc-ddeb-40ca-b8ff-b6c803f3eec5,GOTIM BRU Vi negre DO Costers del Segre Km0,8.99,9.59,2026-03-31 22:26:36
2098,27f34cea-b5ba-4638-965e-835eaf524e44,PERRO VERDE Vi blanc verdejo DO Rueda  ecològic,10.95,11.95,2026-03-31 22:26:36
2099,1808aa5b-5f4e-4068-9950-08affe3f6b41,SANGRE DE TORO Vi negre Catalunya,4.29,5.05,2026-03-31 22:26:36
2100,b47df793-7184-4671-af8d-6c32d60d636e,VIA TERRA Vi blanc DO Terra Alta Km0,7.95,19.95,2026-03-31 22:26:36
2101,393f323e-8fe6-4a46-a67a-d2167645409d,VIA TERRA Vi negre DO Terra Alta Km0,7.95,19.95,2026-03-31 22:26:36
2102,78002181-7012-44c6-be3f-4401f1e89346,VIÑA ESMERALDA Vi blanc ecològic DO Penedès ecològic,7.99,8.49,2026-03-31 22:26:36
2103,25a0f8c0-19ea-4b34-80e3-10330506fdbc,VIÑA POMAL Vi negre DOQ Rioja criança,6.99,9.45,2026-03-31 22:26:36
2104,e55c2852-178f-4abf-bbfa-71ebdf464d8b,VIÑA SOL Vi blanc DO Catalunya ecològic Km0,5.29,6.09,2026-03-31 22:26:36
2105,a54316d3-4de2-4e23-9217-d525e0153fbb,AGRÍCOLA SANT JOSEP Vi negre de taula,4.99,5.39,2026-03-31 22:26:37
2106,279cc3ae-5a65-47f8-94e2-a144987bea11,AZPILICUETA Vi negre criança DO Rioja,7.49,8.89,2026-03-31 22:26:37
2107,92becaff-1911-4de1-9f6f-d915ea0ee178,"BLANC PESCADOR Vi blanc d'agulla alcohol 0,0%",4.95,5.95,2026-03-31 22:26:37
2108,669a6d78-445a-4b49-af07-374eac2f0e26,BLUME Vi blanc DO Rueda,4.65,5.65,2026-03-31 22:26:37
2109,506b415b-7769-455d-b802-71d58611c12b,CELESTE ROBLE Vi negre DO Ribera del Duero,8.99,9.79,2026-03-31 22:26:37
2110,8360e445-fa4f-449d-ae07-c7b91e4ee0e7,CONDE DE CARALT Vi negre Catalunya Km0,3.95,4.39,2026-03-31 22:26:37
2111,dfd6c906-6458-4819-9faa-1baa32036af0,DE CASTA Vi rosat DO Catalunya,4.29,5.09,2026-03-31 22:26:37
2112,e3bd3ddd-f4d0-45ab-ade8-f099184157a3,EL PRIOR Vi ranci,6.99,7.95,2026-03-31 22:26:37
2113,57c225a4-243a-4950-9059-6bf916d0950f,ENATE Vi negre Somontano,6.95,7.75,2026-03-31 22:26:37
2114,cffa755a-b8d5-4872-9b7e-ed8d2b182622,GOTIM Vi blanc DO Costers del Segre Km0,6.99,7.55,2026-03-31 22:26:37
2115,74052fda-2e80-4937-b6af-157d59ccd034,GR 65-5 Vi negre DO Montsant km0,7.95,9.49,2026-03-31 22:26:37
2116,ff512304-d87a-41c4-8d9a-c777a3e2d606,INDISPENSABLE Vi blanc DO Empordà Km0,5.95,6.95,2026-03-31 22:26:37
2117,bdecbf7a-8d52-4abb-bc2c-29e3f1cf88b0,LA VINYETA Vi blanc DO Empordà Km0,6.75,7.49,2026-03-31 22:26:37
2118,2555187d-ee22-4b23-9040-1d490e225cb0,LEGARIS Vi blanc DO Rueda,5.99,6.95,2026-03-31 22:26:37
2119,d9ffb5ce-5b42-4db0-a877-5bb8517843a6,LLÀGRIMES DE TARDOR Vi negre criança DO Terra Alta Km0,8.99,10.35,2026-03-31 22:26:37
2120,3bc30a46-fbb6-4546-af44-94ab2ee2fcb8,M.CACERES Vi negre DOQ Rioja criança,7.25,7.89,2026-03-31 22:26:37
2121,4229267c-6112-4f68-9054-83b040cf0f6c,OLIVER CONTI Vi negre DO Catalunya,3.69,3.99,2026-03-31 22:26:37
2122,13ae1e9e-b6ee-40d6-b05f-a50c6e3315a4,PERELADA Vi negre criança DO Empordà 3 Finques Km0,6.59,7.59,2026-03-31 22:26:37
2123,d6ee8d9e-bdb3-438b-ba9b-3be511300157,VINYA ALBALI Vi negre Valdepeñas reserva,3.49,3.89,2026-03-31 22:26:37
2124,06d68c04-b5d3-4640-853c-eb55970a8b96,822 Vi negre DO Ribera del Duero,10.75,11.75,2026-03-31 22:26:38
2125,d7d5bce6-1fd9-4d92-8863-6cc8de401d71,ABADAL Vi blanc DO Pla de Bages Km0,8.99,9.95,2026-03-31 22:26:38
2126,17a82e32-391d-4f0e-a4cb-e547fc732cb4,ABADAL Vi negre DO Pla de Bages Km0,8.99,9.95,2026-03-31 22:26:38
2127,597c9d94-d9a9-456d-8c7a-8c89397f33d8,CAN SUMOI Vi blanc DO Penedès ecològic Km0,11.99,12.99,2026-03-31 22:26:38
2128,4e92fa8b-04a8-4a9e-9206-903ccbcfe157,CREVETA Vi blanc DO Terra Alta Km0,2.99,3.49,2026-03-31 22:26:38
2129,47d085f2-4a48-451b-98c7-779b07267ffa,ESPOLLA Vi dolç Garnatxa D.O. Empordà,5.49,6.49,2026-03-31 22:26:38
2130,f84c9153-4746-43fd-8f71-b1d7accf456b,"FREIXENET Escumós alcohol 0,0%",7.49,7.99,2026-03-31 22:26:38
2131,e6f3069f-8d3a-4306-9f37-3a7714205b0b,GR-174 Vi negre DOQ Priorat Km0,12.75,14.95,2026-03-31 22:26:38
2132,fe076bb5-cd66-475e-9dac-e3771de72ef2,INDISPENSABLE Vi negre DO Empordà Km0,5.95,6.95,2026-03-31 22:26:38
2133,bdcfa61b-afe6-41b2-be61-c6a8a94b4454,MIREIA Vi blanc DO Penedès ecològic Km0,8.99,9.99,2026-03-31 22:26:38
2134,e77e2a48-da08-40dc-a588-e60ce149ff32,MUCHO MAS Vi negre,4.99,5.95,2026-03-31 22:26:38
2135,3d4dd21c-7a4d-4c5d-980a-c4d22509af3c,TIO PEPE Fino sec de Xerès,6.99,7.95,2026-03-31 22:26:38
2136,60ae8bca-8a46-4f0d-9524-3015d50f4b8c,VERDERA Vi negre D.O.Empordà Km0,3.49,3.99,2026-03-31 22:26:38
2137,2e077133-6420-4570-b4c9-1b7a0e6bbca0,ABADAL Vi rosat DO Pla de Bages Nurva Km0,10.95,11.89,2026-03-31 22:26:39
2138,a86a3691-da87-4564-8852-de327f7eaf4f,ALTOS TAMARON Vi negre Ribera del Duero criança,6.25,6.99,2026-03-31 22:26:39
2139,5c472901-c7b0-4f2b-ba96-5892f2aff8f1,BARON DE LEY Vi negre DO Rioja reserva,8.99,10.45,2026-03-31 22:26:39
2140,a66e17a3-dee1-49de-88b5-59c26fc12c18,EL COTO Vi blanc DOQ Rioja,3.95,4.25,2026-03-31 22:26:39
2141,b0333a2f-2d11-4749-8f43-f7b1e94cfaec,"FREIXENET Escumós rosat alcohol 0,0%",7.49,7.99,2026-03-31 22:26:39
2142,c2cb3ae6-ad26-455c-ab2d-794a8ae2d32a,HOMENAJE Vi rosat DO Navarra,3.95,4.95,2026-03-31 22:26:39
2143,e1a63703-68c9-4e41-8060-78d91d6c076d,INDISPENSABLE Vi rosat DO Empordà km0,5.95,6.95,2026-03-31 22:26:39
2144,4cdbae16-7b09-4f8f-ba4b-5e7615ac37a4,LA VINYETA Vi negre DO Empordà Km0,7.19,7.99,2026-03-31 22:26:39
2145,2f542155-7ecd-41e3-a018-386ae0c40b38,LEGARIS Vi negre DO Ribera del Duero,6.99,8.95,2026-03-31 22:26:39
2146,1785da09-0954-496d-9f37-a6b78cf99b6d,LOPEZ DE HARO Vi negre reserva DO Rioja,9.95,12.35,2026-03-31 22:26:39
2147,83b3c897-c558-423d-9a0d-2e5981e64dd2,TOCAT DE L'ALA Vi negre DO Empordà,11.95,13.49,2026-03-31 22:26:39
2148,96ea7d59-2b61-451c-9d88-2f10d9f92c6e,VERDERA Vi blanc DO Catalunya Km0,3.49,3.99,2026-03-31 22:26:39
2149,98849d38-afa2-4394-9520-de01df0f3e5e,CAMINS DEL PRIORAT Vi negre DOQ Priorat,23.99,25.49,2026-03-31 22:26:40
2150,4d67db6d-5c0f-4d1c-bea2-ef06bd021dc0,CATAR Caixa vi negre DO Montsant Km0,29.93,39.9,2026-03-31 22:26:40
2151,87b8a5bc-8d01-498a-9e97-202fbb28b60d,CHIVITE Vi rosat,11.65,13.65,2026-03-31 22:26:40
2152,f8e13bcb-7cab-41c8-9f32-7ce8b4fcc000,DEL PESCADOR Sangria Frizzante,4.69,5.95,2026-03-31 22:26:40
2153,19e7f6d1-3919-4e28-8938-4b379380a26a,EMBRUIX Vi negre DOQ Priorat Km0,17.99,19.99,2026-03-31 22:26:40
2154,7d2d951e-1502-4a86-a9e1-9ec218149bac,FINCA LA GARRIGA Vi negre DO Empordà km0,17.95,19.95,2026-03-31 22:26:40
2155,2c1dfda8-d2bb-4231-a712-c43fdbe44985,MIONETTO Vi escumós Brut Prosecco DOC Treviso,8.99,9.99,2026-03-31 22:26:40
2156,faaef9b0-9254-4a53-8b1c-56d3b2d016a2,SAN CLEMENTE Vi dolç,5.95,6.95,2026-03-31 22:26:40
2157,1b9117cb-a7e1-47c4-922c-20324cce7512,TERRAS GAUDA Vi blanc DO Rias Baixas,14.95,15.95,2026-03-31 22:26:40
2158,6570bc55-8b3c-47eb-90c7-147fa1fd727c,VIÑA ESMERALDA Vi rosat DO Catalunya Km0,7.99,8.49,2026-03-31 22:26:40
2159,c557443f-c943-4b37-b684-79b154df23a7,EL PRIOR Mistela,6.99,7.95,2026-03-31 22:26:41
2160,170c14f0-28af-48e3-bde0-4035f4033089,SENTIMENTS Vi negre DOQ Priorat,11.69,12.95,2026-03-31 22:26:41
2161,fba001b5-0a0a-46ff-980c-cc94a231354e,VINS DE TERRER Vi rosat DO Penedès La Rosa Km0,12.99,13.49,2026-03-31 22:26:42
2162,ed60d82b-62e8-4e85-9fb9-c57f7b2583f4,ESPURNES Vi dolç,9.95,11.85,2026-03-31 22:26:43
2163,1979f593-27aa-458e-9df3-4a86b44d4771,ANNA CODORNÍU Cava Brut Nature guarda,7.99,9.95,2026-03-31 22:26:50
2164,719a0d8f-171d-4bb9-b732-3f928bea1d46,BACH Cava Brut Nature guarda,4.59,5.45,2026-03-31 22:26:50
2165,d68cfbe5-05ce-40d6-84ad-39b15359ed38,BACH Cava rosat Brut guarda,4.59,5.45,2026-03-31 22:26:50
2166,92c55104-bbf7-470e-868a-8e3a25ae1506,BERTHA Cava Brut Nature guarda superior reserva ecològic,11.99,12.99,2026-03-31 22:26:50
2167,16e28f3c-d36a-4f35-ba1e-0564d3ca18e2,BERTHA IVETTE Cava Brut guarda superior reserva ecològic,9.95,10.95,2026-03-31 22:26:50
2168,be0dbdf2-f91b-4779-934a-e80f98de0c0b,CODORNÍU CUVEÉ Cava semisec guarda ecològic,5.99,7.25,2026-03-31 22:26:50
2169,5291218f-6727-43a0-b0ee-fee5de716ea4,CODORNÍU CUVÉE Cava Brut Nature guarda ecològic,5.99,7.25,2026-03-31 22:26:50
2170,84680261-eb32-4120-ad61-c505fe1c2d86,CODORNÍU CUVÉE Cava Brut guarda ecològic,5.99,7.25,2026-03-31 22:26:50
2171,6c967534-e6ef-474f-aead-2e448e8c761f,ELYSSIA Cava Brut Nature guarda,8.99,9.99,2026-03-31 22:26:50
2172,2ca59c5b-3673-4821-a3d6-bff5f6755849,KRIPTA FRANC Corpinnat Brut guarda superior reserva ecològic,11.89,12.99,2026-03-31 22:26:50
2173,7f4005e1-2ec7-4765-99f6-023af17c7c0c,KRIPTA TREPAT Corpinnat rosat Brut guarda superior ecològic,12.95,15.25,2026-03-31 22:26:50
2174,9a9d748a-11ec-49cc-8cff-a0276ce71d96,LACRIMA B. SUMMUM Cava Brut Nature guarda superior reserva ecològic,8.99,9.99,2026-03-31 22:26:50
2175,75da30e4-3fb7-4cb8-8a14-adceac1ff285,PARXET Cava Brut Nature guarda superior reserva,14.99,17.95,2026-03-31 22:26:50
2176,7022a42b-803a-4971-81eb-48213cfe4d22,PERELADA Cava Brut guarda superior reserva,7.39,8.75,2026-03-31 22:26:50
2177,c41b9e76-9ea3-4e9a-8cb8-5d2b8f62fa06,PERELADA Cava rosat Brut guarda,7.39,8.99,2026-03-31 22:26:50
2178,075fda2b-fd81-4fa8-85e1-90be1d140054,ANNA CODORNÍU Cava Brut guarda,7.99,9.95,2026-03-31 22:26:51
2179,c10c0369-ca05-4dd9-89ba-11b2bb400884,ANNA CODORNÍU Cava rosat Brut guarda,7.99,9.95,2026-03-31 22:26:51
2180,1ba8b853-246c-4b0b-9b8c-b686575adeb9,BACH Cava Brut guarda,4.59,5.45,2026-03-31 22:26:51
2181,ef194fe6-de7e-476f-bf73-86994392f42a,BACH Cava semisec guarda,4.59,5.45,2026-03-31 22:26:51
2182,19e1dc0c-3eb4-4055-9645-594ee4aab463,CASTELL DOR IMPERIAL Cava Brut guarda superior reserva ecològic,8.95,9.95,2026-03-31 22:26:51
2183,d481ccd5-f4b3-4700-94de-80cce1de508b,CODORNÍU CUVÉE Cava rosat Brut guarda ecològic,5.99,7.25,2026-03-31 22:26:51
2184,1bd87fa7-6a5a-4346-970a-a12ee18079f2,CONDE DE CARALT Cava Brut Nature guarda,5.49,5.95,2026-03-31 22:26:51
2185,d852f0ac-bcf5-4c62-a6a1-42dce37c3bca,ELYSSIA Cava Brut guarda,8.99,9.99,2026-03-31 22:26:51
2186,1b935637-aba9-49a9-a814-f087e8832c73,ESSENTIAL PINOT NOIR Cava rosat Brut guarda,15.29,16.25,2026-03-31 22:26:51
2187,1201125e-2ac4-4656-94ca-ffb699a5b39c,FREIXENET CAR.NEVADA Cava Brut guarda,6.49,7.45,2026-03-31 22:26:51
2188,ed741f92-852a-4908-9fb6-90a59a691d97,FREIXENET CAR.NEVADA Cava semisec guarda,6.49,7.45,2026-03-31 22:26:51
2189,be9215f4-6fb8-45e2-8aa4-b42b46b95417,JUVE CAMPS ESSENTIAL Cava Brut guarda superior reserva ecològic,13.89,14.69,2026-03-31 22:26:51
2190,bdba8b1c-a61a-4a20-8cc8-dd2d44127e38,KRIPTA ICÒNIC Corpinnat Brut Nature guarda super gran reserva eco Km0,19.95,20.49,2026-03-31 22:26:51
2191,ac5c7b31-112d-4797-9357-84f322e74da7,LLOPART LEOPARDI Corpinnat Brut Nature guarda superior gran reserva ecològic,27.95,28.75,2026-03-31 22:26:51
2192,44324900-9de3-44ed-a0ab-c15dbb3e7fbf,MARTA PASSIÓ Cava rosat Brut guarda ecològic,10.75,11.95,2026-03-31 22:26:51
2193,ef9b96ac-9201-4513-b3cb-20209779517b,ORIOL ROSSELL Cava Brut guarda superior reserva ecològic,9.85,10.95,2026-03-31 22:26:51
2194,d87d6ddb-a8ba-444d-8bc2-a154555e529e,CODORNÍU A. COLLECTA Cava Brut guarda superior reserva ecològic,16.99,19.85,2026-03-31 22:26:52
2195,f09a0d66-a29a-4dd9-a798-76561338e1b9,ANÍS DEL MONO Anís dolç,8.45,8.89,2026-03-31 22:26:53
2196,3d51a2e3-2636-4064-914a-3b43e0ae93ba,BAILEYS Crema de licor de whisky,13.95,15.99,2026-03-31 22:26:53
2197,2931276a-8927-457b-ae57-e4c82a2192e5,BEEFEATER Ginebra,13.45,13.89,2026-03-31 22:26:53
2198,35f7ecb2-d242-464b-8c4f-2ead892c2a8e,BRUGAL Rom anyenc,13.49,15.39,2026-03-31 22:26:53
2199,ab68dc4a-bf69-4140-941b-df8696e42352,CASTREÑO Licor crema amb Orujo,5.99,6.35,2026-03-31 22:26:53
2200,aaa1c745-737b-4f81-9455-c89375c4b644,EL BANDARRA Vermut negre,7.99,9.39,2026-03-31 22:26:53
2201,6f6aff0e-a151-43bd-a6e3-30ae40a55f1c,GIRO Ginebra,9.95,11.6,2026-03-31 22:26:53
2202,fa817059-0e7c-4086-a00c-cb51ab87f798,MARTINI Vermut blanc dolç,10.99,11.89,2026-03-31 22:26:53
2203,027cc4e3-897a-484d-96fe-5bc9cb72cfc1,MARTINI Vermut negre,10.99,11.89,2026-03-31 22:26:53
2204,9670a4ea-de51-4488-8a4b-bca1f2c3b1e4,MIRÓ Vermut blanc,6.79,7.95,2026-03-31 22:26:53
2205,86e7d261-5c36-4d5c-9668-7e755b16e022,MIRÓ Vermut casolà,7.99,8.95,2026-03-31 22:26:53
2206,b21495e2-bc61-4a05-b6c2-de6efd2ea891,MIRÓ Vermut negre,6.79,7.95,2026-03-31 22:26:53
2207,2e92eb25-1e68-4dfb-8834-9170ef9e6450,NEGRITA Rom Negrita,8.95,9.29,2026-03-31 22:26:53
2208,b69771b6-b053-4b9e-9bfd-f29e35612d03,RUAVIEJA Licor d'herbes,9.39,10.55,2026-03-31 22:26:53
2209,19ecdb5e-3da4-4896-976c-0e98e323c66d,SOBERANO Beguda espirituosa,8.75,9.49,2026-03-31 22:26:53
2210,e8c5fe15-3ea1-4660-9685-916ce474e428,TERRY Beguda espirituosa Centenario,6.65,6.95,2026-03-31 22:26:53
2211,24520ea4-8363-4a8c-a317-10883ce1d376,TORRES 10 Brandi Gran Reserva Imperial Penedès Km0,11.49,11.95,2026-03-31 22:26:53
2212,00fbc932-6f84-487b-acb4-084707c72ac6,VETERANO Beguda espirituosa,8.75,9.69,2026-03-31 22:26:53
2213,ac4fb472-9836-4ec4-a319-721cf8fa7a1a,YZAGUIRRE Vermut blanc,7.69,8.35,2026-03-31 22:26:53
2214,82f13d09-70c0-4c7b-a8ff-6c4c47195925,YZAGUIRRE Vermut negre,7.69,8.35,2026-03-31 22:26:53
2215,760ec03e-94df-48b5-bb6d-b069bc7c1325,YZAGUIRRE Vermut negre reserva,11.49,12.2,2026-03-31 22:26:53
2216,327da9d9-bf0f-49d4-a88b-ae5dbc13fe24,ANÍS DEL MONO Anís sec,10.49,10.95,2026-03-31 22:26:54
2217,c5660a53-b4a1-4e0f-b41e-7594f15000c9,BACARDI Combinat de rom amb limona,1.69,2.59,2026-03-31 22:26:54
2218,117ff704-e266-40e7-8ee1-e53a2263e730,BACARDI Còctel mojito,1.69,2.59,2026-03-31 22:26:54
2219,6b77fa26-503c-46ff-b6df-c80c9acf999b,BARCELÓ Rom Imperial,28.85,29.95,2026-03-31 22:26:54
2220,6ecdddf3-9c01-4895-9f05-30b48cf41fa8,BULLDOG Ginebra London,21.99,25.49,2026-03-31 22:26:54
2221,758edbeb-b113-465d-b994-ea886d444842,CABALLERO Licor,11.65,12.35,2026-03-31 22:26:54
2222,f8a7b7e4-4f2b-4d39-8a32-84e05231c7c7,CACIQUE Rom anyenc,13.49,14.49,2026-03-31 22:26:54
2223,cdf6c48a-bb8b-4e1c-ba0e-5aec38f49e5d,CARDHU Whisky escocès de malta,29.99,31.99,2026-03-31 22:26:54
2224,4ab3800a-330a-4e25-bfc2-d486dbd694d1,CARLOS I Brandi de Xerès solera Gran Reserva,24.99,27.39,2026-03-31 22:26:54
2225,de1d7008-2dc6-4b6a-89cc-a24ca6dc5f4a,CARLOS III Brandi de Xerès Solera Reserva,11.79,12.45,2026-03-31 22:26:54
2226,8ed4550f-2ccd-4501-a341-3de1b6c936b4,DEWARD'S Whisky escocès,17.99,18.99,2026-03-31 22:26:54
2227,19af8382-8081-4481-8cf1-b90f7253650c,DISARONNO Licor Amaretto,15.99,17.49,2026-03-31 22:26:54
2228,7c0cd80e-d1d9-4bf9-9457-d548b5b777d6,DYC Whisky,12.49,15.55,2026-03-31 22:26:54
2229,d1ac7dbd-aa2f-49ac-b18d-c4f97ac9868d,ETXEKO Patxaran,12.19,14.35,2026-03-31 22:26:54
2230,5a295707-2b3d-45bd-a156-6bec905af3bf,FAMOUS GROUSE Whisky escocès,14.95,19.69,2026-03-31 22:26:54
2231,5f1aae86-f89a-4759-9e08-c5e2107bbb2c,FIREBALL Licor de whisky,12.49,13.85,2026-03-31 22:26:54
2232,73b95cc1-8df1-43c2-b87b-7258d31ff8ba,FOUR ROSES Whisky Bourbon,16.49,18.65,2026-03-31 22:26:54
2233,bc95acca-1c36-4e89-835a-95d5f5e00112,GLEN GRANT Whisky de malta,24.99,31.59,2026-03-31 22:26:54
2234,8fcd86d7-61d5-4cc2-960a-e929ac91ca27,GLENFIDDICH Whisky escocès,38.95,42.95,2026-03-31 22:26:54
2235,93bf81c5-7e6f-4dad-9729-39dcc3f525da,GLENROTHES Whisky escocès de malta 12 anys,42.99,49.99,2026-03-31 22:26:54
2236,8f21b7a7-6a44-4a1e-b7e6-c041c7100914,GORDON'S Ginebra London Dry Gin,10.99,12.15,2026-03-31 22:26:54
2237,ba7acaf3-b898-4584-86fe-f2dee438244c,GRANPECHER Licor de préssec,7.85,8.79,2026-03-31 22:26:54
2238,daca84f9-8177-48f9-be57-bd1b8956aebf,GRANPOMIER Licor de poma,7.85,8.79,2026-03-31 22:26:54
2239,a22c48e0-abfc-48a2-b119-a22f318eab37,HAVANA CLUB Rom anyenc Origen,12.95,14.95,2026-03-31 22:26:54
2240,1b7e6115-26de-454e-9900-1f699dfe77ef,JAGERMEISTER Licor d'herbes,14.25,15.25,2026-03-31 22:26:54
2241,c1327286-11f8-48c5-91be-fb215aea1f58,JAMESON Whisky irlandès,17.99,19.9,2026-03-31 22:26:54
2242,19c32ff3-865f-44f6-a436-deb2e3c1308b,JIM BEAM Whisky Bourbon Kentucky Straight,10.49,15.75,2026-03-31 22:26:54
2243,794035cf-5225-46ec-94d4-26ded5d5a988,JOHNNIE WALKER Whisky escocès Black Label,25.99,28.89,2026-03-31 22:26:54
2244,fe930095-fdda-4816-8dbe-28b981a2306b,JOSE CUERVO Tequila especial silver,14.95,16.39,2026-03-31 22:26:54
2245,56b662cf-c4db-4e63-a752-838243182257,JOSE CUERVO Tequila reposat,15.19,16.89,2026-03-31 22:26:54
2246,72cfeeaa-94f2-4c97-860b-6c6d7278e51b,KICK THE RULES Crema de maduixa amb tequila,9.49,10.89,2026-03-31 22:26:54
2247,31ec8d93-13ce-40cc-b5b2-ad48d7916a7b,KICK THE RULES Crema de mango amb tequila,9.49,10.89,2026-03-31 22:26:54
2248,b65449aa-b618-4c03-8acd-ef52beae48ec,KICK THE RULES Crema de síndria amb tequila,9.49,10.89,2026-03-31 22:26:54
2249,3f856a6e-f45b-40cb-ba53-a88f197a8bf6,L'HÒSTIA Ratafia,9.95,12.95,2026-03-31 22:26:54
2250,a7927de0-a917-4127-b7af-1576ec2cd842,LARIOS Ginebra maduixa Rosé,12.75,14.75,2026-03-31 22:26:54
2251,0e3d3063-7c3a-43fb-b34b-22b2073f060f,MAGNO Brandi de Xerès Solera Reserva,11.45,12.69,2026-03-31 22:26:54
2252,c36da6c8-f0c1-4041-9943-74b0cb0a67f9,MONKEY SHOULDER Whisky,25.99,28.89,2026-03-31 22:26:54
2253,bbc4a5d7-841a-4c23-8dbd-dc2dade5149f,MOSKOVSKAYA Vodka,9.49,10.75,2026-03-31 22:26:54
2254,9a341622-f97d-4468-a006-543bc5c9ceb3,NORDES Ginebra,24.99,27.59,2026-03-31 22:26:54
2255,e18c63ec-10f1-40a1-a915-dc5fbca15a80,RICARD Aperitiu anissat de Marsella,16.49,17.95,2026-03-31 22:26:54
2256,6173074f-730a-4897-b883-65307a282890,RUAVIEJA Crema d'orujo,11.99,12.99,2026-03-31 22:26:54
2257,b1d82a98-dac6-47ae-9c08-448ec334237f,SEGADORS DEL DELTA Crema de licor d'arròs Km0,7.89,9.25,2026-03-31 22:26:54
2258,af6892e0-38e5-4302-9da1-345e46e1be01,SMIRNOFF Vodka,10.99,11.79,2026-03-31 22:26:54
2259,f0ffcfce-5ad4-410a-bde8-a1afdb84f221,BIANCA VILLA Crema de licor de xocolata Dubai,7.95,9.95,2026-03-31 22:26:55
2260,127349d9-66a9-4a82-85a7-0832d6fd1d66,JOHNNIE WALKER Whisky escocès Red Soul,16.99,19.49,2026-03-31 22:26:55
2261,3613f525-f8de-46a7-9ad9-a1ced7d914a5,RUAVIEJA Crema de licor de carmel,11.95,13.95,2026-03-31 22:26:55
2262,19e4e796-ebae-474e-a1f6-5cc0addb9edf,SEAGRAM'S Ginebra Extra Dry Gin,22.95,25.49,2026-03-31 22:26:55
2263,653d5ca3-bd00-4aa9-9ccd-583d0b7cf45f,SOLERA 1866 Brandi Solera 1866,49.95,54.4,2026-03-31 22:26:55
2264,35884f5a-1afc-424d-b7d3-758f386c5adc,ALPRO Pack 6u. beguda d'ametlles sense sucre,6.57,13.14,2026-03-31 22:26:58
2265,809168de-970f-4f93-965b-e6032dc73127,ALPRO Pack 6u. beguda de civada,7.76,11.94,2026-03-31 22:26:58
2266,d78fb46c-a4b1-4e8d-bf78-ceac4a16bdae,VIVE SOY Beguda de soja 6x1L en cartró,8.78,11.7,2026-03-31 22:26:58
2267,64c267e5-99c1-48de-8f45-393d4c028cbd,BONPREU Gamba pelada,3.65,3.95,2026-03-31 22:27:00
2268,dab73ec4-47c3-477e-9516-9d92feff233d,BONPREU Sípia neta,8.59,8.95,2026-03-31 22:27:00
2269,ee67cabe-9517-4d6c-b3ae-2e1b7185e8fd,FERRER Fruits del mar,3.95,4.29,2026-03-31 22:27:00
2270,a64ba629-f005-4a02-9b33-527d07a39d81,FERRER Gamba Cristal,4.99,5.59,2026-03-31 22:27:00
2271,dbb13e62-c1da-42b8-85c4-6cdb6ed66b4d,PESCANOVA Cors de lluç del Cap,6.99,7.55,2026-03-31 22:27:00
2272,da80afef-f2d1-4aea-9d25-c7ff2abd72f5,FINDUS Espàrrecs verds sencers,4.39,4.99,2026-03-31 22:27:03
2273,80c99a79-7621-4205-88e6-716ed89dc3c4,FINDUS Gnocchi caprese Salto,2.99,3.99,2026-03-31 22:27:03
2274,848506de-260d-427c-a3a3-ec7b81eac3a1,FINDUS Burger de peix,2.99,4.79,2026-03-31 22:27:04
2275,974cf1af-3c6c-482c-86cd-de72e6a8fef0,LA COCINERA Canelons d'espinacs i formatge 3u.,2.49,2.99,2026-03-31 22:27:04
2276,3af95f0e-a07c-40e9-bf72-24d5ef6bf015,LA COCINERA Canelons de bolets,2.49,2.99,2026-03-31 22:27:04
2277,46b73a9d-3647-4e33-9d52-8435448b7873,LA COCINERA Lasanya barbacoa,2.49,2.99,2026-03-31 22:27:04
2278,d6509313-9f03-47ca-8eae-02182b00d085,FINDUS Filets de peix Fish&Chips,2.99,4.79,2026-03-31 22:27:06
2279,1b0122a6-9557-46af-b8e7-35adc1cad3f3,FINDUS Varetes de lluç MSC,1.99,2.99,2026-03-31 22:27:06
2280,34dd3e33-465c-4b4f-b369-9ac2b2e2a411,LA COCINERA Nuggets de pollastre sense gluten,5.99,7.29,2026-03-31 22:27:06
2281,da17eb36-d657-41aa-b930-bd22b4421747,CASA DI MAMA Pizza 4 formatges,4.65,9.99,2026-03-31 22:27:08
2282,412300cd-36d5-474c-aa49-95291cd80e43,CASA DI MAMA Pizza BBQ Pulled Pork Dr. Oetker,4.65,9.99,2026-03-31 22:27:08
2283,5bc12a37-efad-495d-a213-6ea55e34d15e,CASA DI MAMA Pizza Pancetta Funghi Truffle Style,4.65,9.99,2026-03-31 22:27:08
2284,777c5fe5-6570-4318-82c9-69286f106be8,CASA DI MAMA Pizza Prosciutto Funghi,4.65,9.99,2026-03-31 22:27:08
2285,4b21b797-906b-4bae-9d3c-ba265e6eba31,CASA DI MAMA Pizza de tonyina,4.65,9.99,2026-03-31 22:27:08
2286,234cd7de-0271-44c6-9e3e-bddeaec6cf7a,HÄAGEN-DAZS Gelat Salted Caramel,4.99,9.99,2026-03-31 22:27:09
2287,8e131499-de81-41cb-b2b0-2d359f3a4c36,HÄAGEN-DAZS Gelat de vainilla i nous de Macadàmia,4.99,9.99,2026-03-31 22:27:09
2288,85770835-3063-42ba-b280-85c75d2b4cc7,AIROS Pastís de nata i crema sense gluten,9.99,11.55,2026-03-31 22:27:14
2289,7686d8fb-6068-4fd0-bdd8-55ab3355d061,AIROS Profiterols de nata,4.95,5.49,2026-03-31 22:27:14
2290,84547a24-2983-4d8f-8d36-842b1a711542,ATO Llet desnatada en cartró,1.12,1.18,2026-03-31 22:27:17
2291,e5de5fdd-d92e-4d37-aed4-a8d1d9f229d6,ATO Llet semidesnatada en cartró,1.18,1.24,2026-03-31 22:27:17
2292,ca32dcf9-bc39-46bd-a90b-91c295e5fc57,ATO Llet sencera en cartró,1.23,1.28,2026-03-31 22:27:17
2293,f9f2e373-71a0-4da6-87d8-280c16c6c73b,ATO NATURA Llet desnatada 6x1L en cartró,6.72,7.08,2026-03-31 22:27:17
2294,9d58ce48-18a0-4d44-bbc5-56309022f9cc,ATO NATURA Llet semidesnatada 6x1L en cartró,7.08,7.44,2026-03-31 22:27:17
2295,eb711f1b-9d75-4e07-9a0a-4d5a1ac074a1,ATO NATURA Llet sencera 6x1L en cartró,7.38,7.68,2026-03-31 22:27:17
2296,3f5ffe96-2529-4470-94c8-1c6cb6e0c93a,KAIKU Llet desnatada sense lactosa en cartró,1.3,1.35,2026-03-31 22:27:17
2297,b2f51988-7576-4724-8358-8c43aaf1611a,KAIKU Llet semidesnatada sense lactosa 6x1L en cartró,8.1,8.34,2026-03-31 22:27:17
2298,8d64e6c9-f303-49b0-b7f0-177f309dcd79,KAIKU Llet semidesnatada sense lactosa en cartró,1.35,1.39,2026-03-31 22:27:17
2299,be2b0d4b-9030-4276-9cd4-426dab57d432,KAIKU Llet sencera sense lactosa en cartró,1.35,1.39,2026-03-31 22:27:17
2300,5346088e-98bd-4ca9-b9f7-02aa8544ea13,KAIKU S/LACTOSA Llet desnatada sense lactosa 6x1L en cartró,7.8,8.1,2026-03-31 22:27:17
2301,3e960f81-08ac-4535-a822-6a3c4217739e,KAIKU S/LACTOSA Llet sencera sense lactosa 6x1L en cartró,8.1,8.34,2026-03-31 22:27:17
2302,a5e70a02-a042-4f8b-a7c2-0a250a094861,LETONA Llet fresca semidesnatada en ampolla,1.99,2.25,2026-03-31 22:27:17
2303,c85a217b-19fb-4bcc-949e-b7903761f8ee,PASCUAL CALCI Llet desnatada amb calci 6x1L en cartró,8.34,10.74,2026-03-31 22:27:17
2304,c626339f-daf0-4d34-a021-7499bf98c304,PASCUAL CALCI Llet semidesnatada amb calci 6x1L en cartró,8.34,10.74,2026-03-31 22:27:17
2305,98c38dad-edf8-42c1-ae08-fc272e28b6fd,PASCUAL Llet desnatada amb calci en cartró,1.39,1.79,2026-03-31 22:27:17
2306,67540fe6-1988-4a9a-97f9-7625f2e95f6c,PASCUAL Llet semidesnatada amb calci en cartró,1.39,1.79,2026-03-31 22:27:17
2307,7bcf3f31-c6b3-4991-86dd-092d287b31a7,PEQUES 3 Llet de creixement 6x1 L en cartró,11.34,11.94,2026-03-31 22:27:17
2308,41c720e6-f156-4cfc-8872-d0abbbe7a307,PEQUES 3 Llet de creixement en cartró,1.89,1.99,2026-03-31 22:27:17
2309,21774b5b-a5d6-4c2a-9a64-16e656d26cbf,PULEVA Llet desnatada sense lactosa 6x1L en ampolla,6.9,8.1,2026-03-31 22:27:17
2310,5ddb4473-5379-4305-92c3-b4c867dbdbaf,PULEVA Llet desnatada sense lactosa en ampolla,1.15,1.35,2026-03-31 22:27:17
2311,3fc21b07-d538-4d08-ac89-5a2f4dc66c5d,PULEVA Llet infantil creixement Peques 3,1.89,1.99,2026-03-31 22:27:17
2312,daa62e6f-1db3-4323-a847-ad9a271d9a6a,PULEVA Llet semidesnatada 6 x1 L en cartró,7.14,8.34,2026-03-31 22:27:17
2313,b8b16408-e205-4c2e-8328-047970d60bf1,PULEVA Llet semidesnatada sense lactosa en ampolla,1.19,1.39,2026-03-31 22:27:17
2314,e9bc78e5-1694-43a4-9db4-78a30d4fe1cd,PULEVA Llet sense lactosa 6x1L en ampolla,7.74,8.7,2026-03-31 22:27:17
2315,078c895c-99ea-4142-b77f-5ef3eb56c2ce,PULEVA Llet sense lactosa en ampolla,1.29,1.45,2026-03-31 22:27:17
2316,59249baf-6c7a-4da7-8fc4-b679e3a62bc1,PULEVA MAX Beguda làctia energia i creixement,1.59,1.79,2026-03-31 22:27:17
2317,b9e99bac-ed94-4aaf-8540-1b3f6b880a84,PULEVA MAX Llet energia i creixement 6x1L en cartró,9.54,10.74,2026-03-31 22:27:17
2318,8273e83d-7cf9-4cbc-a2ba-88e35c3a1429,ARIAS Mantega fàcil d'untar,3.19,3.6,2026-03-31 22:27:22
2319,30ece710-5977-4de4-a5ce-f29ab6024910,ASTURIANA Nata muntada ensucrada sense lactosa,2.85,4.29,2026-03-31 22:27:22
2320,e84606d4-bd70-4d4a-bd19-445e84b37817,ATO Nata líquida UHT per cuinar,1.45,1.65,2026-03-31 22:27:22
2321,0677771d-752b-492c-b9d6-1bd0aa932a17,ATO Nata líquida UHT per muntar,1.45,1.55,2026-03-31 22:27:22
2322,c27165ff-ef7e-4501-8eed-a0f200041ed2,ATO Nata muntada ensucrada,2.85,4.29,2026-03-31 22:27:22
2323,28ce5ff4-9adb-4248-8d74-566745c15aed,PRÉSIDENT Mantega amb sal,4.49,4.79,2026-03-31 22:27:22
2324,3d0514bb-aa2d-444d-ba74-729d945de77b,TULIPAN Crema vegetal per muntar,0.99,1.99,2026-03-31 22:27:22
2325,a1832e05-9604-4d1c-b3d2-440f1d932ce5,TULIPAN Plantequilla,1.49,2.29,2026-03-31 22:27:22
2326,71a307f2-ef89-4041-a9c9-41cfb84edc4c,CACAOLAT Batut de cacau en ampolla,2.6,6.99,2026-03-31 22:27:23
2327,c81d0366-3f48-41cb-ad6f-81bd7d52850f,GILDO E MARIA Tiramisú,5.49,5.99,2026-03-31 22:27:25
2328,debb40ea-3ce8-404e-8f21-b9c49e38deca,LA FAGEDA Flam d'ou,1.99,2.55,2026-03-31 22:27:25
2329,7649b2aa-4208-4c07-84f5-80d58154b5e6,LA FAGEDA Flam de vainilla,1.99,2.35,2026-03-31 22:27:25
2330,dcfad001-c348-4638-869e-3924b96aa572,PERALADA Recuit d'ovella by Jordi Roca,1.99,2.49,2026-03-31 22:27:25
2331,ced69b77-0b28-4f8d-b3b0-f1c136391b6e,ACTIVIA Quefir natural,1.99,3.29,2026-03-31 22:27:27
2332,c561fc68-ca10-4316-8c10-da620d0f711f,DANONE Iogurt grec natural,1.49,3.29,2026-03-31 22:27:27
2333,a910d8df-9115-497c-89b8-c292c4c0a5fa,DANONE Postres proteic de stracciatella,1.99,3.29,2026-03-31 22:27:27
2334,96fc6ac7-d6b5-4921-b0ea-99b516859aa6,CALYPSO Esponja de bany Fleur de Bain,2.25,2.99,2026-03-31 22:27:35
2335,73f8ba58-64eb-4f35-b1d4-ac54b5316903,FRESHLY KIDS Gel de bany per a nadons Mango,13.45,17.95,2026-03-31 22:27:35
2336,34f9ae8d-f091-457c-9d7a-aae044eec942,NELLY Laca format viatge,1.15,1.35,2026-03-31 22:27:37
2337,7a3497ba-7c88-4b40-bb8e-fc8766b1ecad,TIMOTEI Xampú camamilla,2.69,2.95,2026-03-31 22:27:37
2338,f524cf63-7a99-4e0f-b349-9ca4d423f471,TIMOTEI Xampú força i brillantor,2.69,2.95,2026-03-31 22:27:37
2339,3e76373d-9fc0-43e6-95ca-0b82585a55cd,TIMOTEI Xampú hidratant,2.69,2.95,2026-03-31 22:27:37
2340,9167693c-fa40-404b-9f65-bb949fc78b11,FRESHLY Protector tèrmic i desenredant per a cabells amb keratina,14.95,19.95,2026-03-31 22:27:38
2341,faa4eaa0-dc4a-4b28-ad13-1e612f56ac96,LLONGUERAS Tint de color castany clar nº5 Color Advance,5.99,7.65,2026-03-31 22:27:38
2342,15462722-4ee9-43a2-a027-d02e10ad6300,NELLY Condicionador bifàsic,1.85,2.09,2026-03-31 22:27:38
2343,f1b9b66f-35cb-473e-add4-86315b3d87d2,SYOSS Retoca arrels temporal color castany fosc Root Retouch,4.95,6.99,2026-03-31 22:27:38
2344,8fd61ac7-371f-4fb8-a004-457bd65699bc,TIMOTEI Mascareta reparadora,3.15,3.5,2026-03-31 22:27:38
2345,dd2b4022-8eb8-487d-9156-894be96a6391,FRESHLY Sèrum capil.lar segellador de puntes,22.45,29.95,2026-03-31 22:27:39
2346,00d7a6f0-61fc-4399-9c18-600ca240bf1b,FRESHLY Sèrum tractament capil·lar Hair Growth,22.45,29.95,2026-03-31 22:27:39
2347,f8deae8f-e6e1-428e-9ca9-3566db6ff435,LLONGUERAS Tint de color caoba nº5.6 Color Advance,5.99,7.65,2026-03-31 22:27:39
2348,b82a8be8-9d52-4a5b-9ab8-3b98e324b394,LLONGUERAS Tint de color castany fosc nº 3 Color Advance,5.99,7.65,2026-03-31 22:27:39
2349,3ea971fc-ba9b-4cfa-893d-a78715113d88,LLONGUERAS Tint de color marró glacé nº 7.77 Color Advance,5.99,7.65,2026-03-31 22:27:39
2350,e9ee9e90-9ff3-4648-b3a7-4320d7da8e12,LLONGUERAS Tint de color negre nº1 Color Advance,5.99,7.65,2026-03-31 22:27:39
2351,ead7acd7-b2c1-4b13-9256-5b66f0c09e55,LLONGUERAS Tint de color ros clar nº8 Color Advance,5.99,7.65,2026-03-31 22:27:39
2352,d428501f-0062-4b92-8121-f317a40c56e6,LLONGUERAS Tint de color ros daurat nº 7.34 Color Advance,5.99,7.65,2026-03-31 22:27:39
2353,4ca8c501-3e1e-48f2-99b9-eb87e27858ec,LLONGUERAS Tint de color ros mitjà nº 7 Color Advance,5.99,7.65,2026-03-31 22:27:39
2354,34ee1538-e8db-4540-8e49-f398654fb7e9,NELLY Laca fixació forta Gold,3.29,3.69,2026-03-31 22:27:39
2355,4772c7eb-a7f3-473f-969b-e0a92641fd53,SYOSS Retoca arrels temporal color castany Root Retouch,4.95,6.99,2026-03-31 22:27:39
2356,89da7710-b2ab-463f-a641-7178fafab4df,SYOSS Retoca arrels temporal color ros fosc Root Retouch,4.95,6.99,2026-03-31 22:27:39
2357,41f78373-8031-4c18-b8e8-623c23c41294,TIMOTEI Mascareta hidratant,3.15,3.5,2026-03-31 22:27:39
2358,79c9eff0-3a6d-4ca7-9f30-3bce9c6b2749,AVENE ACTIV B3 Crema facial nit multi-intensiva,35.39,45.65,2026-03-31 22:27:49
2359,a317ae93-7cc3-46a2-82fc-08ee5c39b47a,FRESHLY Contorn d'ulls per a ulleres i arrugues,25.85,36.95,2026-03-31 22:27:49
2360,f9232d8d-9025-4729-99f9-5c785ba20691,FRESHLY Crema facial antiedat Omega Rich,24.99,35.95,2026-03-31 22:27:49
2361,abb508bd-1968-4143-86cc-75bf557daddc,FRESHLY Crema facial hidratant PGA Water Bomb,20.95,29.95,2026-03-31 22:27:49
2362,b0dadd58-a0eb-4219-94ac-9983c6d2a6c8,FRESHLY Crema hidratant facial de dia Cica Calm,20.95,29.95,2026-03-31 22:27:49
2363,de939e74-cd09-4c10-a09a-ce56e835f22f,FRESHLY Gel netejador facial Rose Quartz,13.95,19.95,2026-03-31 22:27:49
2364,5e3f275d-8053-4c13-a457-e76745234f1d,FRESHLY Màscara per a pestanyes Infinite Eyelash,13.95,19.95,2026-03-31 22:27:49
2365,338414bb-d9dc-4477-8788-eeb11d24a7d3,FRESHLY Sèrum de col·lagen Flash Bomb,25.85,36.95,2026-03-31 22:27:49
2366,757cba24-0420-4057-ab53-bd6bc87b23df,FRESHLY Sèrum facial vitamina C,25.85,36.95,2026-03-31 22:27:49
2367,09ccf44c-669d-4cdc-bd25-5e18b5c49206,AVENE ACTIV B3 Contorn ulls triple correcció,28.35,35.95,2026-03-31 22:27:50
2368,39f61b0f-d006-429a-8e48-47db2f4429d2,AVENE ACTIV B3 Crema facial dia regeneradora,35.39,44.95,2026-03-31 22:27:50
2369,eada8798-9e6c-4f9b-ad2e-aee88efc1a6b,AVENE ACTIV B3 Sèrum facial concentrat voluminitzador,39.59,49.79,2026-03-31 22:27:50
2370,aedf1ee6-c251-40a4-9458-9fb4d16baac9,AVENE Bàlsam facial de nit Dermabsolu,41.19,52.95,2026-03-31 22:27:50
2371,ed85f769-743c-430d-901c-cc2e49a7efe2,AVENE Contorn d'ulls Dermabsolu,33.19,42.75,2026-03-31 22:27:50
2372,f30f66ae-7c0d-4431-b636-565546304cf4,AVENE Sèrum facial Dermabsolu,41.19,52.95,2026-03-31 22:27:50
2373,a4716107-d984-49e3-96e4-600dff91cd46,AVÈNE Crema facial vitamin activ Cg,35.39,44.95,2026-03-31 22:27:50
2374,2f899c3b-a151-486b-9812-e975e2ec0781,AVÈNE Crema lifting Hyaluron Activ,55.15,68.95,2026-03-31 22:27:50
2375,a97b5e58-8ada-43f0-b9a4-e41eda36838b,AVÈNE Crema micro lift ulls i llavis hyaluron activ,40.75,50.95,2026-03-31 22:27:50
2376,32f47231-658a-4d49-94d1-1f9ad7e9df8e,AVÈNE Gel-crema facial Hylauron Active B3,35.39,44.95,2026-03-31 22:27:50
2377,48fb69ec-7618-408a-9015-e37db392c1ca,AVÈNE Sèrum facial vitamin active Cg,39.59,49.79,2026-03-31 22:27:50
2378,cb857771-8dda-4444-aa0f-d39920ed0ddb,AVÈNE Sèrum tensor Hyaluron Activ Procedure,50.35,62.95,2026-03-31 22:27:50
2379,ea2b2819-3036-45b5-b313-4ffe96c18ab8,COMPEED Apòsit antigrans discret,10.39,12.99,2026-03-31 22:27:50
2380,5c4e050c-054a-4c20-95dc-44ccda7e0b9c,FRESHLY Contorn d'ulls amb exosomes,27.95,39.95,2026-03-31 22:27:50
2381,2e479878-d83a-49d2-afcb-40dd25e8b04d,FRESHLY Crema facial vitamina C,20.95,29.95,2026-03-31 22:27:50
2382,e4f295d1-2c32-4c81-8792-8fc707197dfc,FRESHLY Gel facial hidratant Pacific Ocean,20.95,29.95,2026-03-31 22:27:50
2383,56717c49-273d-4601-b580-4ac11901c838,FRESHLY Llet hidratant Multi-Peptide,20.19,29.95,2026-03-31 22:27:50
2384,5096ffb7-1ef2-42a3-a88f-7367a6ca191e,FRESHLY Sèrum de Bakuchiol efecte Well Ageing,26.95,36.95,2026-03-31 22:27:50
2385,df545524-153c-44bf-a748-ee9620cc1681,FRESHLY Sèrum per a la cura d'acne Azelaic,22.45,35.95,2026-03-31 22:27:50
2386,5495de54-7455-4301-abf8-6a7449a607f2,FRESHLY Sèrum per a les pestanyes Peony Limitles,25.85,36.95,2026-03-31 22:27:50
2387,9f0f3f0c-df01-464a-a733-02027a673ae1,GUM Arcs dentals Easy Flossers,3.89,4.89,2026-03-31 22:28:04
2388,bcae7b41-58fb-48cd-8c5f-535c52932d90,GUM Raspall de dents Pro Sensitive suau,4.09,5.15,2026-03-31 22:28:04
2389,009bda8c-97c5-41d3-abe4-1a6e5746707c,GUM Raspall de dents Technique Pro Medium,4.09,5.15,2026-03-31 22:28:04
2390,fb0e55e3-6820-4c26-8fc5-9465586759ec,GUM Raspall de dents Technique Pro suau,4.09,5.15,2026-03-31 22:28:04
2391,baa5019f-f244-4da6-9dc5-2423c31415c9,GUM Raspall de dents infantil,3.19,3.99,2026-03-31 22:28:04
2392,52c3a214-ee8d-49bd-b499-f450992785a4,GUM Raspall de dents junior amb llum,3.35,4.19,2026-03-31 22:28:04
2393,fa4179c6-ab47-4b2a-b689-11ab5645919f,GUM Raspall interdental Soft Picks Pro llarg,4.95,6.19,2026-03-31 22:28:04
2394,17309009-13b1-472d-a83f-90167138c1ba,GUM Raspall interdental Soft Picks Pro mitjà,4.95,6.19,2026-03-31 22:28:04
2395,02f825d3-735d-4c63-a2e8-43da4968748c,GUM Raspall interdental Soft Picks Pro petit,4.95,6.19,2026-03-31 22:28:04
2396,6ea77261-f168-4e95-acb8-b0f6f2248b2b,PIERROT Kit dental infantil Sharky,3.19,3.59,2026-03-31 22:28:04
2397,9937469b-6f36-4d8c-97bc-b7966e8d869c,PIERROT Lot dental complet,3.49,3.95,2026-03-31 22:28:04
2398,9d30ac8f-78a7-475a-a28e-254157c5c476,PIERROT Lot dental exprés,3.15,3.49,2026-03-31 22:28:04
2399,b7982e4e-05fe-4e79-a02c-91771dd351a6,SENSODYNE Pasta dentifrícia  Repair & Protect,6.49,6.95,2026-03-31 22:28:04
2400,cae022a6-8e24-4aee-b238-07c4ff330983,SENSODYNE Pasta dentifrícia blanquejadora,4.99,5.99,2026-03-31 22:28:04
2401,ee1c07a4-bf6a-4233-8c10-5806b35ba0a7,BABARIA Crema de peus per durícies,2.49,2.99,2026-03-31 22:28:09
2402,37d1fc3e-9582-4773-adb8-d2bb5816108e,BABARIA Crema peus secs i clivellats,2.19,2.59,2026-03-31 22:28:09
2403,54b0d1a6-6d77-4478-b0ce-d06e489df0d7,BABARIA Desodorant per a peus en esprai,2.59,3.09,2026-03-31 22:28:09
2404,52113b29-1cef-4720-8a35-bba07aebfc96,EUDERMIN Crema de mans pell seca,1.99,2.39,2026-03-31 22:28:09
2405,f6d2b2b4-7ea3-4d89-a8a4-3fcd825973f0,BABARIA Gel fred cames cansades,2.19,2.59,2026-03-31 22:28:14
2406,fa156227-6093-4027-9527-e1f374b13829,FRESHLY Crema anticel·lulítica i reductora Beta-Burner,22.45,29.95,2026-03-31 22:28:14
2407,c7ec8bb0-6f73-4d11-b1b9-0fcbceee8278,FRESHLY Crema autobronzejadora,22.45,29.95,2026-03-31 22:28:14
2408,98dcd2ea-ce8e-4c84-97fd-c4a7dee35489,FRESHLY Crema corporal Prebiotics Balance,17.19,24.95,2026-03-31 22:28:14
2409,2e588a2b-5cd9-446a-83a7-3f8963e0737e,FRESHLY Desodorant Caring Microbiome Smart,11.19,14.95,2026-03-31 22:28:14
2410,25c6b849-1cb3-49d0-a0c8-0f32b967e0ff,FRESHLY Oli corporal per a estries i cicatrius Golden Radiance,20.19,27.95,2026-03-31 22:28:14
2411,ee08b476-5f24-4668-a768-d2035fa22af4,GILLETTE Maquineta d'afaitar 5 fulles i 3 recanvis,11.99,15.99,2026-03-31 22:28:14
2412,caf86942-670f-43cf-be04-437e9618df3b,MIXA Crema corporal reparadora amb Urea,6.45,7.99,2026-03-31 22:28:14
2413,3d972d45-5ebf-4ede-b9c8-9a58c1d6cd79,MIXA Loció corporal reparadora amb Urea,3.99,4.99,2026-03-31 22:28:14
2414,db62d559-daf0-4af0-ba9f-a50f29b34344,BEAUTERRA Gel íntim calmant ecològic,8.99,11.39,2026-03-31 22:28:15
2415,c81e3953-88a7-46d1-9388-14e82245de2e,BEAUTERRA Gel íntim hidratant ecològic,8.99,11.39,2026-03-31 22:28:15
2416,2450776e-45b1-4eff-a4de-c4f2bc09f0c8,FRESHLY Il·luminador corporal Glow Edition,22.45,29.95,2026-03-31 22:28:15
2417,9b50ee81-5263-476a-beb7-a835e536dce4,FRESHLY Sèrum corporal Hyaluronic Energy Body,22.45,29.95,2026-03-31 22:28:15
2418,a8200262-c6ea-4783-a560-9e262b1d9fc3,LACTACYD Gel d'higiene íntima,7.79,10.45,2026-03-31 22:28:15
2419,695c8efe-1ce1-4239-90c7-9270783d0333,LACTACYD Gel d'higiene íntima,8.89,11.9,2026-03-31 22:28:15
2420,6fda423f-4676-4474-b5a1-f432807d24a7,LACTACYD Gel íntim,6.45,8.59,2026-03-31 22:28:15
2421,75ef6c20-5a8f-45f4-b107-5215762b3dd7,LACTACYD PEDIATRICO Gel d'higiene íntima per nenes,8.09,10.85,2026-03-31 22:28:15
2422,bd65442a-a09e-4f1a-bd27-15acfccd4b6c,FRESHLY Lot hidratant corporal i facial amb vitamina C,34.95,49.95,2026-03-31 22:28:26
2423,55cb7d2a-96f0-47dc-a5e0-3180bba209e6,FRESHLY Rutina bàsica antiedat,29.95,39.95,2026-03-31 22:28:26
2424,6a4c435a-b4c0-40a6-b3ec-2e979e14b8a0,FRESHLY Crema solar nadó i nens FPS 50+,13.95,19.95,2026-03-31 22:28:29
2425,4dc7e35b-337e-4019-9386-81d5628d4429,FRESHLY KIDS Xampú infantil Mellow Pear,17.19,22.95,2026-03-31 22:28:29
2426,99210791-0f26-4c25-bd26-b22210e599d1,FRESHLY KIDS Crema corporal hidratant infantil Sweet Apple,22.45,29.95,2026-03-31 22:28:30
2427,8a8e3a1f-05b5-4209-85e2-89a4318d1085,FRESHLY Protector solar mineral FPS 50+,13.95,19.95,2026-03-31 22:28:30
2428,dda79c1f-c1c6-4eb7-b687-449263479a78,FOXY MEGA3 Paper de cuina  2 un.,3.39,3.75,2026-03-31 22:28:32
2429,c3b6c82b-20aa-47b8-8ded-83c68b2ac8aa,KLEENEX Mocadors de paper amb bàlsam,1.69,1.99,2026-03-31 22:28:32
2430,bf4b98e2-b6ce-4c0a-9a5d-b7e3314d69c4,ALBAL Film transparent 30 metres,2.29,2.55,2026-03-31 22:28:33
2431,ba2429e8-291b-47df-84bc-df7c2b9d332d,DIXAN Detergent en pols de 39 dosis,8.99,11.55,2026-03-31 22:28:35
2432,c6f30912-7e04-48f9-8431-6dec1cbc36a8,DIXAN Detergent líquid Frescor 4 en 1 de 30 dosis,4.99,7.29,2026-03-31 22:28:35
2433,301e30ae-c983-473d-b75b-d2c8f3289847,NORIT Detergent líquid Complet de 70 dosis,9.99,14.95,2026-03-31 22:28:35
2434,2acecf61-c0af-406a-85f5-508fb751feb9,WIPP Detergent líquid blau de 28 dosis,5.99,8.85,2026-03-31 22:28:35
2435,e75bf122-5b01-48c6-83b3-cf9135f5fb94,MISTOL Sabó rentavaixelles Original,1.99,2.75,2026-03-31 22:28:42
2436,2746d249-7207-4758-a035-bd0089fc1ae7,ASEVI Netejador desinfectant multiusos,2.15,2.39,2026-03-31 22:28:44
2437,11666292-4cae-4d19-9cb0-4ce4ad0de2af,TENN Netejavidres i multi superfícies,2.99,3.99,2026-03-31 22:28:44
2438,8ed8b166-0662-498f-9505-3bcdae07f898,ASEVI Netejador desinfectant bany Asevi,1.95,2.25,2026-03-31 22:28:47
2439,b9e76bb3-3a43-4443-ae34-005ad4ccedab,SANYTOL Netejador de banys llimona,2.99,3.99,2026-03-31 22:28:47
2440,69067485-e058-457e-b9d0-11dd94c9ffc4,HANDY BAG Bosses d'escombraries resistents antigoteig 50 L,2.59,2.85,2026-03-31 22:28:48
2441,fe1c6ef4-fc05-4ef3-a364-2569e482b1c1,SPONTEX Baieta microfibra,4.19,5.59,2026-03-31 22:28:48
2442,9078ad0f-b032-4307-8203-9ee027e079a7,SPONTEX Fregall amb esponja,1.89,2.49,2026-03-31 22:28:48
2443,8c195635-d8cb-4c1e-beb8-9d5d3c16966c,VILEDA Baieta de pal,2.15,2.69,2026-03-31 22:28:48
2444,4fc4cb31-edae-4cb9-9490-0fe23ea179ff,VILEDA Galleda amb escorredor,9.59,11.99,2026-03-31 22:28:48
2445,4f815468-a5b6-42fe-b6bb-881e2c407485,AURA Ambientador cotxe aroma a net,1.99,2.25,2026-03-31 22:28:52
2446,6d87e503-0931-4fa7-8f4d-4d7d6150a513,AURA Ambientador cotxe brisa marina,1.99,2.25,2026-03-31 22:28:52
2447,6c287fad-1d60-40ff-86ae-734270ed5134,AURA Ambientador cotxe fruites del bosc,1.99,2.25,2026-03-31 22:28:52
2448,8ad4423d-3da0-4d12-ad5d-ffba806ddf68,AURA Ambientador de varetes dama de nit,1.99,2.25,2026-03-31 22:28:52
2449,90542376-9fd6-446b-a0b8-ab430a787692,AURA Ambientador de varetes fruits vermells,1.99,2.25,2026-03-31 22:28:52
2450,48951977-8f5b-4260-b90a-80575e26e42c,GLADE Ambientador i aparell Espígol,5.99,6.69,2026-03-31 22:28:52
2451,605b2987-7ff8-41c6-b5b5-50b6d3c6453e,GLADE Ambientador i recanvi fragància espígol,3.49,4.69,2026-03-31 22:28:52
2452,ed3c21f9-98d5-4579-8da7-4b4b730f76a4,GLADE Recanvi ambientador Marine,5.99,6.95,2026-03-31 22:28:52
2453,32fa6f15-7825-4ef9-9443-347f55891b07,GLADE Recanvi ambientador d'espígol,5.99,6.95,2026-03-31 22:28:52
2454,89285bc3-291d-44cd-b38f-2073cb6bd8e8,GLADE Recanvi ambientador fragància Relax Zen,4.5,5.95,2026-03-31 22:28:52
2455,07b98adb-5944-4b23-97c0-50483dfe361a,GLADE Recanvi ambientador fragància espígol i gessamí,2.69,3.59,2026-03-31 22:28:52
2456,9962fe60-d1f4-476f-9e2a-f5a03ded8373,COMPO Barrera contra insectes,8.95,10.25,2026-03-31 22:28:54
2457,fcc20a15-3cb3-4713-a087-213091da1b57,COMPO Insecticida Axiendo ultra polivalent,10.95,12.25,2026-03-31 22:28:54
2458,7604ffca-434f-4789-a61e-386ec356f93a,COMPO UNIVERSAL Fertilitzant universal líquid,7.25,8.25,2026-03-31 22:28:54
2459,107c566b-5d44-45b5-92f3-9efcb2a7dace,BRITA Filtres per a gerra d'aigua Maxtra Pro,21.95,24.95,2026-03-31 22:28:58
2460,17c1042b-2ff9-493a-8e08-2214422e0052,BRITA Gerra d'aigua Marella blanca Maxtra Pro,25.95,28.95,2026-03-31 22:28:58
2461,8eed63f7-076b-43e2-8211-69a8043b1b0b,BECKEN Fregidora d'aire digital BAF9427,59.99,74.99,2026-03-31 22:29:21
2462,df974abc-1dab-41d0-b00d-edd4e9824440,BECKEN Fregidora d'aire digital Juicy BAF9245,99.99,130.0,2026-03-31 22:29:21
2463,67d14a7f-43c9-46d8-af02-39dfd0206bc7,BECKEN Fregidora d'aire sense oli,39.99,59.99,2026-03-31 22:29:21
2464,a4b1c674-fa3f-4cb0-b952-c801e4a26b42,DOLCE GUSTO Cafetera Krups Piccolo XS blanca,69.0,54.65,2026-03-31 22:29:21
2465,dd9b431a-934a-4304-8f68-7cd90ded71c4,JATA Assecador de cabell iònic Brushless JBSC1600,59.99,79.99,2026-03-31 22:29:21
2466,e829146e-a814-46d1-9f60-3a0b4b46373b,JATA Batedora de got JEBT1241,59.99,79.99,2026-03-31 22:29:21
2467,e95d7fde-b5bd-4bd2-b7fb-024500e55dad,JATA Torradora elèctrica,19.99,29.99,2026-03-31 22:29:21
2468,d5c39edc-1b08-4dab-88d9-91940cca8256,SOLAC Cafetera Espresso,89.99,109.0,2026-03-31 22:29:21
2469,0b804bd4-f8ba-43bb-9a5c-af79187d7cf9,TAURUS Batedora de got Optima Nero,29.99,41.99,2026-03-31 22:29:21
2470,e3b78d2d-a1fe-4b4a-89ed-4796c35bb5c5,TAURUS Fregidora d'aire digital 7S View,64.99,72.99,2026-03-31 22:29:21
2471,e13e5d15-dbb0-4826-9fdb-bdaee651452f,UFESA Liquadora Vitalify,39.99,57.99,2026-03-31 22:29:21
2472,e47aa62e-4494-43b2-82c4-cb4de9b1d7fe,COMPO Insecticida Triple Acció,7.75,8.85,2026-03-31 22:30:19
2473,ce08b8e8-134c-45cb-8cb4-7524717e61ae,COMPO Adob universal,5.25,6.25,2026-03-31 22:30:20
2474,f9ff1b53-1183-4aab-9269-2ebcaef2efb6,COMPO Fertilitzant plantes verdes,6.95,8.25,2026-03-31 22:30:20
2475,79546a44-4ccf-442d-9229-20c8a0688af7,COMPO Varetes fertilitzants amb Guano,4.25,4.85,2026-03-31 22:30:20
2476,dc5de7ae-45ef-447c-8cd3-79b9c3453ac1,COMPO Antiformigues,9.95,11.35,2026-03-31 22:30:22
2477,3e06a297-2e75-4b32-92de-ffb888f67281,CEGASA Llum emergència geolocalitzable V16,34.99,39.99,2026-03-31 22:30:32
2478,e795cde2-0ef9-43ca-be2c-2e317d7ff1f8,BREKKIES DELICIOUS Menjar amb bou per a gos adult,7.39,9.85,2026-03-31 22:30:40
2479,75f7fb13-59e5-4a11-8a6d-765dd16a078b,BREKKIES Menjar de gos,7.39,9.85,2026-03-31 22:30:40
2480,75e0275a-5807-437b-b8b4-4777484faaa7,EDGARD & COOPER Menjar Mutlipack per a gos,8.69,10.19,2026-03-31 22:30:40
2481,6d378f04-0dc6-4c97-8aaf-3651418f38a6,ULTIMA Menjar de pollastre per a gos adult,27.99,32.99,2026-03-31 22:30:40
2482,6c960387-00b0-42b5-bcdf-53b9956d2766,ULTIMA Menjar de pollastre per a gos adult PRO+,7.19,7.99,2026-03-31 22:30:40
2483,bdf2a1a8-8e9e-471e-968a-5c7d4d95aa93,ULTIMA Menjar de pollastre per a gos petit Yorkshire Terrier,7.99,8.99,2026-03-31 22:30:40
2484,a354f35c-976c-4015-aaf7-9c8f0e54e0b4,ULTIMA Menjar de pollastre per a gos petit sènior,7.99,8.99,2026-03-31 22:30:40
2485,5e99375d-ab8b-4df9-97da-fa31f2d0621e,ULTIMA Menjar de pollastre per a gos sènior,30.85,36.25,2026-03-31 22:30:40
2486,58fef5db-c7ad-4dfe-839a-4983f173f4d5,ULTIMA Menjar de salmó per a gos adult PRO+,7.19,7.99,2026-03-31 22:30:40
2487,330421ee-ae19-4992-a9ab-33c1c69387e4,BREKKIES Menjar d'aus i verdures per a gat,3.99,4.45,2026-03-31 22:30:44
2488,f12bce6f-e404-4652-9d73-abfd8384b636,EDGARD & COOPER Menjar Multipack per a gat,7.39,8.69,2026-03-31 22:30:44
2489,64d6eda7-b621-45b1-8fbd-1ec879d832ca,ULTIMA Menjar de peix per a gat esterilitzat Fit & Delicious,0.79,0.85,2026-03-31 22:30:44
2490,fdda95a9-a6b2-4d41-9d17-d7927bf0fbb4,ULTIMA Menjar de pollastre per a gat adult,8.99,10.95,2026-03-31 22:30:44
2491,caf39b08-1075-4430-94a4-4f8e5121ae82,ULTIMA Menjar de pollastre per a gat esterilitzat Fit & Delicious,0.79,0.85,2026-03-31 22:30:44
2492,b5047703-a349-49d0-86d4-d33a9cbac5ff,ULTIMA Menjar de pollastre per a gat junior,8.99,10.95,2026-03-31 22:30:44
2493,d71dad8a-eaeb-4d2a-aeb9-a26282c78b76,ULTIMA Menjar de salmó per a gat adult,8.99,10.95,2026-03-31 22:30:44
2494,7196887b-501f-4e77-8443-a7f55b7643c7,ULTIMA Menjar de truita per a gat esterilitzat,8.99,10.95,2026-03-31 22:30:44
2495,d6348e7b-b0d8-4431-bf8a-477b9c031639,ULTIMA Menjar de truita per a gat esterilitzat boles de pèl,8.99,10.95,2026-03-31 22:30:44
2496,a34c0db4-840a-4b13-bf8d-1bd8f95470ea,BREKKIES Menjar de peix per a gat,3.99,4.45,2026-03-31 22:30:45
2497,579f2589-29a3-4b7b-a9d8-5f217aafa135,GOURMET SOUP Snack líquid de Salmó per a gat,0.85,1.0,2026-03-31 22:30:45
2498,fc30cc55-4406-4d1e-8665-fe1539a5d9bd,GOURMET SOUP Snack líquid de pollastre per a gat,0.85,1.0,2026-03-31 22:30:45
2499,7abf0490-3ff8-45bd-8d32-d0689b58c29f,ULTIMA Menjar de pollastre per a gat PRO+,8.99,10.95,2026-03-31 22:30:45
2500,4232c62c-4a5b-496e-867c-efb432bb92f9,DIXIE Pipetes per a gats,7.35,11.25,2026-03-31 22:30:49
2501,9ad72b92-35ba-439e-bac9-52eded22869d,"GERBER Farinetes d'arròs, civada i poma",3.59,4.49,2026-03-31 22:30:56
2502,ab1c2d2b-e9e0-4d1c-a717-18859e200f20,GERBER Farinetes de civada amb pruna,3.59,4.49,2026-03-31 22:30:56
2503,888f04d0-2579-49a7-833f-335a4a94aac8,GERBER Farinetes multicereals,5.99,7.49,2026-03-31 22:30:56
2504,f07726b3-3024-4e11-a955-de85819aeb1e,COMPEED Apòsit de mida mitjana per a talons,11.15,13.95,2026-03-31 22:31:05
2505,c535c4e6-a766-47a0-b8c7-7f9e9086e8ed,COMPEED Apòsit per a herpes labial,10.35,12.95,2026-03-31 22:31:05
2506,d0c9f52e-c842-4737-8ad6-90b7d821d48a,COMPEED Apòsit per galindons,5.19,6.49,2026-03-31 22:31:05
2507,a92d8c07-b128-44de-837e-5df39122bee8,COMPEED Apòsit protector Sport,6.89,8.65,2026-03-31 22:31:05
2508,22bd6faa-4da9-4066-a2b9-4d7b1e9c4b25,COMPEED Apòsit protector durícies mitjans,5.15,6.45,2026-03-31 22:31:05
2509,58ffa7f6-e011-4c04-94d0-478f52cc17d3,COMPEED Apòsits per a butllofes als dits dels peus,6.15,7.69,2026-03-31 22:31:05
2510,6fafa8b1-b231-4382-a45c-67aabab09a62,COMPEED Stick anti-fricció,7.45,9.35,2026-03-31 22:31:05
2511,cec990af-83e3-4c5b-b146-e4ecfce15469,YMEA Complement alimentari per a la menopausa 8 en 1,20.89,29.9,2026-03-31 22:31:10
2512,bee1e2c8-8a54-4a3a-ab4f-1044e7080a99,YMEA Complement alimentari per a la menopausa Silueta,18.49,26.49,2026-03-31 22:31:10
2513,def07127-54b6-433b-ba99-f8e97c87e68f,YMEA Complement alimentari per a la menopausa Ventre Pla,20.95,29.95,2026-03-31 22:31:10
2514,964cc664-8e18-4864-ad8c-ea0f950880d8,AVÈNE Crema facial de dia redensificant Dermabsolu,37.99,48.95,2026-03-31 22:31:21
2515,304b7b0f-b441-4fe7-a5ad-c60f4e8cc7e1,BEAUTERRA Bàlsam labial nutritiu clàssic,3.59,4.49,2026-03-31 22:31:21
2516,e6cd3a1e-0a8c-4eb1-aed4-36d91e774989,BEAUTERRA Bàlsam labial nutritiu vermell,3.59,4.49,2026-03-31 22:31:21
2517,a12f2cd1-13bd-4578-812d-d820e918066b,AIROS Pa de pagès sense gluten,3.75,4.15,2026-03-31 22:31:59
2518,49ac2d64-dd48-483b-842b-53c20c35e0d2,"CODORNÍU ZERO Escumós alcohol 0,0%",6.99,8.45,2026-03-31 22:32:50
2519,85390d8e-e845-4555-b8f8-4572b7dda9b4,HUESITOS Barreta de galeta amb xocolata,2.49,2.79,2026-03-31 22:33:49
2520,c3204531-9984-45cb-aba7-ff814f13597f,LA COLLITA Tomàquet cirerol en branca ecològic en safata de 250 g,2.09,2.25,2026-04-01 09:11:52
2521,c1d8c236-ae83-48e1-83f8-f48b2722efdd,BONPREU Espatlla curada 100% Duroc,3.99,4.29,2026-04-01 09:11:59
2522,18560c64-19a7-44df-8d53-ad8d7e75310a,MONTE NEVADO Espatlla Mangalica,6.29,6.49,2026-04-01 09:12:01
2523,a235eea8-1711-47c9-88a7-4ea0e597add4,AIRESANO Espatlla DO Terol natural,3.49,3.59,2026-04-01 09:12:02
2524,f773c4cf-6101-41e3-a9a1-0e9c93051db3,BONPREU Espatlla curada Duroc 100% Bonpreu en talls de 150 grams,5.23,5.38,2026-04-01 09:12:03
2525,31592bec-4886-48e4-85d4-9bd32600d9ff,AIRESANO Espatlla DO Terol natural en maletí,17.49,18.19,2026-04-01 09:12:04
2526,6328a485-a5db-4ddf-b692-7f7c30244af5,BONPREU Pernil curat Duroc 100% Bonpreu en talls de 150 grams,5.24,5.39,2026-04-01 09:12:04
2527,e4e927f0-bba5-4825-83bb-6bdf967d14ee,BONPREU LNX Pernil 100% duroc,3.99,4.15,2026-04-01 09:12:05
2528,9bc0e2ad-2519-4e59-afee-f53d3afd5e79,AIRESANO Espatlla DO Terol,54.95,55.49,2026-04-01 09:12:07
2529,e77c381f-8e6a-4925-8081-8ef3acf1ca7d,EL PASTOR Formatge de cabra amb papaia,2.55,2.69,2026-04-01 09:12:14
2530,62f54a5f-c499-40bf-8efa-1a7b04587cfe,EL PASTOR Formatge de cabra amb pinya,2.55,2.69,2026-04-01 09:12:14
2531,168629fd-6f65-49ee-8345-acec4188a743,EL PASTOR Formatge de cabra sense lactosa,4.19,4.39,2026-04-01 09:12:14
2532,7d9a405d-1c5f-46df-8156-387d69426f1f,PICOS DE EUROPA Formatge blau IGP de Valdeon al tall,2.7,2.75,2026-04-01 09:12:15
2533,ef946e3c-29a7-440b-b189-a9b60543977c,EL PASTOR Formatge de cabra semicurat Delícies al tall en porció,7.62,7.92,2026-04-01 09:12:16
2534,8680fae6-dfdb-451b-a076-4dc16678c460,Sípia bruta,11.99,13.19,2026-04-01 09:12:29
2535,baeac763-a587-46f6-9acf-2ae52fcfc7f5,Cua de Lluç (unitat).,10.99,13.99,2026-04-01 09:12:31
2536,89ef7df2-2d58-453c-b327-aae7a5e34ec3,FRIT RAVICH Baies de goji,2.85,3.15,2026-04-01 09:13:02
2537,75d63909-ed5d-405d-815d-28abdb7b0399,FRIT RAVICH Pinya confitada,2.89,2.99,2026-04-01 09:13:02
2538,978f7f25-7e12-4573-b2be-b2d5753cf4be,FRIT RAVICH Coco a daus,2.45,2.69,2026-04-01 09:13:03
2539,494c2fe0-bc7b-4d0f-952b-32411c60d1e3,POMPADOUR Infusió amb melatonina i pasiflora,3.15,3.49,2026-04-01 09:13:09
2540,89d20131-b053-41d4-a0f1-4ab49d5c46f8,POMPADOUR Infusió amb probiòtics i camamilla,3.15,3.49,2026-04-01 09:13:10
2541,3d9e24e6-4b46-4a8f-b798-fb316e8af3db,POMPADOUR Infusió amb probiòtics i gingebre,3.15,3.49,2026-04-01 09:13:11
2542,5c3fea08-243d-4f24-9bfd-4abdfb8f9427,POMPADOUR Infusió magnesi i vitaminca C,3.15,3.49,2026-04-01 09:13:11
2543,fc568af8-69fd-4440-89d7-1a860e316a8b,POMPADOUR Infusió amb cafeïna i taurina,3.15,3.49,2026-04-01 09:13:12
2544,ae3ef532-f9e1-4774-b402-5ca96ff1658e,POMPADOUR Infusió pròpolis i equinàcia,3.15,3.49,2026-04-01 09:13:12
2545,ac989948-b4c5-454f-8b64-a8c692a74905,POMPADOUR Te descafeiïnat,2.15,2.29,2026-04-01 09:13:12
2546,474f9141-fd32-401b-8eea-dbb35d1eaf37,"JUST LOADING Crema de cacau, dàtil i avellanes",4.99,5.2,2026-04-01 09:13:23
2547,a28d6cd1-62df-46c3-a579-598fb098c705,JUST LOADING Crema d'ametlla,4.85,5.85,2026-04-01 09:13:24
2548,b279d32e-67ba-4d86-aece-476db48ffa33,JUST LOADING Crema de festucs i cacauets,6.95,7.15,2026-04-01 09:13:24
2549,51fd6767-81ae-48b2-8aa2-73237b0716b8,EOS Crema d'avellanes,5.85,6.35,2026-04-01 09:13:25
2550,2edb15af-7165-452b-8c0b-3e989acc63aa,ARANCA Mongetes cuites Santa Maria,3.65,3.75,2026-04-01 09:13:46
2551,709e1602-ff2b-4430-80c1-d685e0180150,BONPREU Cavalla del sud amb oli d'oliva,1.49,1.59,2026-04-01 09:13:50
2552,50c878a7-602a-43f0-ac3f-35cee5d66cdc,BONPREU Cavalla del sud amb oli de gira-sol,1.15,1.19,2026-04-01 09:13:52
2553,ecfd29df-b272-4a7a-a459-8c1ef2b80946,BLAI Olives negres empeltre Selecció Premium,3.49,3.15,2026-04-01 09:13:53
2554,2359c809-4688-4da8-905b-9cfa25b3734d,CALVO Sardines baixes en sal,1.95,2.25,2026-04-01 09:13:53
2555,c07264c9-e4b7-438e-ae43-5169b142b8cc,ORTIZ Sardines a l'antiga en oli d'oliva,6.49,6.19,2026-04-01 09:13:53
2556,00bd7c55-9bd6-454a-b7c3-4e5ebbceb40d,BLAI Olives arbequines Selecció Premium,2.85,2.65,2026-04-01 09:13:55
2557,71f539f7-805d-47eb-a105-78e7e87e90a0,ORTIZ Sardines a l'antiga en oli d'oliva,4.79,4.39,2026-04-01 09:13:57
2558,c60cae53-d5b0-458c-badb-335a4990b6c9,ARANCA Fesols de Santa Pau Km0,4.85,4.95,2026-04-01 09:13:59
2559,75de7d3d-72e3-429e-9f02-1c1d9e7adf31,BLAI PERIS Olivada empeltre madurada ecològica,2.99,2.65,2026-04-01 09:14:08
2560,7a21c01b-ac3d-493a-a740-c7184dca2016,BLAI PERIS Olivada arbequina ecològica,2.99,2.65,2026-04-01 09:14:09
2561,c211afe2-1882-425f-9cde-00f8c82c17e2,GAUTSCHI Salsa Roquefort,3.1,3.25,2026-04-01 09:14:10
2562,331d4a4b-014e-4ef9-b507-96fa0c15a2c2,GAUTSCHI Salsa Curry,3.1,3.25,2026-04-01 09:14:11
2563,e0f94043-b7ba-44c4-a1a2-a0ab33af300e,GAUTSCHI Salsa Tàrtara,3.1,3.25,2026-04-01 09:14:11
2564,70bc4629-b988-4e41-986a-d0d2f44465b6,GAUTSCHI Salsa cafè de París,3.1,3.25,2026-04-01 09:14:11
2565,9cd524d5-5e98-4d55-b73c-78fcf738ae90,HEALTH 4U Complement alimentari de carxofa,5.25,4.99,2026-04-01 09:14:18
2566,93049778-4b26-435f-8fa6-e023061bb63f,HEALTH 4U Complement alimentari amb colàgen marí hidrolitzat,6.25,5.29,2026-04-01 09:14:19
2567,7a478a2a-7082-42c1-942d-0a771da9c760,HEALTH 4U Complement alimentari d'espirulina,4.85,4.95,2026-04-01 09:14:19
2568,19cb61ad-ac9e-4ec3-959f-deb4e2ee37e9,HEALTH 4U Complement alimentari de Coenzima Q10,6.25,5.15,2026-04-01 09:14:19
2569,700e0c06-8fcf-401a-bf1b-34fc021dd74c,"VILAJUIGA Aigua carbònica amb gas 1,2 litres",1.39,1.45,2026-04-01 09:14:27
2570,a884313c-c4f1-45e9-8a9c-caad78c7ef46,VILAJUIGA Aigua carbónica,1.39,1.45,2026-04-01 09:14:28
2571,2da9493a-ecf7-4854-a836-d1f977188364,"VILAJUIGA Aigua mineral amb gas 6x1,2 L",8.34,8.7,2026-04-01 09:14:28
2572,0934030e-40ee-4a4e-b81b-9c69e487cbe0,"VILAJUIGA Aigua mineral amb gas 6x1,2 L",8.34,8.7,2026-04-01 09:14:28
2573,f3d96841-a221-4366-bc37-9fc59fdfe90b,COCA-COLA Refresc de cola sabor original en ampolla,2.76,3.46,2026-04-01 09:14:31
2574,4ad1853e-fda1-4d8c-8875-eed36acd45d8,COCA-COLA Refresc de cola zero sucre en ampolla,2.4,3.0,2026-04-01 09:14:31
2575,aa3a968e-1bc8-4948-a1aa-d47638632128,PEDRO XIMENEZ Caixa 6u. vi molt dolç Viña 25 DO. Jerez,61.74,65.7,2026-04-01 09:14:51
2576,eefcfa8e-48a2-4172-991a-4a18c0e5e4ce,LA BOTERA Vi de taula negre Km0,9.85,9.65,2026-04-01 09:14:54
2577,d1a55505-722d-4913-a4a9-defb591cc080,PEDRO XIMÉNEZ Vi molt dolç Xerès,10.29,10.95,2026-04-01 09:14:54
2578,536882af-693a-40e2-975a-b20ab6c3f0ef,LA BOTERA Vi de taula negre,4.65,4.49,2026-04-01 09:14:55
2579,49b33676-d8a1-4437-8248-a9c9497f4f5e,LA VINYETA Vi negre sense sulfits afegits DO Empordà Km0,7.85,7.99,2026-04-01 09:14:55
2580,2459df18-6156-46f9-9eb6-f69727b266a7,LLAVORS Vi negre Criança DO Empordà Km0,10.29,10.49,2026-04-01 09:14:55
2581,c4a9292a-2374-46b4-9e35-0a24fe31753e,HEUS Vi blanc DO Empordà Km0,7.49,7.69,2026-04-01 09:14:56
2582,f30cdad0-c65b-4e48-b48d-28fc3ad70ea0,HEUS Vi negre DO l'Empordà Km0,7.49,7.69,2026-04-01 09:14:56
2583,2e8d056f-ab39-4582-be01-02b1459b56db,PEDRO XIMENEZ Vi dolç Xerès PX San Emilio Lustau,22.95,23.65,2026-04-01 09:14:57
2584,7907a395-049f-4eeb-b6cf-f28ba4f8975c,LLOPART Corpinnat Brut Nature guarda superior reserva ecològic,15.89,16.95,2026-04-01 09:15:00
2585,1884882d-cf21-4642-ba5f-79c73c89a82e,LLOPART Corpinnat Rosat Brut guarda superior reserva ecològic Km0,17.55,18.69,2026-04-01 09:15:00
2586,90a64110-ee48-4664-abed-f62175b40a52,LLOPART INTEGRAL Cava Corpinnat Brut Nature Integral ecològic caixa,106.0,109.0,2026-04-01 09:15:00
2587,16cb89db-d148-477c-adee-90fe960e2975,LLOPART INTEGRAL Corpinnat Brut Nature Integral reserva ecològic,17.69,18.19,2026-04-01 09:15:00
2588,caa1d040-c950-4fd5-b69c-e91436085763,CUTTY SARK Whisky escocès,16.95,16.45,2026-04-01 09:15:04
2589,93d18fa9-3e67-4c1f-8c3a-fc9c6bbd0959,JB Whisky escocès,11.95,11.19,2026-04-01 09:15:04
2590,eda81fae-4fb2-4be3-bf08-8e5c3b93082e,JB Whisky escocès,16.69,15.99,2026-04-01 09:15:04
2591,17ff8459-b80e-4e5b-8bfb-f083a72857f0,DERA VAL Licor de Cassís Km0,10.89,10.99,2026-04-01 09:15:05
2592,02361e5a-69c8-4697-abfc-78a4799c2f56,RAIERS Ratafia,10.29,10.49,2026-04-01 09:15:05
2593,87e8a1af-a883-43e3-8c3a-be3d2febd014,PULEVA Llet sencera Tido Milky en cartró,2.85,2.79,2026-04-01 09:15:31
2594,45dde2bb-f6f9-4641-bf92-e9fe5667573e,ARIAS Mantega micro-pastilla,2.69,2.29,2026-04-01 09:15:33
2595,83feae70-9f44-47c2-b4e4-ddd7badf59b6,JUST LOADING Batut de proteïna cookie,1.65,1.69,2026-04-01 09:15:35
2596,6632fc78-5f9d-4f50-8596-6418d2c6ce2e,L'OU DE L'ESTANY Ou dur de gallina a terra,2.1,2.2,2026-04-01 09:15:45
2597,b786cf07-0b56-4982-95cb-dc6e6b277556,NATURA SIBERICA Gel de dutxa,5.59,4.45,2026-04-01 09:15:47
2598,3a87c065-4b31-4c1e-9324-62e24c4cd156,VICHY DERCOS Xampú anti caspa seca,13.99,14.29,2026-04-01 09:15:50
2599,611646be-e0a2-494d-a217-829d50f2e779,VICHY DERCOS Xampú anticaspa greix,13.99,14.29,2026-04-01 09:15:50
2600,8266c4ff-ce8f-4d06-82bb-c9352cfda254,VICHY DERCOS Xampú anticaiguda,19.85,20.29,2026-04-01 09:15:51
2601,af93ab12-7525-47a0-bb05-7e821d384733,VICHY DERCOS Xampú estimulant,14.25,14.59,2026-04-01 09:15:51
2602,1bc61a3e-72e1-4a95-9276-807b9a518584,VICHY DERCOS Xampú tractament per a cabells grassos,14.65,14.95,2026-04-01 09:15:51
2603,4b8d6b4e-3f77-4fd2-a8a2-7f1875b1fa7c,NATURA SIBERICA Xampú hidratació intensiva,8.99,6.99,2026-04-01 09:15:55
2604,c1fb44f2-9160-4358-9fde-5f834f18b443,NATURA SIBERICA Xampú màxim volum,8.99,6.99,2026-04-01 09:15:55
2605,15ad0e45-2a22-4c5f-bbfd-6f8ad29b431c,NATURA SIBERICA Condicionador hidratació intensa,8.99,6.99,2026-04-01 09:15:56
2606,37c6a012-beaa-40ee-89e5-e5bf49aecefc,NATURA SIBERICA Escuma moldejadora volum màxim,10.99,8.25,2026-04-01 09:15:56
2607,939f540f-c7c2-436a-907f-ea3a7a00ff71,NATURA SIBERICA Gel capil·lar cabells arrissats,9.59,7.95,2026-04-01 09:15:56
2608,95cd1a6b-7cee-4c95-be69-d1f70f65dc1e,NATURA SIBERICA Mascareta capil·lar reparació profunda,7.49,5.45,2026-04-01 09:15:56
2609,438a04b9-299f-463c-b2f2-ceeb13a92886,NATURA SIBERICA Xampú reparador,8.99,6.99,2026-04-01 09:15:56
2610,58a4aabb-6a20-417c-b802-5cdc6189c1d9,NATURA SIBERICA Xampú sense sulfats ris definit,9.99,8.75,2026-04-01 09:15:56
2611,422896c6-8d39-4ef9-bfd5-80272df9c924,NATURA SIBERICA Mascareta reparadora queratina,13.95,12.49,2026-04-01 09:15:57
2612,d5237f59-ee12-40af-84b0-866e70903924,NATURA SIBERICA Xampú netejador,8.99,6.99,2026-04-01 09:15:57
2613,c61ea743-befa-4fc5-9ff5-ea39ea9187dc,NATURA SIBERICA Condicionador màxim volum,8.99,6.99,2026-04-01 09:15:58
2614,904de253-b599-492b-84fc-5d796d137b68,NATURA SIBERICA Condicionador per a cabell sec,8.99,6.99,2026-04-01 09:15:58
2615,f9f34526-6807-4344-ab03-c9fc98ed1a87,NATURA SIBERICA Condicionador reparador intens,10.99,7.99,2026-04-01 09:15:58
2616,75be99f2-3a71-441a-87ae-d490da73ba31,NATURA SIBERICA Exfoliant capil·lar,8.49,6.65,2026-04-01 09:15:58
2617,3aec38e0-27c8-477c-9e0b-f4b2c967e45e,NATURA SIBERICA Oli capil·lar complex,11.49,8.89,2026-04-01 09:15:58
2618,261f5c19-3f3a-475a-823b-7213f8a5e8f3,NATURA SIBERICA Sérum capil·lar reparador queratina,8.95,7.95,2026-04-01 09:15:58
2619,f2e7be53-441d-4e81-b9f6-cd618df5b0d8,NATURA SIBERICA Xampú reparador queratina,10.95,9.95,2026-04-01 09:15:58
2620,bc592cd8-6c76-4e5d-a0f5-9a4b5106b663,NATURA SIBERICA Aigua lamel·lar reparadora queratina,15.95,13.99,2026-04-01 09:16:00
2621,d183297b-57e6-405b-af4a-3fb9e903c117,NATURA SIBERICA Gel netejador facial escumós,6.89,5.99,2026-04-01 09:16:03
2622,aa4b0b59-c90d-4af7-aaf7-0f5979d1829a,NATURA SIBERICA Crema antioxidant contorn d'ulls C-Berrica,6.89,5.99,2026-04-01 09:16:04
2623,fc618b74-36de-44b5-8c92-71a815c315ce,NATURA SIBERICA Crema facial de dia il·luminadora,9.29,8.75,2026-04-01 09:16:04
2624,dd317068-a82e-4b9a-a8e6-84a888e23ca3,NATURA SIBERICA Desmaquillant en escuma hidratant,8.39,6.99,2026-04-01 09:16:04
2625,4b7cb39d-7ed7-4310-bdd8-2d2b640c6425,NATURA SIBERICA Netejador facial refinador de poros,6.89,6.39,2026-04-01 09:16:04
2626,b080c6fb-e470-4199-ae98-48c8994c5ace,NATURA SIBERICA Crema facial de dia Rodhiola Rosea,10.99,8.49,2026-04-01 09:16:05
2627,a3366894-346d-493e-af37-fdfadae75bfc,NATURA SIBERICA Crema facial nit,9.99,7.49,2026-04-01 09:16:05
2628,a7ea5fe7-b05c-4e19-8e2b-edc175bedefe,NATURA SIBERICA Discs activadors ultra il·luminadors,10.39,8.75,2026-04-01 09:16:05
2629,c8c47e52-13a6-4354-ba5c-70e99768c4d9,NATURA SIBERICA Exfoliant facial pell mixta ecològic,7.29,5.99,2026-04-01 09:16:05
2630,0feccbf3-d3f0-43f7-8b5b-3466ded9e1ce,NATURA SIBERICA Mousse netejador facial ecològic,8.39,6.99,2026-04-01 09:16:05
2631,f152d4eb-0d89-4f37-adec-2e4cd3a1bde4,NATURA SIBERICA Sèrum facial hidratant,7.59,6.39,2026-04-01 09:16:05
2632,eb22d892-46fa-4982-9db5-809f4c686f56,NATURA SIBERICA Tònic - mist facial hidratant Blueberry,7.99,7.65,2026-04-01 09:16:05
2633,77001514-d89d-4d01-b1df-c86fbd8bf257,NATURA SIBERICA Crema de dia facial vigoritzant SPF20,9.29,8.65,2026-04-01 09:16:06
2634,9f0e5f43-9e31-48f1-878a-685d1f248272,NATURA SIBERICA Crema facial tonificant de dia,8.95,8.75,2026-04-01 09:16:06
2635,73e6d475-a6bd-4f94-b604-65755a583f31,NATURA SIBERICA Crema i gel facial hidratant,9.29,8.49,2026-04-01 09:16:06
2636,038d3e2c-001d-45f1-86f9-44a83a2bcb4c,NATURA SIBERICA Estoig facial,13.99,9.49,2026-04-01 09:16:06
2637,55910357-2519-484d-a570-2022c7bc851e,NATURA SIBERICA Exfoliant corporal orgànic,9.49,6.79,2026-04-01 09:16:06
2638,617220ac-d677-436d-b7bb-e6293b2077fb,NATURA SIBERICA Mascareta facial reparadora,7.49,6.39,2026-04-01 09:16:06
2639,b4aa41ae-5e55-40bb-80b0-dad43a9185f0,NATURA SIBERICA Sèrum facial antioxidant,7.59,6.39,2026-04-01 09:16:06
2640,7b24521b-640c-4b65-8c4c-4cd0fbe49e8a,NATURA SIBERICA Sèrum facial energitzant Vitamina C,7.59,6.39,2026-04-01 09:16:06
2641,547f0605-f388-4431-8f6b-34de4b0859ad,NATURA SIBERICA Sèrum facial vitamina C,7.99,5.85,2026-04-01 09:16:06
2642,00eaa79f-a1e2-44ae-a208-9e40080467f8,NATURA SIBERICA Tònic facial anti-edat ecològic,8.39,5.99,2026-04-01 09:16:06
2643,1dad63f4-466e-4713-9a31-755469bbc08d,NATURA SIBERICA Crema facial de nit reparadora,12.99,9.95,2026-04-01 09:16:07
2644,3f58c4d0-13d5-4fff-9278-47b9ca2fa33d,NATURA SIBERICA Crema facial netejadora,8.49,7.95,2026-04-01 09:16:07
2645,66aabbf5-dc40-425b-86dc-8be2ee79f6b8,NATURA SIBERICA Mascareta facial exfoliant,6.89,5.99,2026-04-01 09:16:07
2646,37c348f0-c93d-4e7d-925f-56ea4cd082ee,NATURA SIBERICA Sèrum facial corrector d'imperfeccions,7.59,6.39,2026-04-01 09:16:07
2647,a8d0cafc-5a29-46c6-89ad-deaf8d13b4b1,NATURA SIBERICA Sèrum facial renovador Blueberry,8.69,7.95,2026-04-01 09:16:07
2648,bef5dca9-7d19-4e07-b0df-676b52ac0758,NATURA SIBERICA Exfoliant facial Blueberry,9.29,8.65,2026-04-01 09:16:08
2649,2c69153c-3825-44db-9ad7-858a4553eaad,NATURA SIBERICA Crema facial de dia lífting rejovenidora,17.79,12.59,2026-04-01 09:16:09
2650,73d73942-4050-4d10-9272-c254e2ebc7f8,NATURA SIBERICA Crema de mans hidratant,6.59,4.99,2026-04-01 09:16:24
2651,a7cf0dca-8112-47a4-ade1-894ccd95670e,NATURA SIBERICA Llet corporal nutritiva i hidratant,6.59,5.35,2026-04-01 09:16:34
2652,dc8c5e83-4993-4573-b5c3-cbd801590576,VAGISIL Gel hidratant íntim,9.95,10.25,2026-04-01 09:16:35
2653,3a0626b0-013b-4521-b05f-6012f0c876c7,BENETTON Colònia home We Are Tribe Play,18.95,19.95,2026-04-01 09:16:41
2654,f2e340d3-b3e7-4bc4-86b9-d73cc0030433,TATAY Contenidor hermètic blau 20 cl,1.65,1.69,2026-04-01 09:16:49
2655,e752c42d-da09-45cd-8462-e4fcce0bd972,"TATAY Contenidor hermètic de vidre 1,1L Cook&Eat",6.75,7.49,2026-04-01 09:16:49
2656,03d8b6e9-2b9a-4078-8bab-b55505e12b93,"TATAY Contenidor hermètic de vidre 1,5L Cook&Eat",8.35,8.99,2026-04-01 09:16:49
2657,dfe4da8f-be22-4cbc-a46c-3f168cda865b,TATAY Contenidor hermètic de vidre 37 cl Cook&Eat,4.75,4.99,2026-04-01 09:16:49
2658,22064f0d-bd39-4027-8bdf-44be079e49f7,TATAY Recipient hermètic de 30 cl,1.75,1.79,2026-04-01 09:16:49
2659,0bb49117-908e-416c-a271-692925f77d8a,TATAY Recipient hermètic de 60 cl,1.85,1.99,2026-04-01 09:16:49
2660,8673e7b6-568b-4bf4-8cf9-c1f6e437eed7,"TATAY Recipient hermètic quadrat blau 1,3L",2.85,2.99,2026-04-01 09:16:49
2661,5e697277-e920-42ea-b0ae-edf82a879229,TATAY Contenidor hermètic blanc 1L,2.95,2.99,2026-04-01 09:16:50
2662,3fb59441-792c-43c5-bc35-ed13bf67f42e,TATAY Contenidor hermètic blanc 20 cl,1.65,1.69,2026-04-01 09:16:50
2663,4415caf1-4098-484d-b245-714be4e1ebf5,TATAY Contenidor hermètic blau 1L,2.95,2.99,2026-04-01 09:16:50
2664,c91f1992-8b72-439c-aab3-1ee5958a62eb,TATAY Contenidor hermètic de vidre 64 cl Cook&Eat,5.75,5.99,2026-04-01 09:16:50
2665,08c73ca6-19fc-42a3-9f62-94100a2644b7,TATAY Recipient hermètic d'1L,2.35,2.49,2026-04-01 09:16:50
2666,311e62d5-8adf-4d63-8ffb-32901c6a7339,"TATAY Recipient hermètic de 2,1L",3.95,3.99,2026-04-01 09:16:50
2667,0efc7a2b-b7be-4c1e-b83c-803fdc7af026,"TATAY Recipient hermètic de 2,9 L",4.25,4.39,2026-04-01 09:16:50
2668,c408458c-d4b2-4a66-bf01-2e8d1824734a,"TATAY Recipient hermètic de 4,7 L",5.15,5.49,2026-04-01 09:16:50
2669,2669d7f1-7640-4865-9355-b192d37def82,TATAY Recipient hermètic de 50 cl,1.95,1.99,2026-04-01 09:16:50
2670,bfc205e9-db1f-4f3b-a293-37a9fd06dcca,TATAY Recipient hermètic portasandvitx,3.95,3.99,2026-04-01 09:16:50
2671,bc49bbb5-1c00-4b64-a29d-2274cbed992a,TATAY Galleda amb escorredor i rodes,7.95,8.49,2026-04-01 09:17:06
2672,9235cded-4245-4c4c-9389-831e05100913,TATAY Cubell amb pedal color Hydraulic,15.95,15.99,2026-04-01 09:17:07
2673,1b07c19a-c003-4280-ab47-17d900069c32,TATAY Cubell amb tapa per a residus orgànics,6.55,6.99,2026-04-01 09:17:07
2674,f0119efc-2321-4bdf-9195-18294d6fa349,TATAY Cubell d'escombraries reciclatge negre,21.95,22.99,2026-04-01 09:17:07
2675,4609da5f-caa3-4a55-845b-559bed0cd81e,TATAY Escombreta WC de color blanc,2.85,2.99,2026-04-01 09:17:14
2676,8b455618-fbf1-40fe-adf3-dfb0164142fd,TATAY Dosificador de sabó color gris,4.95,4.99,2026-04-01 09:17:19
2677,a6360c88-80e7-4e12-a711-f69946d9b690,TATAY Catifa de bany antilliscant blanca 97x36 cm,14.95,15.99,2026-04-01 09:17:21
2678,a8a2c41c-ce0d-4079-846e-f65c26a38400,TATAY Got per a raspalls de dents Baobab gris,2.35,2.49,2026-04-01 09:17:21
2679,a14e6ca6-43fc-4d56-a4e5-1cbbb0f494b5,TATAY Capçal per a la dutxa cromat Pacific,7.75,7.99,2026-04-01 09:17:22
2680,455b501b-a10e-49c7-aaba-4ba1aa7066cc,TATAY Catifa de bany antilliscant blau 36x70 cm,12.55,12.99,2026-04-01 09:17:22
2681,e2ad8bc6-39a7-442d-b193-d6aace228843,TATAY Cubell de bany amb pedal blanc,6.95,7.49,2026-04-01 09:17:22
2682,6618dd41-d0c4-4a84-b40b-e5331e9b4549,TATAY Mànega de dutxa 2 metres Loop,8.95,8.99,2026-04-01 09:17:22
2683,14d62198-7040-4fcc-a303-cc1e5a1770a0,"TATAY Mànega de dutxa Dual Flex 1,7m",8.95,8.99,2026-04-01 09:17:22
2684,f91e80f9-a09c-4eab-bf74-5ecc51c4a0b2,TATAY Capçal per a la dutxa cromat Aquafresh,18.95,19.99,2026-04-01 09:17:24
2685,9db366ea-3fb1-4ebf-8c6d-96ba4d95831e,TATAY Catifa de bany antilliscant blava 97x36 cm,14.95,15.99,2026-04-01 09:17:24
2686,55a26ee4-d49a-4266-8a8e-e1b44444f1e8,TATAY Escombreta per al bany bambú,21.95,22.99,2026-04-01 09:17:24
2687,e9f95a54-4afd-47e6-998d-dbc1bef2b35a,TATAY Penjador per escombra clip,5.15,5.29,2026-04-01 09:17:24
2688,24a3a00f-fdd1-4581-9498-a3c33989f964,TATAY Anelles per a cortina de dutxa,2.25,2.49,2026-04-01 09:17:26
2689,0d1d9e59-4581-4ba3-92bc-7c44afc1a667,TATAY Barra recta de dutxa ajustable 110 a 190cm,14.95,15.99,2026-04-01 09:17:26
2690,b60aa9b6-3e4b-4ac9-b5c3-005fe8a5d56f,TATAY Capçal per a la dutxa Bombay,9.55,9.99,2026-04-01 09:17:27
2691,c9f72330-dfc9-4c0f-b750-98eff5c12d3d,TATAY Capçal per a la dutxa cromat Vanity,10.55,10.99,2026-04-01 09:17:27
2692,ca6c0312-9fd4-43eb-a2a8-2179d6b6f429,TATAY Tovalloler Olympia color blanc,6.95,7.49,2026-04-01 09:17:27
2693,8d571097-09fd-451c-aeb3-b63418033923,TATAY Dosificador sabó de bambú,11.95,11.99,2026-04-01 09:17:28
2694,67d86fd5-ffda-41a4-812b-a6b0a41217c9,TATAY Catifa de bany antilliscant blanca 36x70 cm,12.55,12.99,2026-04-01 09:17:29
2695,012009f8-0084-4523-84cb-83c9d632f32c,TATAY Tovalloler Olympia color blanc,5.55,5.99,2026-04-01 09:17:29
2696,4f87396d-0413-4d98-9ee9-fb22aafa07e6,TATAY Kit de dutxa d'acer inoxidable,32.95,33.99,2026-04-01 09:17:30
2697,6836ce52-024b-471f-8acc-586f0e846629,TATAY Sabonera de bany Baobab,2.35,2.49,2026-04-01 09:17:31
2698,8cf6c0da-d8e2-4f8a-bfe6-ff1a878b3343,TATAY Cistell amb penjador per a la dutxa,20.95,21.99,2026-04-01 09:17:32
2699,0f9c5b74-cb1b-4486-a1c3-28165ed451c8,TATAY Got de bambú,8.31,8.99,2026-04-01 09:17:32
2700,19a54162-24a3-4b93-a336-426c00c70289,TATAY Penjador Olympia color blanc,2.95,2.99,2026-04-01 09:17:32
2701,a4834cd1-6f51-490f-b66e-49c4cd53d939,TATAY Sabonera de bambú,9.95,10.99,2026-04-01 09:17:32
2702,cc7136f2-aee3-414f-abec-bcc34b4e7524,TATAY Porta-rotlles amb fixació,4.95,4.99,2026-04-01 09:17:33
2703,d6e7c99a-dfca-4467-826f-a1ec1817e782,NAN EXPERT PRO Aliment infantil per transtorns digestius,28.49,28.79,2026-04-01 09:19:22
2704,a3c523cf-fdd9-41b9-976d-b0bb4f97c893,NAN EXPERT PRO Aliment infantil per trastorn digestiu,28.95,30.35,2026-04-01 09:19:22
2705,39d99743-903c-4aee-822d-eaafbbacd516,NAN OPTI PRO Llet de continuació en pols,21.1,20.95,2026-04-01 09:19:22
2706,00725f0d-bc71-4662-9ffa-9a27e38a59bc,NAN OPTI PRO Llet per a lactants en pols,21.95,22.89,2026-04-01 09:19:22
2707,ed6facfc-12bf-4e64-ad74-f2bd33bb7aef,NAN SUPREME PRO Llet de continuació en pols,26.95,27.89,2026-04-01 09:19:22
2708,9e52d879-b886-40d5-acf7-6926b623de9a,NAN SUPREME PRO Llet de creixement  en pols,25.25,26.65,2026-04-01 09:19:22
2709,0baa6d0f-a86f-4291-a85d-97b1a51bb405,NAN SUPREME PRO Llet per a lactants en pols,28.75,29.25,2026-04-01 09:19:22
2710,f781c89e-636d-4083-9023-656a4a50efdf,ALGASIV Adhesiu en tires inferior,13.75,14.19,2026-04-01 09:19:32
2711,b39c2c05-ab96-40d2-b12b-300f93db22e7,ALGASIV Adhesiu en tires superior,8.85,9.15,2026-04-01 09:19:32
2712,41bbbabd-af63-4e22-91ed-76a47d68e6ca,HEALTH 4U Complement alimentari Ashwagandha,6.49,5.95,2026-04-01 09:19:34
2713,e310ff9b-4569-476c-9653-21b715a3828c,HEALTH 4U Complement alimentari de cúrcuma,6.25,4.99,2026-04-01 09:19:34
2714,2c4e327b-c5f2-4e5e-ad95-38f6976cae26,HEALTH 4U Complement alimentari vitamina B12,4.35,4.19,2026-04-01 09:19:34
2715,50754a6a-cb37-4f89-a642-29fb8e4e0cc0,HEALTH 4U Complement alimentari de Maca,6.3,5.99,2026-04-01 09:19:35
2716,31d25747-3d61-4b87-aa92-ccf9697124b2,HEALTH 4U Complement alimentari llevat de cervesa,4.65,4.95,2026-04-01 09:19:35
2717,d11a023a-879e-4f2e-bdc6-a6136a836102,HEALTH 4U Complement alimentari nabius vermells,6.95,6.65,2026-04-01 09:19:35
2718,a0c10073-7a04-4d2b-82ce-ad1ff8c9e8a2,HEALTH 4U Complement alimentari de Magnesi i Vitamina B6,2.95,2.49,2026-04-01 09:19:37
2719,29c7373a-7aa8-4638-9997-706839cc5c42,HEALTH 4U Vitamina C i zinc comprimits efervescents gust de taronja,2.95,2.49,2026-04-01 09:19:37
2720,b6cdf254-b968-41e9-b283-e84cbb698298,KNEIPP Complement alimentari Son,13.49,12.95,2026-04-01 09:19:37
2721,7d85d2ce-d1b1-4ed7-af9e-5e1e70ef515d,KNEIPP Complement alimentario de valeriana,7.99,7.29,2026-04-01 09:19:37
2722,4cc28080-80cc-46e9-ae8f-c38318481e48,HEALTH 4U Complement alimentari,10.85,10.99,2026-04-01 09:19:38
2723,6b43d96b-4d92-49ef-88be-62a6d0a37390,HEALTH 4U Multivitaminic comprimits efervescents gust a taronja,2.95,2.49,2026-04-01 09:19:39
2724,3e8ed633-c5bf-4273-b947-4868b2f6f11c,KNEIPP Complement alimentari Magnesi energia,13.25,12.95,2026-04-01 09:19:39
2725,f8b17b04-a3c5-4d19-a88f-91ebe847eb1f,KNEIPP Complement alimentari de Valeriana Clàssic,6.19,5.59,2026-04-01 09:19:39
2726,f74c5d3b-f19f-4e92-ace3-1b3fe8e31ab7,KNEIPP Somni complet doble acció,11.49,12.15,2026-04-01 09:19:39
2727,c08e510c-2881-4e09-9257-f6cab9ef9406,KNEIPP Vitamines i minerals per a dona,4.19,4.59,2026-04-01 09:19:39
2728,deaa62a2-bbb8-4c77-aa00-00662dabd638,KNEIPP Complement alimentari per a l'estrès Stress Balance,11.65,11.35,2026-04-01 09:19:40
2729,731d1c11-4da1-483a-b2ae-402155bb7354,KNEIPP Complement alimentari per a la memòria i concentració,9.79,10.35,2026-04-01 09:19:40
2730,d5bb079b-8b5a-49a9-aee7-f0eb0bbb507c,JUST FOR MEN Xampú reductor de cabells blancs Control GX,11.85,11.99,2026-04-01 09:19:43
2731,7d53594e-2b80-4934-8346-1707ec456816,JUST FOR MEN Coloració en gel per bigoti i barba,11.69,11.85,2026-04-01 09:19:44
2732,ec5e0fc1-3fa9-4b22-9fbc-deb15283fa85,JUST FOR MEN Colorant en xampú castany clar,11.69,11.85,2026-04-01 09:19:44
2733,30db3e7b-81cb-4516-98b5-558805e0f86f,JUST FOR MEN Colorant en xampú castany fosc,11.69,11.85,2026-04-01 09:19:44
2734,300998b0-97d2-438c-858b-dace0057daf1,JUST FOR MEN Colorant en xampú morè,11.69,11.85,2026-04-01 09:19:44
2735,4fe4a571-d9a4-4ab1-9d60-ac9734275fbe,JUST FOR MEN Crema colorant per bigoti-barba castany,11.69,11.85,2026-04-01 09:19:44
2736,cfa57ced-e25e-48b2-a52a-062fbcade84c,JUST FOR MEN Xampú colorant per a barba Controlgx,11.85,11.99,2026-04-01 09:19:45
2737,a2e7b2a8-d49e-4459-aec4-c8bf9a1e0401,LA ROCHE POSAY Crema facial mat Effaclar,20.35,20.75,2026-04-01 09:19:48
2738,7dbf2c6c-32d0-44e8-9e96-16c007bd7122,LA ROCHE POSAY Tractament rehidratant Hydraphase,25.5,25.99,2026-04-01 09:19:48
2739,36bf253f-53d9-43fc-9cc7-28edc5712c9b,LA ROCHE-POSAY Tractament rehidratant reomplidor,24.5,24.99,2026-04-01 09:19:48
2740,18533bc9-ff9f-4209-869e-26c7672adeee,LA ROCHE-POSAY Tònic Effaclar,20.29,20.75,2026-04-01 09:19:48
2741,3efe566e-54e1-4260-ac8a-375f239de19e,TOLERIANE Dermonetejador cara i ulls,23.5,23.99,2026-04-01 09:19:50
2742,3c688cb6-f9b0-4295-8803-bd294497b012,VICHY Desodorant antitranspirant en bola,12.65,12.95,2026-04-01 09:19:56
2743,e62d6e5b-2337-48f4-91e9-816425b4f9b7,VICHY Desodorant antitranspirant en esprai,13.25,13.49,2026-04-01 09:19:56
2744,30d2e3c1-b670-4d02-a60a-bacfeb1abc0a,VICHY Desodorant control extrem en bola,12.65,12.95,2026-04-01 09:19:56
2745,bdf82f75-861f-4818-bcc4-478cb75416c4,VICHY Desodorant stress resist en bola,12.65,12.95,2026-04-01 09:19:56
2746,a73b5b93-8c19-4bbf-94db-dc81dc469a61,VICHY Tractament anti-transpirant,11.95,12.19,2026-04-01 09:19:56
2747,380ef631-1f1f-43fb-b68e-2e6e785a3993,VICHY Desodorant antitranspirant en bola,12.65,12.95,2026-04-01 09:19:57
2748,5ef05bce-6a6b-4d71-bdbb-b42e07450040,VICHY Desodorant efecte calmant en bola,12.65,12.95,2026-04-01 09:19:57
2749,932c2c41-f634-4657-be18-a79a021c0894,VICHY Desodorant sense sals d'alumini en bola,12.65,12.95,2026-04-01 09:19:57
2750,ce7de2c7-3911-4b0b-b492-63116fe11edd,"SCHOLL Plantilles Gel Activ talla 40-46,5",16.95,17.15,2026-04-01 09:19:59
2751,72c431e9-945e-4cd0-8e7c-686ae59e92af,SCHOLL Llima elèctrica,27.95,28.25,2026-04-01 09:20:00
2752,687c3fea-faa7-4dfb-bdda-e693074a04a3,"SCHOLL Plantilles Gel Activ talla 35,5-40,5",16.95,17.15,2026-04-01 09:20:00
2753,a209aa32-2997-48e8-a98a-514feb1fbb5f,SCHOLL Recanvis llima elèctrica,12.95,12.99,2026-04-01 09:20:00
2754,a73dab4b-75ea-4706-8a57-1ade9d367697,VAGISIL Crema de civada prebiòtica,11.35,11.69,2026-04-01 09:20:05
2755,23d2312a-0300-42a3-86d8-8fed98611a1d,VAGISIL Desodorant íntim gessamí blanc,6.19,6.45,2026-04-01 09:20:05
2756,7d51204d-bb26-4346-bcf3-e9decc237e78,VAGISIL Lubricant íntim efecte calor,10.29,10.65,2026-04-01 09:20:05
2757,3160a366-61d7-43c0-8a60-f54e5906e386,HEALTH 4U Complement alimentari col·lagen hialurònic,6.25,5.59,2026-04-01 09:20:07
2758,c8750804-2741-42fc-a92f-b3ac245bb1e0,JUST LOADING Barreta proteica de xocolata i coco,2.85,2.99,2026-04-01 09:20:34
2759,23b59533-db82-4c80-bfeb-8aff563fc7d0,JUST LOADING Barreta amb gust de muffin de nabius amb probiòtics,3.49,3.25,2026-04-01 09:20:35
2760,b3df3e15-3594-4485-bdb0-be5d541b5680,JUST LOADING Barreta proteica de cafè latte,1.59,1.65,2026-04-01 09:20:35
2761,a5828dea-d782-455a-b14f-760d4c93b7f1,JUST LOADING Barreta energètica de cappuccino,1.29,1.35,2026-04-01 09:20:39
2762,0ec4c080-bb60-4696-b4a3-af29da0b0f68,JUST LOADING Barreta energètica de fruits vermells,3.09,3.3,2026-04-01 09:20:39
2763,a793cfe8-5fea-4e9e-a9a9-7335c6453c3d,JUST LOADING Barreta proteica de straciatella,3.29,3.45,2026-04-01 09:20:39
2764,4cecb801-5755-4a2a-a5de-ab2d6e0df53b,JUST LOADING Barreta proteica de xocolata,3.29,3.45,2026-04-01 09:20:39
2765,23040098-fd1d-4dd0-82b9-4b340acc8554,JUST LOADING Batut de proteína al cacau,1.65,1.69,2026-04-01 09:20:39
2766,b8ee2131-b7a3-40c7-8c4a-6a7a6e15c5c9,JUST LOADING Barreta energètica cacauet Padel,1.29,1.25,2026-04-01 09:20:40
2767,a15844b7-f12b-4964-aba4-98064ed22391,JUST LOADING Barreta proteica amb probiòtics de caramel i cacauet,2.25,1.99,2026-04-01 09:20:40
2768,d3d6bd17-af27-4711-8a53-67ef47f03630,JUST LOADING Gel energètic gust cola amb cafeïna,2.95,3.05,2026-04-01 09:20:40
2769,7dd1518a-55a2-44e0-8f35-a9eace27d55e,Cogombre 1 u.,0.86,2.29,2026-04-02 09:04:06
2770,554af9b0-4e64-4d81-a0d6-350923dbc110,Carxofa Baix Llobregat Km0 1u,0.46,0.51,2026-04-02 09:04:09
2771,d5bfb269-abb0-4f12-8600-154a8d767ca7,FINURA DE IBÉRICO Galta de porc Ibèric sense os Finura de Ibérico en envàs de,18.44,18.74,2026-04-02 09:04:40
2772,bb87b947-6bc8-4f19-a4ff-34cc3c713a7d,Gamba llistada (mida mitjana),10.0,39.99,2026-04-02 09:04:41
2773,b7a3a575-c0d0-44cc-80b9-c124b4b789b3,Llenguado,4.95,5.4,2026-04-02 09:04:42
2774,8680fae6-dfdb-451b-a076-4dc16678c460,Sípia bruta,13.19,14.39,2026-04-02 09:04:43
2775,baeac763-a587-46f6-9acf-2ae52fcfc7f5,Cua de Lluç (unitat).,13.99,12.99,2026-04-02 09:04:44
2776,c07264c9-e4b7-438e-ae43-5169b142b8cc,ORTIZ Sardines a l'antiga en oli d'oliva,6.19,6.49,2026-04-02 09:06:00
2777,71f539f7-805d-47eb-a105-78e7e87e90a0,ORTIZ Sardines a l'antiga en oli d'oliva,4.39,4.79,2026-04-02 09:06:04
2778,6918fd4b-7d84-401e-b3e2-9575ea3a1b52,AGUSTÍ TORELLÓ MATA Vi blanc DO Penedès ecològic Km0,6.99,7.35,2026-04-02 09:06:58
2779,14e2c808-1b1f-4a99-9c46-f7427073b329,AGUSTÍ TORELLÓ MATA Vi rosat DO Penedès ecològic Km0,6.99,7.35,2026-04-02 09:06:59
2780,b8cf9df9-f07f-4354-b803-594418198316,TERRA I TAST Flam de formatge al bany maria,2.3,2.49,2026-04-02 09:07:38
2781,63fd950f-ee59-4d2e-a55d-d1ae7a2219cf,TERRA I TAST Flam de mató,2.3,2.49,2026-04-02 09:07:38
2782,ecd22e87-bd66-4f7a-adbc-d407dc2024b0,TERRA I TAST Flam d'ou al bany maria,2.3,2.49,2026-04-02 09:07:39
2783,92bbbf42-0fae-47a1-887e-0c5f6fbe6c32,TERRA I TAST Flam de cafè,2.3,2.49,2026-04-02 09:07:39
2784,13e39916-3e5c-42f8-84f8-b9ce5cdb36f4,EUDERMIN Crema de mans protectora,2.15,2.19,2026-04-02 09:08:24
2785,c9214828-0ec3-4b13-ad25-b1274e968ff0,EUDERMIN Crema de mans protectora format viatge,1.1,1.15,2026-04-02 09:08:24
2786,b033ed04-9424-402e-8aa4-308fa4c008a6,EUDERMIN Desodorant de peus en talc,3.39,3.49,2026-04-02 09:08:24
2787,59636c14-3fe2-4af0-93f2-ec1a07765936,BYLY Desodorant Bio en esprai,3.15,3.25,2026-04-02 09:08:31
2788,5e96d283-ecd8-45da-a1f0-b4b20cb9cb95,BYLY Desodorant de bola,2.09,2.15,2026-04-02 09:08:31
2789,1097094c-57fb-4015-9933-7c68552147db,EUDERMIN Crema corporal protectora Bio,4.19,4.35,2026-04-02 09:08:31
2790,57486ebb-9ca4-4913-aa76-e3e86826f5cf,BYLY Desodorant Extrem Frescor,3.2,3.29,2026-04-02 09:08:32
2791,cabcca58-ad93-4ea6-9d47-1fc1c6e9124b,BYLY Desodorant Extrem Intense,2.09,2.15,2026-04-02 09:08:32
2792,79189061-f8d9-48d3-9743-ce29324201d2,TAKY Cera depilatòria calenta facial,6.99,7.15,2026-04-02 09:08:32
2793,f8a53982-b0f7-49d4-a0fc-b9e14827bf96,CYGNETIC Crema decolorant,6.35,6.59,2026-04-02 09:08:33
2794,0ede10ed-bcb4-406c-a6e5-37b258d3710e,TAKY Cera per depilar,9.39,9.49,2026-04-02 09:08:33
2795,09fd8c20-d7f7-4664-a37a-334d47a3ef9d,WATERWIPES Tovalloletes humides infantils,10.99,11.29,2026-04-02 09:11:17
2796,6053c057-643b-4f33-b2f0-154b9aea67de,EUDERMIN Talc,1.89,1.95,2026-04-02 09:11:21
2797,5ec1984a-0570-4d52-9efc-6945a94c57a7,Carbassó 1 u.,0.84,0.74,2026-04-03 09:00:49
2798,61006849-95e5-4a2b-9e2c-441506f7bb23,KOKOA Piruleta de xocolata Pasqua,1.49,0.99,2026-04-03 09:02:42
2799,9ada18da-4771-4496-85ad-7639c1facbae,KOKOA Gallina de xocolata blanca,17.95,14.95,2026-04-03 09:02:44
2800,a55608eb-0fe6-44a0-a207-c9cd2b546d2b,KOKOA Jirafa de xocolata blanca,17.95,14.95,2026-04-03 09:02:44
2801,8974651a-587c-4087-8efb-00276c61caad,KOKOA Ratolí de xocolata blanca,17.95,14.95,2026-04-03 09:02:44
2802,e9c91d88-c0cc-4ce7-8c29-75f2322d36af,BONPREU Ceba trossejada,1.04,1.0,2026-04-03 09:04:51
2803,41cf6cff-90ff-477c-bf9e-b8d154d07163,BONPREU Anelles de pota argentina a la romana,4.69,4.99,2026-04-03 09:04:55
2804,26f09fca-5ac0-4167-add9-540a1aeed583,BONPREU Paper d'alumini de 30 m,2.2,2.3,2026-04-03 09:06:48
2805,632ed9fe-1ea8-4e5b-9126-2b3ccff86e55,LA COLLITA Llimona malla 1 kg,2.29,2.69,2026-04-04 08:52:22
2806,25805d40-2fda-4f96-95de-753b7a498922,Llimona 1 u.,0.67,0.75,2026-04-04 08:52:25
2807,f3463e15-31d8-40fa-98e7-2a5aae6fdb16,LA COLLITA Bastonets d'api en bossa de 200 grams,1.09,1.15,2026-04-04 08:52:26
2808,82ab89e8-2d98-4a47-af0d-91e170714279,Gamba rosada del Mediterrani,12.99,14.99,2026-04-04 08:53:07
2809,5b7f94b1-26ae-4804-9592-651c4ff1d223,REVOLUGREEN Truita vegana amb ceba,2.99,3.95,2026-04-04 08:53:24
2810,6e98b291-b7e0-4f42-9a7e-5920609da976,BONPREU Paté amb pebre negre,1.59,1.45,2026-04-05 08:57:49
2811,c7e62619-c3f6-4e3b-98b5-ab6f421a3d2f,CAPDEVILA Foie gras d'ànec mi-cuit,2.99,3.15,2026-04-05 08:57:49
2812,53bec2a5-e238-4e64-bf5c-de16d55ddc56,BONPREU Paté amb pebre verd,1.59,1.45,2026-04-05 08:57:51
2813,b789e75b-c013-463b-ae37-c5e6910767bb,CAPDEVILA Foie gras d'ànec amb trufa,2.99,3.15,2026-04-05 08:57:51
2814,b35483e0-afd9-40d1-ac35-45c4b306758c,CAPDEVILA Foie gras d'ànec mi-cuit,6.45,5.95,2026-04-05 08:57:52
2815,606aae9c-ea9f-4e74-97eb-e8e6ce6d03e4,CAPDEVILA Mousse d'ànec,2.49,2.79,2026-04-05 08:57:52
2816,5d0e4382-f92b-4be6-9825-4451ff9cc517,CAPDEVILA Mousse foie gras d'ànec mi-cuit a la trufa blanca,2.59,2.79,2026-04-05 08:57:52
2817,c3aeb176-80de-448f-a414-d188b4f02799,LIMONETTO Limoncello,8.49,8.85,2026-04-06 09:24:19
2818,a5e5ae1b-1d75-4dd3-9739-03a5f322e811,ED. PLANETA Llibre Cosas de casa: Recetas imbatibles,0.95,24.9,2026-04-06 09:27:20
2819,7dd1518a-55a2-44e0-8f35-a9eace27d55e,Cogombre 1 u.,2.29,0.86,2026-04-07 09:07:22
2820,97b25add-6761-4861-b3c7-59d20297f531,BONPREU Burguer meat de pollastre teriyaki i sèsam,2.95,2.99,2026-04-07 09:07:57
2821,e93fa36d-394e-4940-95df-5f6cd540c527,BONPREU Cuixa i mitjana de xai,13.49,14.49,2026-04-07 09:07:57
2822,acf92d34-a546-4a5d-a50f-1f93ad7b0e13,BONPREU Cabrit per arrebossar,17.49,17.99,2026-04-07 09:07:58
2823,7174ff99-c453-4d65-8351-9fe3952f0348,BONPREU Espatlla de xai,27.99,28.99,2026-04-07 09:07:59
2824,1da8193a-39b8-4530-9be9-ec93f94fc86b,BONPREU Burger meat de conill,6.45,6.49,2026-04-07 09:08:02
2825,7c7a13ba-1ef3-41df-b5a9-dba347760113,BONPREU Burger meat de pollastre amb formatge fos,4.39,4.45,2026-04-07 09:08:02
2826,b9476e3e-4d4c-40b4-9391-7cae61b4ec2f,BONPREU DE L'ERA Hamburguesa de boví Bruna dels Pirineus amb formatge Brunat,4.85,4.99,2026-04-07 09:08:02
2827,3151546e-5188-43c9-82ec-ecd931fe6c1a,BONPREU Cabrit,17.5,18.0,2026-04-07 09:08:04
2828,6932c6f9-02d7-4a67-821c-b5191dea16e7,BONPREU Cabrit per arrebossar,18.0,18.5,2026-04-07 09:08:04
2829,0a782358-5fc5-47b7-94de-aa1891914a4e,BONPREU DE L'ERA Hamburguesa de porc i vedella  ecològica,4.25,4.35,2026-04-07 09:08:04
2830,24a257e7-6f41-4113-92e6-670fb5e82206,BONPREU Espatlla de cabrit,17.1,17.55,2026-04-07 09:08:04
2831,cd1dbe3a-c8d0-4045-b08c-e0dbf257c5ec,Salmó superior sencer a filets,37.48,14.99,2026-04-07 09:08:05
2832,8680fae6-dfdb-451b-a076-4dc16678c460,Sípia bruta,14.39,23.99,2026-04-07 09:08:05
2833,7ca81e82-76f6-46f8-8751-70783288ba47,Cua de rap,29.99,32.99,2026-04-07 09:08:09
2834,bb87b947-6bc8-4f19-a4ff-34cc3c713a7d,Gamba llistada (mida mitjana),39.99,10.0,2026-04-07 09:08:09
2835,1e464f91-cb21-485a-90ed-b937c263cc4f,Llom super,23.99,8.4,2026-04-07 09:08:09
2836,b6a1403d-e197-4cb8-bf54-3db83f317bb2,Rap sencer,14.99,15.99,2026-04-07 09:08:09
2837,de03a6b9-2bef-4c8d-a99c-00d0e1a1d0a3,EL DE CALDES Magdalenes originals,3.99,4.25,2026-04-07 09:09:30
2838,16ed8488-0a61-46dd-9a6f-8cb671b342e6,EL DE CALDES Magdalenes de xocolata,2.99,3.19,2026-04-07 09:09:32
2839,c6195cbb-a39b-4b42-b6b2-a924e4537f71,EL DE CALDES Magdalenes Carrot Cake,2.99,3.19,2026-04-07 09:09:34
2840,0319232f-eb55-4be8-b6fd-da947b83bf20,EL PRIOR Moscatell,7.95,8.49,2026-04-07 09:11:13
2841,9c38a647-f8cb-4872-b189-0b9705e8dab4,MASSALUCA Vi blanc DO Terra Alta Km0,9.95,10.15,2026-04-07 09:11:15
2842,90584f6a-4104-4b56-a7ac-8014384bd9d2,MASSALUCA Vi negre DO Terra Alta Km0,9.95,10.15,2026-04-07 09:11:15
2843,25b911ab-596d-4ead-944c-821924d5fed6,ABADAL PICAPOLL Vi blanc DO Pla de Bages Km0,14.1,14.49,2026-04-07 09:11:16
2844,5e14abc1-a701-4863-bc6f-332fa1d00543,ABADAL Vi negre DO Pla del Bages Km0,28.95,31.95,2026-04-07 09:11:17
2845,e8ea7296-2953-48c4-a409-8f4e68a638d4,BALLANTINE'S Whisky,18.45,19.95,2026-04-07 09:11:24
2846,0bd7a116-3ccd-4c0a-9950-0c86e7a98be6,COMPO SANA Substrat Universal Confort,6.25,7.25,2026-04-07 09:16:21
2847,1f07ba82-3098-4819-b0f6-f77c6da6ddf9,COMPO SANA Substrat Universal Confort,8.95,10.25,2026-04-07 09:16:21
2848,eb6c2ca0-8598-410c-8ebc-4bd3f6aff03d,COMPO Substrat plantes verdes,4.25,4.95,2026-04-07 09:16:21
2849,4edf791e-27ac-45e4-bbae-bc51635dae87,Alvocat  1 u.,2.0,1.35,2026-04-08 09:10:02
2850,12df1f37-1fdb-419f-aae9-cdb5c33f74f8,LA COLLITA Bledes Km0 en bossa de 650 g,1.59,2.0,2026-04-08 09:10:02
2851,2d9c9b56-716a-4a67-a4b4-0ce7bbcb6ed6,LA COLLITA Maduixot en terrina de 500 g,4.29,2.19,2026-04-08 09:10:02
2852,3b035405-d0d4-48a6-afb2-01338503ece7,Llima 1 u.,0.4,4.39,2026-04-08 09:10:02
2853,1cf3b9c9-0d58-4e70-acf0-ff2b24ff042c,Mandarina 1u.,1.0,0.29,2026-04-08 09:10:02
2854,a2a1a4ca-d68c-4ac7-bfc3-569da723a9de,Plàtan banana 1 u.,0.22,1.49,2026-04-08 09:10:02
2855,c3e26cfe-1471-4478-a7ce-e74f213f8f4a,Poma Pink Lady 1 u.,0.64,2.99,2026-04-08 09:10:02
2856,a722ad70-58d0-4d71-b1fe-59f4e8716f0d,LA COLLITA Porro en 1 manat,3.0,2.39,2026-04-08 09:10:03
2857,2695ad0f-0195-4b89-b3d3-dc8d0978a093,FLORETTE Brots gourmet,4.99,1.99,2026-04-08 09:10:05
2858,70cb74b5-56ed-4bfb-93ad-5455b2644b33,Mandarines fulla,3.99,4.19,2026-04-08 09:10:05
2859,9392b333-2687-49d5-b1e3-c010b373018a,Pruna vermella 1 u.,4.29,0.58,2026-04-08 09:10:06
2860,7dd1518a-55a2-44e0-8f35-a9eace27d55e,Cogombre 1 u.,0.86,0.84,2026-04-08 09:10:07
2861,14d1558c-22c4-4a25-913e-8c35c9765eef,Tomàquet de pera 1 u.,0.54,0.49,2026-04-08 09:10:07
2862,50b3ce07-1197-4296-8a68-5db8f14264c0,CRÜ Carbassó Km0 en cinta de 400 g,4.99,2.09,2026-04-08 09:10:08
2863,22a1003b-eb41-453a-a2b7-0d65e5ba030b,Ceba ecològica en bossa d'1 Kg,3.99,2.99,2026-04-08 09:10:08
2864,c92bf1f1-e762-4e81-b780-54cfc4f2fbf1,Poma Tessa Km0 1 u.,2.69,0.54,2026-04-08 09:10:08
2865,c0c733dc-a57e-40eb-9ee5-b576827c1059,Tomàquet rosa 1 u.,3.99,1.07,2026-04-08 09:10:08
2866,2726e356-0bfe-40dd-8cbf-2288c9f742b3,Tomàquet verd 1 u.,0.68,0.77,2026-04-08 09:10:08
2867,00f9f231-b8a7-419b-a4a1-ed89b7441ada,Maduixots en caixa d'1 kg,5.99,4.99,2026-04-08 09:10:09
2868,2b41944a-c7ca-40a5-948b-b03b27921837,Meló sencer 1 u.,5.98,5.48,2026-04-08 09:10:10
2869,3f44c6a6-3ab9-4e3b-807f-57095dd901e5,Síndria 1 u.,13.91,14.28,2026-04-08 09:10:11
2870,a4fcf377-dbb3-4107-b0bc-45580b21a526,BONPREU Llonganissa extra de pagès Bonpreu en talls de 150 grams,3.0,19.99,2026-04-08 09:10:12
2871,f8a008a4-f928-41b3-99c5-f8558b8e1736,CAMPOFRIO Pernil cuit extra Campofrio en talls de 200 grams,3.0,14.99,2026-04-08 09:10:12
2872,893d3003-5599-4b43-a1ab-2577ebea02c8,CAMPOFRÍO Pit d'indiot brasejat Campofrio en talls de 200 grams,3.8,18.99,2026-04-08 09:10:12
2873,7999fee0-ee95-4f0d-84ce-06753673fa1a,CASA FÍGOLS Llonganissa Casa Fígols en talls de 150 grams,4.48,29.85,2026-04-08 09:10:12
2874,bd27f4f6-3e26-489f-8405-a3db7eb68fe9,CUIT'S Pit d'indiot al forn Cuit's en talls de 150 grams,3.44,22.95,2026-04-08 09:10:12
2875,48c26fbb-407c-492c-a95f-81781eac9f9b,EL POZO Pit d'indiot reduït en sal El Pozo en talls de 200 grams,2.99,14.95,2026-04-08 09:10:12
2876,c5cc11a9-82e2-455c-a63c-1fc4d900d0b3,LEGADO Espatlla d'enceball ibèrica en maletí,44.95,55.0,2026-04-08 09:10:12
2877,9e60dc96-27f7-4d18-a871-540acac2cf06,CARLIT Baiona de la Cerdanya Carlit en talls de 100 grams,2.0,19.99,2026-04-08 09:10:13
2878,78a3bb0f-1b43-42c2-a7e9-1257f2396d03,CASA CRUELLS Botifarra negra Casa Cruells en peça de 350 grams,5.2,14.85,2026-04-08 09:10:13
2879,8941e5ba-1062-407a-8feb-e8e9aa8f9723,CASA FORNER Paté d'ànec 4 pebres Casa Forner en porció de 125 grams,3.04,24.29,2026-04-08 09:10:13
2880,d0f4d9d8-a5e8-4ca0-ae0a-f512bb74bf7b,FERJU Xoriço de Lleó Ferju en peça de 460 grams,9.18,19.95,2026-04-08 09:10:13
2881,ac7d59d3-7b5b-48c9-8b1c-36dbc20dbe18,FERJU Xoriço picant de Lleó Ferju en peça de 460 grams,9.18,19.95,2026-04-08 09:10:13
2882,df43d23d-c949-42a0-89d6-7bbddb922dc9,PEDRAGOSA Fuet Km0 Pedragosa en peça de 200 grams,3.99,19.95,2026-04-08 09:10:13
2883,c6716030-2eaf-4537-95c2-520088d5125a,SALGOT Bull de llengua i fetge Salgot a talls de 150 grams,2.92,19.49,2026-04-08 09:10:13
2884,208d0bb0-2359-4cdc-9708-5957eea6b0cc,SALGOT Somaia Salgot en peça de 200 grams,6.0,29.99,2026-04-08 09:10:13
2885,5291fa20-8441-4695-8a40-476107dccb3a,ARGAL Pit d'indiot rostit,2.79,2.89,2026-04-08 09:10:15
2886,adab5557-66fe-4e2a-a5d8-7f451d2633b8,ARGAL Pernil cuit Argal Bonnatur en talls de 200 grams,15.75,3.15,2026-04-08 09:10:17
2887,c483c97c-b76e-406e-b95c-19e7365c3a95,EL POZO Xòped porc Family,1.4,1.3,2026-04-08 09:10:17
2888,f886352c-a145-4838-b3e3-02c1a078e98d,CAPDEVILA Foie gras d'ànec mi-cuit,7.95,6.99,2026-04-08 09:10:18
2889,14f077b0-808c-4dee-9c45-3916f2117a02,BONPREU Sobrassada cular IGP de Mallorca Bonpreu en talls de 150 g,14.59,2.19,2026-04-08 09:10:19
2890,199fd74a-fa31-4710-9ddb-4a6c761c137a,CAPDEVILA Mousse Foie Gras d'ànec,2.59,2.79,2026-04-08 09:10:19
2891,615ae1c0-8dd6-40cf-8d63-150b7974187b,EXENTIS Llonganissa reserva Exentis en talls de 150 grams,26.39,3.96,2026-04-08 09:10:19
2892,e89ab7a7-5354-49b6-b12b-596640b21fbd,LA MILANESA Mortadel·la amb olives La Milanesa en talls de 100 grams,19.99,2.0,2026-04-08 09:10:19
2893,1cd951c3-5514-466a-add0-b03fe2cb8889,LA SELVA Llom curat amb pebre La Selva en talls de 100 grams,29.95,3.0,2026-04-08 09:10:19
2894,43b0e5e2-e530-4616-a9c5-e948fb027b41,CAN DURAN Llonganissa al pebre Can Duran en talls de 150 grams,25.39,3.81,2026-04-08 09:10:20
2895,4dab225c-f0bb-46fb-b06c-9882491627b0,NAVIDUL Pernil serrano reserva Navidul en talls de 150 g,33.69,5.05,2026-04-08 09:10:20
2896,9f0435b1-e0cd-465e-84c1-8baf9e88b430,BONPREU Formatge Parmigiano Reggiano,4.49,9.95,2026-04-08 09:10:24
2897,4990aabd-35d9-4834-92ed-67bf54fd651a,BONPREU Formatge anyenc,4.79,9.95,2026-04-08 09:10:24
2898,cddc6a30-989b-4f77-938d-3b16e8b21e4b,EL CASERIO Formatge fos a talls,2.7,2.85,2026-04-08 09:10:24
2899,392ff57a-3fb1-4fff-b9da-2452b76f8fb2,PHILADELPHIA Formatge fos light,3.69,3.99,2026-04-08 09:10:24
2900,3528fb4f-006d-4fe9-8767-5b378e42ea33,BETARA Formatge d'ovella ecològic Km0 al tall en porció,5.13,28.49,2026-04-08 09:10:25
2901,1f892d21-a1d9-477a-bece-9cf86a68b94b,BONPREU Formatge de cabra rotlle al tall en tros,3.2,15.99,2026-04-08 09:10:25
2902,ebbba5a1-eb84-41a3-a6b9-b0c23fd06554,BONPREU Formatge fresc de cabra i vaca al tall,3.0,9.99,2026-04-08 09:10:25
2903,bf59d09f-07c3-4833-b558-ccba6667f3d7,CADÍ Formatge crema al tall llescat,2.4,11.99,2026-04-08 09:10:25
2904,a0f85777-5094-4f7f-99da-198bbacd186f,CADÍ Formatge madurat light al tall llescat,1.87,12.49,2026-04-08 09:10:25
2905,b27cfde7-7f27-4c1f-989d-a2998b597194,CANTOREL Formatge Camembert gegant al tall,3.75,14.99,2026-04-08 09:10:25
2906,5ba5ad48-6bd0-42f5-9e97-8d53300a2358,ERMITA SAN LORENZO Formatge de cabra i vaca al tall llescat,2.99,19.95,2026-04-08 09:10:25
2907,5e05b356-800e-4095-9b04-aaf1f75901ac,MASGRAU Pastís de formatge Km0 al tall en porció,3.99,15.95,2026-04-08 09:10:25
2908,37a0fa6f-5439-4f4d-a0bc-953c713367de,MICHELANGELO Formatge parmigiano reggiano DOP al tall,6.39,31.95,2026-04-08 09:10:25
2909,756fba62-8c4a-4ae5-ac63-cc9b41270938,MONTBRÚ Formatge fresc de cabra Km0 al tall en porció,2.7,17.99,2026-04-08 09:10:25
2910,583f25ad-678d-474e-bced-a3d004bb77ee,MONTBRÚ Formatge sarró de cabra Km0 al tall en porció,7.49,29.95,2026-04-08 09:10:25
2911,44499347-3a6d-4eda-b348-dccc95df6aaa,MONTBRÚ Formatge tendre de cabra Lleugeret Km0 al tall porció,4.32,28.79,2026-04-08 09:10:25
2912,7d9a405d-1c5f-46df-8156-387d69426f1f,PICOS DE EUROPA Formatge blau IGP de Valdeon al tall,2.75,22.95,2026-04-08 09:10:25
2913,876ae29e-3944-4ea0-8451-381555c5b2cc,SWITZERLAND Formatge tête de moine AOP Suís al tall en flors,5.06,33.75,2026-04-08 09:10:25
2914,834cd65e-7390-471d-b8ff-fb46301676bb,UBACH Mató Km0 al tall,1.53,7.65,2026-04-08 09:10:25
2915,9be78bad-f6ce-4cf2-9381-65cfe7c8fa2f,BETARA Formatge d'ovella super or Km0 al tall en porció,4.77,26.49,2026-04-08 09:10:26
2916,67909f62-d124-4577-9ce1-311825ee5cb8,BETARA Formatge semicurat de cabra farcell Km0 al tall en porció,7.82,26.05,2026-04-08 09:10:26
2917,541d23d3-06e2-4cd0-9e0f-2e38c656ecba,BONPREU Formatge d'ovella rodó al tall en porció,4.5,14.99,2026-04-08 09:10:26
2918,091d5bbe-5e98-48fe-9639-c9a3325826a9,CAN PONSA Mató Km0,2.05,10.25,2026-04-08 09:10:26
2919,ef946e3c-29a7-440b-b189-a9b60543977c,EL PASTOR Formatge de cabra semicurat Delícies al tall en porció,7.92,26.39,2026-04-08 09:10:26
2920,4b375b00-5394-47f4-952b-2a3d1b69c3f7,EL PASTOR Formatge de vaca i ovella semicurat al tall en porció,3.08,11.19,2026-04-08 09:10:26
2921,4e720fb2-dc3e-4cec-a307-e4f1585d53f0,EL TORRAT Formatge madurat de vaca i cabra ecològic al tall en porció,5.5,21.99,2026-04-08 09:10:26
2922,bc3f5232-8253-49ce-b590-f6bfe0cb0e68,EMMI Formatge Appenzeller de vaca curat al tall en porció,5.99,29.95,2026-04-08 09:10:26
2923,af6bb577-a1f4-4eb6-bbcc-fc8f03f7cbe6,EMMI Formatge gruyère Kaltbach AOP,6.79,33.95,2026-04-08 09:10:26
2924,bd52c8e1-d3ae-49e0-8832-d1ef4c4b03d4,EMMI Formatge gruyère suís AOP al tall,5.92,29.59,2026-04-08 09:10:26
2925,59fa088c-2ff3-4136-bdb5-ff0d7229674f,FLOR DE ESGUEVA Formatge d'ovella sec al tall en porció,5.67,28.35,2026-04-08 09:10:26
2926,f5fc6aeb-9fcf-4b71-8ad1-d089320ed70c,LA CABRA FELIZ Formatge de cabra i vaca light al tall porció,6.15,20.49,2026-04-08 09:10:26
2927,82e45c6a-1523-4190-bbd2-3763708dc242,LA CLEDA Formatge d'ovella semicurat Km0 al tall en porció,9.9,29.99,2026-04-08 09:10:26
2928,4edd88b5-8005-4aa9-a780-66f828000e46,MAS ROVIRA Formatge de cabra Rústic Km0 al tall en porció,4.17,27.79,2026-04-08 09:10:26
2929,fa1447af-445d-4862-acb3-0e3157632b73,MONTBRU Formatge curat de cabra Km0 al tall en porció,8.49,33.95,2026-04-08 09:10:26
2930,326d9165-4cdb-4e2d-a0b0-a34121f42d18,MONTBRÚ Formatge de cabra novell Km0 al tall,5.36,26.79,2026-04-08 09:10:26
2931,f13a3178-0a4d-459b-8c39-53a27024fc41,MUNTANYOLA Formatge de cabra Garrotxa  Km0 al tall en porció,8.09,26.95,2026-04-08 09:10:26
2932,03e1639e-a7ce-4677-9482-fcfb88ce3212,MUNTANYOLA Formatge ecològic curat amb cervesa Km0 al tall en porció,3.29,21.95,2026-04-08 09:10:26
2933,40ac1ef8-817c-4c98-9777-358491ce1fd5,MUNTANYOLA Formatge vell reserva de cabra Km0 Muntanyola en peça variab,5.45,36.36,2026-04-08 09:10:26
2934,f8a0073e-6ef9-45b8-8485-1296236bf736,NAZARETH Formatge light al tall llescat,3.37,22.49,2026-04-08 09:10:26
2935,ff97eab3-6371-4636-90c9-82632350939c,OLD AMSTERDAM Formatge de vaca al tall en porció,3.28,21.89,2026-04-08 09:10:26
2936,d96943a9-9446-4876-bbb4-53b08112f25a,ST. GIL Formatge de cabra Garrotxa Km0 al tall en porció,5.29,26.45,2026-04-08 09:10:26
2937,223c213e-e320-405f-927f-adb7929b605a,TERRITORI Formatge tendre al tall llescat,5.48,18.25,2026-04-08 09:10:26
2938,cb6f633d-8383-40c0-b9ce-257da3f62823,TROS DE SORT Formatge Roi semicurat Km0,5.19,25.95,2026-04-08 09:10:26
2939,a8a5874b-0f66-44ce-8dd0-62b99d82e875,TROS DE SORT Formatge de vaca Kuadrat Km0 al tall,4.18,20.9,2026-04-08 09:10:26
2940,c7fae4fe-b808-4d38-856b-d1c5d233a177,UBACH Formatge curat de cabra 349 Km0 al tall en porció,6.64,29.49,2026-04-08 09:10:26
2941,f47ff6c0-0389-42d2-bf4b-2c5aad136f3b,UBACH Formatge curat de vaca Pastura Km0 al tall en porció,4.31,17.95,2026-04-08 09:10:26
2942,83ea1c1f-f133-4726-9302-9ccfcce5da99,GARCIA BAQUERO Formatge de barreja curat La Cava Artes al tall en porció,7.91,22.6,2026-04-08 09:10:27
2943,c386a82a-fab5-4bc4-81e8-ab97b94d3376,GARCIA BAQUERO Formatge de barreja semicurat amb tòfona al tall en porció,4.38,21.9,2026-04-08 09:10:27
2944,8625fce4-9c03-4b8e-95c0-bacdd5bb0fc6,LOS MELESES Formatge Los Meleses Km0 al tall,9.99,28.55,2026-04-08 09:10:27
2945,09c8bd84-76e6-4d18-9e48-6e85c729e134,MAMA VACA Formatge de vaca fresc al tall en porció,2.4,7.99,2026-04-08 09:10:27
2946,57e1cfc2-0142-485b-81b5-83e77a5bb359,PHILADELPHIA Formatge fos natural,3.69,3.99,2026-04-08 09:10:27
2947,ed9bd687-ed7b-48e9-a5f8-4adb57fdd490,RIO VERO Formatge de cabra Rio Vero Km0 al tall,11.45,32.7,2026-04-08 09:10:27
2948,9a613a9e-f34f-4ae0-bc81-0051a5355a45,SAN PELEGRÍN Formatge de cabra Km0 al tall,10.75,30.7,2026-04-08 09:10:27
2949,56b5e6a4-73bc-4b4b-8512-e790d7591b27,SERRA DEL TORMO Formatge d'ovella Km0 al tall en porció,8.92,25.49,2026-04-08 09:10:27
2950,5f223234-d492-4c78-bd3d-616a33c840ee,SERRA DEL TORMO Formatge semi d'ovella Km0 al tall en porció,7.7,21.99,2026-04-08 09:10:27
2951,2ac9095e-a052-4b67-826e-62f5630894ed,SERRAT DEL TRIADOR Formatge curat Km0,15.57,25.95,2026-04-08 09:10:27
2952,817caf35-0854-4afa-8b4a-c3367c505972,SIERRA DE SEVIL Formatge Sierra de Sevil Km0 al tall,9.99,28.55,2026-04-08 09:10:27
2953,c0d2db46-f2e3-45d3-9a1f-015d0dcf9cc4,EL CASERIO Formatge en pols especial pasta,1.63,1.65,2026-04-08 09:10:28
2954,d1a08366-4627-45ff-81be-ee654109d972,EL CASERIO Formatge ratllat especial pasta,1.63,1.65,2026-04-08 09:10:28
2955,be29a658-a890-4684-9253-5fef3ddd6845,PHILADELPHIA Formatge fos natural,2.55,2.59,2026-04-08 09:10:28
2956,37b0f8dc-6dae-4599-89ea-f7fabeee4a2c,EL CASERIO Formatge fos a porcions,2.99,3.15,2026-04-08 09:10:29
2957,14e50eab-5c1f-42df-8e60-f1ecce52b39a,PHILADELPHIA Formatge fos natural light,2.55,2.59,2026-04-08 09:10:29
2958,d9e6aa9e-a36c-4764-bd6e-16a3b6e203bf,EL CASERIO Formatge cheddar per a burger,2.55,2.7,2026-04-08 09:10:30
2959,e7b8c224-7af7-41d1-b5a8-bf5e0b9b72d3,PHILADELPHIA Formatge fos natural,1.8,1.89,2026-04-08 09:10:30
2960,f01025af-3631-4f12-b713-7bd5ba547d95,PHILADELPHIA Formatge per untar sense lactosa,2.79,2.85,2026-04-08 09:10:30
2961,fad2a5f1-db85-431c-8f4c-8bfdadfd9de7,PHILADELPHIA Formatge per untar vegetal,2.99,3.15,2026-04-08 09:10:30
2962,bd27091d-9255-4b3f-9a51-64d8d659494e,EL CASERIO Formatge sense lactosa,2.45,2.6,2026-04-08 09:10:31
2963,a148eebe-aefa-47cf-a363-235dd5863db0,PHILADELPHIA Formatge fos amb fines herbes,2.7,2.69,2026-04-08 09:10:31
2964,51ccf6c6-67f5-43eb-9929-9510f146fb6a,EL PASTOR Formatge de cabra rull,7.39,7.75,2026-04-08 09:10:32
2965,ea8f4ac4-2efa-4546-91cf-5c6b108486bf,PHILADELPHIA Formatge fos amb salmó,2.7,2.69,2026-04-08 09:10:32
2966,31f623c8-17c4-453e-873c-e157f163c12d,CADÍ Formatge Neu al tall,17.23,3.45,2026-04-08 09:10:33
2967,3386e97b-5c9e-4be8-bd96-c746d2779266,GARCíA BAQUERO Formatge curat reserva al tall en porció,21.3,4.69,2026-04-08 09:10:33
2968,55926cd7-397c-499e-9723-584f28913a3d,CHAMOIS D'OR Formatge Brie al tall,27.85,4.18,2026-04-08 09:10:34
2969,c81e3ee6-c641-4ac8-85ac-84633c2066b5,SOMBRERO DE COPA Formatge tendre Edam al tall en porció,10.99,1.65,2026-04-08 09:10:34
2970,ec122f18-cd9e-4eef-8d6d-a2b03605f797,BONPREU Blanqueta de pollastre,3.13,6.25,2026-04-08 09:10:35
2971,30e4ae43-8001-4093-867e-a77ec9aae5bc,BONPREU DE L'ERA Burger de bistec picat,7.25,6.99,2026-04-08 09:10:35
2972,29a001ab-f994-471d-a0b5-aa9535920aa4,BONPREU DE L'ERA Xurrasco de vedella ecològic,5.51,15.75,2026-04-08 09:10:35
2973,9bbf9c01-133e-4c6b-9be4-07135150d611,BONPREU Llom de conill,5.36,15.99,2026-04-08 09:10:35
2974,627a33ed-8ecf-4eb5-acb6-a9a7d8c73ff9,BONPREU Llom de porc,3.15,8.99,2026-04-08 09:10:35
2975,78fc6799-7c3c-43ab-a06a-02b0578816e8,Llom arrebossat amb formatge i pernil,2.08,15.99,2026-04-08 09:10:35
2976,a0f86bad-525c-438b-a32f-1ff1715c3737,BONPREU Burger meat de vedella,6.25,6.35,2026-04-08 09:10:36
2977,37482fde-fe21-49d9-87d8-4a23774cf92f,BONPREU Carn magra del coll,8.85,3.98,2026-04-08 09:10:39
2978,bc1ea11b-55cd-4259-bb14-b91e0065248e,BONPREU Espatlles de conill,18.99,6.97,2026-04-08 09:10:41
2979,aad4b4dc-7d89-4932-a586-d90959977846,BONPREU Tira de costella de porc,7.35,5.88,2026-04-08 09:10:41
2980,049ed10f-f3aa-4ac7-81d7-f953047b30f5,Burger meat de vaca madurada,3.85,3.95,2026-04-08 09:10:41
2981,2ea4e42b-d9f2-48ad-833a-97688219b276,BONPREU DE L'ERA Entrecot de vedella madurat,37.49,11.25,2026-04-08 09:10:42
2982,2ece3e6f-498c-4401-81af-0230e39f2a29,BONPREU Xai del país,25.99,22.09,2026-04-08 09:10:42
2983,eb08dcd5-f5c4-4ba6-9d6c-ec5ec825d36f,BONPREU DE L'ERA Conill sencer d'ulls negres,12.49,14.74,2026-04-08 09:10:44
2984,6e38b35d-cf4c-41fc-8f1d-cd6d5fa4447e,MARINERAS FRESKIBO Hamburguesa de lluç i gambes en safata de 2 unitats,2.99,2.79,2026-04-08 09:10:46
2985,72566ff3-e7ce-4d5c-8a9b-5272e40526dd,MARINERAS FRESKIBO Hamburguesa de lluç i gambes en safata de 4 unitats,5.49,4.99,2026-04-08 09:10:46
2986,43a45fe5-027b-45ac-ab9c-2577dd1f9918,Calamar del cap,7.65,16.99,2026-04-08 09:10:47
2987,bfa15bb8-05c4-442d-96be-79b708574d48,Llagostí vannamei cuit,4.69,4.49,2026-04-08 09:10:47
2988,f46bb6d5-2cc3-47d4-ab43-5c13277251b1,Truita Irisada,2.5,9.99,2026-04-08 09:10:47
2989,38bdcace-6223-45dd-841a-e62ce2ffb5e8,Filet de Gallineta Oceànica,14.99,1.87,2026-04-08 09:10:48
2990,f9ef945a-cbf3-4b90-8514-6c394ba37102,Orada (unitat),4.49,4.59,2026-04-08 09:10:48
2991,2a902762-dbed-4a39-9ca4-98eac77f75e9,Llagostí Vannamei cuit,12.99,3.25,2026-04-08 09:10:49
2992,233491c6-456c-4bdc-825d-8ff77fa30847,MERIPUL Pota de pop cuita pasteuritzada,14.99,13.99,2026-04-08 09:10:49
2993,de593e2f-f497-45d8-aed7-29be29c70e36,Musclo en malla d'1 kg,3.29,3.49,2026-04-08 09:10:49
2994,aa34d52e-c2d3-475a-844e-896dfd310ea8,Sípia faraònica neta,16.99,7.65,2026-04-08 09:10:49
2995,7ca81e82-76f6-46f8-8751-70783288ba47,Cua de rap,32.99,29.99,2026-04-08 09:10:50
2996,0bc63af7-8cbb-468e-b5cf-edd6cea745a2,Filet de Bacallà salat 400/700,27.99,9.8,2026-04-08 09:10:50
2997,b6a1403d-e197-4cb8-bf54-3db83f317bb2,Rap sencer,15.99,14.99,2026-04-08 09:10:50
2998,447ad517-7450-4a34-9e6d-0dba37085f89,LE BRIÓ Burger brioix,6.25,2.99,2026-04-08 09:10:52
2999,45ae826e-d925-44b2-9235-9f23543580cb,MAS ROVIRA Formatge de cabra Garrotxa Km0 al tall en porció,5.3,26.49,2026-04-08 09:10:54
3000,2ecf44a3-9c34-4ff0-bb36-65b80a7d6f9f,BRUNAT Formatge de vaca Bruna dels Pirineus Km0 al tall en porció,5.09,25.45,2026-04-08 09:10:55
3001,61cf3d19-9227-4abf-b554-9ec817e164fe,TERRA I TAST Carxofes cuites,2.65,2.99,2026-04-08 09:11:01
3002,4dfda987-994e-480a-9e94-9a3d4fbd0d73,CASA MAS Canelons de carn rostida gratinats 3u.,4.19,4.49,2026-04-08 09:11:03
3003,77f3b14d-8593-4796-97dc-2d913c0899f8,CASA MAS Macarrons a la bolonyesa gratinats,3.99,3.85,2026-04-08 09:11:04
3004,2f08f604-8dd7-40eb-8f21-6aaaa0578706,BROOKLYN TOWN Burger Instant Bacon,4.95,4.25,2026-04-08 09:11:05
3005,4518d3fb-4f34-4e18-834e-933ef1363f2f,VEGALIA Pizza de verdures,2.99,3.09,2026-04-08 09:11:05
3006,31747aac-ae28-48e3-bc63-61dec2e47561,BROOKLYN TOWN Burger Instant Cheese,4.95,4.25,2026-04-08 09:11:07
3007,5f2e29f1-0d95-4a50-8ea7-12a50e578d1f,CARBONELL Oli d'oliva verge extra,8.45,11.95,2026-04-08 09:11:12
3008,27c7e7f1-bfe8-42d7-9006-08d05c54cdb9,BONPREU Pebre negre molt,1.05,0.95,2026-04-08 09:11:13
3009,723a2fc8-8e3e-41e2-9caa-96d5dd73d111,HOJIBLANCA Oli d'oliva verge extra,8.59,8.69,2026-04-08 09:11:13
3010,a3c28a54-0784-4c2b-b149-aab8b27f9ff6,LAY'S 3D'S BUGLES Cons de blat de moro,1.69,1.5,2026-04-08 09:11:20
3011,c92a69f7-aefa-4e38-8c32-ba02b5197a11,LAY'S Patates fregides Mediterrànies,9.95,1.99,2026-04-08 09:11:20
3012,f0dfd066-1099-47fb-9461-ce95be1be35f,LAY'S Patates fregides al punt de sal,1.5,1.89,2026-04-08 09:11:20
3013,0ee402a5-c313-405f-8c14-8fc8c84e9f04,GREFUSA Pipes el Piponazo original,2.79,2.89,2026-04-08 09:11:21
3014,f5e9d649-fc65-41c3-b8bb-6e639dd9883a,SANTA ANA Patates,1.69,1.5,2026-04-08 09:11:21
3015,486572bc-84ff-4a16-bfbd-61ca7b2c3b25,TUC Aperitiu Tuc Original,1.25,1.35,2026-04-08 09:11:22
3016,3a77da6a-17af-4eb6-a2bd-947114237575,GREFUSA Pipes el Piponazo Aiguasal,2.79,2.89,2026-04-08 09:11:23
3017,1741fe78-4bfd-463b-83cb-ff54f030f294,BONPREU Triangles de blat de moro amb gust de formatge,0.95,0.9,2026-04-08 09:11:25
3018,500b24df-2e0d-473e-bf4f-2fbddd109db7,TUC Aperitiu Tuc Formatge,1.49,1.63,2026-04-08 09:11:26
3019,c7d45f31-e088-442a-a6fb-f6ad868c4e40,TUC Crackers original,2.9,2.95,2026-04-08 09:11:26
3020,ec11323b-d00b-48ce-9571-9939dbb97ba6,DOLCE GUSTO Càpsules de cafè Espresso Intens,54.65,8.55,2026-04-08 09:11:31
3021,84928256-c7ab-489c-b3d5-c167740de834,DOLCE GUSTO Càpsules de cafè amb llet,54.65,8.55,2026-04-08 09:11:31
3022,83021dc2-771b-4c83-8af9-c1ef79c3e5a7,DOLCE GUSTO Càpsules de cafè espresso intens descaf.,54.65,8.55,2026-04-08 09:11:31
3023,ac1dc9cd-a2fd-443e-8737-4d2724bd6600,BONKA Cafè molt barrejat,5.95,8.99,2026-04-08 09:11:32
3024,a8cbac24-f69a-4755-9297-d38df370ef4e,BONKA Cafè mòlt natural,5.95,8.99,2026-04-08 09:11:32
3025,4925f0d6-c533-4ce1-ab4b-2b531245e0bf,DOLCE GUSTO Càpsules de cafè espresso ristretto,54.65,8.55,2026-04-08 09:11:32
3026,cfd743b6-913c-40ee-aac5-854e2042d96f,BELVITA Galetes de cereals amb llet,2.7,2.95,2026-04-08 09:11:40
3027,b7908324-c958-46a2-b117-56dff819a1bf,FONTANEDA Galetes fines de xocolata amb llet,1.79,1.95,2026-04-08 09:11:40
3028,0d31dd64-6a4b-4ecc-ae7c-ff726e24227d,MILKA Galetes de xocolata amb llet,3.25,3.4,2026-04-08 09:11:40
3029,4f02cee1-98e5-4bf6-bab7-0f4980534ce9,MILKA Galetes farcides xocolata,3.25,3.4,2026-04-08 09:11:40
3030,0c98f04a-ff9a-4e4b-89c5-6d67fd8e895c,MILKA Galetes fines de xocolata amb llet,1.99,2.4,2026-04-08 09:11:40
3031,a415a405-25e9-426d-a131-443284d09af2,MILKA Galetes mini waffers,2.39,2.6,2026-04-08 09:11:40
3032,0282e8c7-16e7-4e21-b54f-76b69546adfb,MILKA Galetes neula ChocoWafer,3.35,3.49,2026-04-08 09:11:40
3033,f890f78d-615c-4918-8015-f4b365905a4d,MILKA Galetes sensations,3.65,3.9,2026-04-08 09:11:40
3034,19585775-ad6b-4cbc-b350-1aff8a81b47e,NATURE VALLEY Barretes de cereals de cacauet i xocolata,3.85,5.95,2026-04-08 09:11:40
3035,8fd127f5-0eda-4bcf-8445-75e62d5eebed,OREO Galetes de cacau farcides doble crema,1.85,5.95,2026-04-08 09:11:40
3036,5ebed8aa-5d0d-494c-a46d-479475614430,PRINCIPE Galetes amb xocolata amb llet Estrella,2.75,2.95,2026-04-08 09:11:40
3037,a330a9ef-39b9-4186-8ec3-edb4b651cc47,PRINCIPE Galetes amb xocolata blanca Estrella,2.75,2.95,2026-04-08 09:11:40
3038,00d043ed-7da5-452d-9c8c-c01f02f2220b,BONPREU Cookies amb trossos de xocolata,0.85,0.8,2026-04-08 09:11:41
3039,76f8a878-5731-4967-94a0-0bb289d017d8,BONPREU Flocs de civada,0.89,0.85,2026-04-08 09:11:41
3040,ac7514f6-a3b5-479d-9ee3-0c42aca2fd20,CHIPS AHOY Galetes mini amb xocolata,1.95,1.99,2026-04-08 09:11:41
3041,11df3851-ac85-4301-8501-2177aa9c7ff4,BIRBA Galetes Mediterrània Núria,6.99,4.6,2026-04-08 09:11:42
3042,4d37f4e0-6091-4836-9060-9ede98d98abd,BONPREU Galetes Digestive,1.6,1.55,2026-04-08 09:11:42
3043,4a212b63-f4c6-4905-87ee-e6c796824257,BONPREU Galetes Maria Daurades,1.4,1.35,2026-04-08 09:11:42
3044,9027f8ca-0408-464e-906e-a3715cc78358,BONPREU Galetes cookies amb trossos de xocolata i xocolata amb llet,1.45,1.4,2026-04-08 09:11:42
3045,9f32b618-d9ce-4ba7-bc7f-e92b67b6b92c,BONPREU Galetes de cereals en forma d'animals,1.55,1.49,2026-04-08 09:11:42
3046,964a81a4-5aae-4f22-8ed8-36a4dc2cdcb5,BONPREU Galetes farcides de crema de xocolata,0.75,0.7,2026-04-08 09:11:42
3047,4762c59d-39e6-41ec-b46c-608b50bf13af,FONTANEDA Galetes fines de xocolata,1.79,1.95,2026-04-08 09:11:42
3048,3b549bf1-94a1-4fbd-bbf5-678e60ee6396,FONTANEDA Galetes fines de xocolata amb llet Digestive,2.8,2.95,2026-04-08 09:11:42
3049,627509c3-a91d-464f-b012-53c29a895660,FONTANEDA Galetes fines de xocolata negra Digestive,2.8,2.95,2026-04-08 09:11:42
3050,fa987e83-0926-4bef-a26c-da1b15b639b5,FONTANEDA Galetes integrals MarieLu,3.75,3.9,2026-04-08 09:11:42
3051,a9359b1e-66b3-4060-901d-b07e46380d38,MIKADO Galetes banyades de xocolata amb llet,2.25,2.3,2026-04-08 09:11:42
3052,097c992b-5822-4d6f-8887-ead11a7fd718,MIKADO Galetes banyades de xocolata negra,2.25,2.3,2026-04-08 09:11:42
3053,ed2174f7-6193-45e1-9f59-e4f590af81db,OREO Galetes de cacau farcides de crema,1.6,1.7,2026-04-08 09:11:42
3054,2e515c76-7ee8-48c7-969c-4f618ddef0ae,OREO Galetes mini de cacau farcides de crema,1.95,1.99,2026-04-08 09:11:42
3055,268726e3-4105-4a52-9206-fe705df04273,PETIT ÉCOLIER Galetes amb xocolata,2.95,3.15,2026-04-08 09:11:42
3056,5fd2f663-d0f7-4bc5-b2ab-e9cab9ed8348,PIM'S Galetes amb xocolata i melmelada de gerds,2.29,2.99,2026-04-08 09:11:42
3057,069e4032-7174-45db-abd1-2445fade1673,PIM'S Galetes amb xocolata i melmelada de taronja,2.29,2.99,2026-04-08 09:11:42
3058,9493f055-48b8-4ce8-b328-21973164c889,PRINCIPE Galetes farcides de crema de xocolata,5.85,5.99,2026-04-08 09:11:42
3059,c07e31e2-acbb-4b20-bc75-f970b736a424,PRÍNCIPE Galetes mini farcides de crema de xocolata,1.95,1.99,2026-04-08 09:11:42
3060,5777a049-aa7b-409c-bd67-71b5df058f00,BONPREU Galetes Maria Clàssiques,1.4,1.35,2026-04-08 09:11:43
3061,5fe067e1-15f9-424e-a5c2-1df2242752d6,BONPREU Galetes amb mel,1.5,1.4,2026-04-08 09:11:43
3062,e0c6df09-f389-4736-be9f-feec1d0d29e9,BONPREU Galetes torrades,1.4,1.35,2026-04-08 09:11:43
3063,39ad27cf-197a-4a71-9296-bfc820338ef7,FONTANEDA DIGESTIVE Galetes de poma i civada,1.0,1.15,2026-04-08 09:11:43
3064,d14787b1-8f90-4138-be33-a0252d31f3d3,MIKADO Galetes banyades de xocolata blanca,2.25,2.3,2026-04-08 09:11:43
3065,4ef0d4c5-07c5-44bb-802d-ea129482d8ad,OREO Galetes de cacau farcides de crema,2.6,2.72,2026-04-08 09:11:43
3066,033b8f46-72b9-449c-a5f2-da9cfb840b66,BELVITA Galetes amb xocolata,2.7,2.95,2026-04-08 09:11:44
3067,91026c87-5e85-4a79-8ff6-f8c65b04d12a,CHIPS AHOY Galetes amb xocolata,2.4,2.5,2026-04-08 09:11:44
3068,39c4fbea-42e6-4e79-b9ee-906421a0c509,OREO GOLDEN Galetes farcides de crema sabor vainilla,1.6,1.7,2026-04-08 09:11:44
3069,a63f5c5e-3c85-4bff-8d4f-11be40e3362b,PRINCIPE Galetes amb xocolata Maxichoc,2.55,2.75,2026-04-08 09:11:44
3070,9b0ad2eb-d1b1-418a-8465-ddbd3cebf83d,ESGIR Mix de cereals de xocolata 0% sucres,2.55,2.45,2026-04-08 09:11:45
3071,379921cb-900c-4089-8a60-6107c60e270f,MILKA Galetes Oreo Sensations Cookies,3.99,3.9,2026-04-08 09:11:46
3072,7922339f-124b-4200-bcc1-04d1d6bfd4f1,OREO Galetes sabor vainilla i gerds,1.65,1.73,2026-04-08 09:11:47
3073,a0771982-3c4f-4e38-95eb-6968f0691d82,OREO Galetes farcides de crema amb sabor de vainilla i tiramisú,1.65,1.73,2026-04-08 09:11:48
3074,6402a4ac-b457-4aff-9bf7-7be1405947ee,KITKAT Mini barretes de xocolata amb llet i galeta,3.25,5.95,2026-04-08 09:11:50
3075,9980ba80-68b2-4a24-8486-030833a0301d,MILKA Xocolata amb llet i ametlles,2.55,2.85,2026-04-08 09:11:50
3076,f7d25eaf-f3c8-4fd4-97ca-434d5fbde439,MILKA Xocolata amb llet i avellanes,2.55,2.85,2026-04-08 09:11:50
3077,826517fd-ac98-4eeb-9195-877e83aac271,BLANXART Xocolata negra 85% de Nicaragua ecològica,6.99,3.95,2026-04-08 09:11:52
3078,a7c90662-9d07-4302-b835-9a9e3598b679,BONPREU Crema de cacau amb avellanes,1.95,2.05,2026-04-08 09:11:52
3079,14817783-36a6-4bf4-9120-6db37778fec8,BONPREU Crema de cacau amb avellanes de 2 colors,1.95,2.05,2026-04-08 09:11:54
3080,4af559b6-ce87-4a28-9cf1-d994e7d248c8,NOCILLA Barreta de cookies i crema,2.99,1.99,2026-04-08 09:11:57
3081,a309845c-c113-4902-b2f2-becf77d21979,SANT TOMÀS Figura Senglar de xocolata,22.95,15.95,2026-04-08 09:11:57
3082,780738b2-998e-41d2-9fdf-b5eee73ed74e,SANT TOMÀS Ou de xocolata blanca pintat a mà,19.95,14.95,2026-04-08 09:11:57
3083,9a201eaa-fed0-466a-b70a-60dff6ae590f,SANT TOMÀS Ou de xocolata negra pintat a mà,19.95,14.95,2026-04-08 09:11:57
3084,d1cf1924-cbca-4c82-b711-fab1dd9e8340,SANT TOMÀS Ou de xocolata negra pintat a mà sense sucre,19.95,14.95,2026-04-08 09:11:57
3085,8dc76082-a3c7-40b4-a41a-14d2aa98d382,DIAT RADISSON Torrades de lli ecològiques sense gluten,2.69,2.65,2026-04-08 09:12:01
3086,aadf5f93-96ed-4ca4-97fd-2c9654c3ca3e,PASQUIER Brioixos petits,2.75,2.65,2026-04-08 09:12:01
3087,f0f1cb4d-234c-40b3-89ab-a0e71440f4d4,BALLARÀ Pa de pessic de iogurt amb xocolata Km0,6.99,3.49,2026-04-08 09:12:04
3088,456e7b31-0d5e-4269-902a-b14908e67348,GAROFALO Pasta Primavera,1.79,11.95,2026-04-08 09:12:13
3089,1553f184-cfa0-40c9-b2f5-5106a7309c61,BONPREU Espirals amb vegetals,0.79,0.77,2026-04-08 09:12:15
3090,034594c4-7751-408f-a445-411a77a22a5c,BONPREU Llaços amb vegetals,1.09,0.99,2026-04-08 09:12:16
3091,cf11ae27-eb0f-4dbd-ae32-606d375905ff,RANA Raviolis  de ricotta i espinacs,3.95,3.99,2026-04-08 09:12:16
3092,7ae94176-acaf-4b57-9edf-7263b3a94e10,RANA Raviolis farcits de crema carbassa i ceba,3.95,3.99,2026-04-08 09:12:16
3093,82b2738a-dfb1-40b8-bb3b-bdabb3ba2a8b,RANA Raviolis farcits de bolets,3.95,3.99,2026-04-08 09:12:17
3094,f089cee0-0bd3-47d6-a37c-98586693569b,BONPREU Espirals,0.79,0.77,2026-04-08 09:12:18
3095,4d8c184e-41a9-488e-95b5-88213e792427,BONPREU Gira-sols farcits formatge de cabra i ceba,2.15,2.09,2026-04-08 09:12:18
3096,7f88f216-dd10-4de6-9397-e370195d50e9,BONPREU Gira-sols farcits de bolets i tòfona,2.59,2.09,2026-04-08 09:12:19
3097,d3da783e-4461-4fd6-9827-d72dd1aadfd1,BONPREU Gira-sols farcits de gorgonzola i nous,2.15,2.09,2026-04-08 09:12:20
3098,3ecd4456-6144-4564-bcc9-2e7774912662,BONPREU Margarides vegetals Km0,1.09,0.99,2026-04-08 09:12:21
3099,01ef11bc-40b7-4978-a4a7-7731105e5d03,CUCA Tonyina clara en oli d'oliva,5.99,11.95,2026-04-08 09:12:23
3100,441e95fc-3148-4e19-8f0d-619fda64b8bb,SERPIS Olives farcides d'anxova,9.95,2.59,2026-04-08 09:12:23
3101,3a3de52b-1339-40a1-af61-2bcdb4e99de4,CALVO Tonyina clara en oli de gira-sol,9.95,3.5,2026-04-08 09:12:27
3102,d4a1276a-dc0b-4f00-812a-4c9b9be069f3,BONPREU Macedònia de verdures,1.39,1.15,2026-04-08 09:12:28
3103,85e40aeb-efab-4b01-8670-5417eba1f076,CALVO Sardines petites en oli d'oliva,1.99,2.29,2026-04-08 09:12:29
3104,df694de2-2b4a-4ab9-b738-ba78779b657d,KUNG FU Pasta oriental sabor a vedella,0.99,1.09,2026-04-08 09:12:30
3105,a025c2ba-c8aa-4e77-a6f5-7e829b1b5043,KUNG FU Pasta oriental sabor a pollastre,0.99,1.09,2026-04-08 09:12:31
3106,1cf424f0-7290-458c-8ae8-ea02be33ede3,KUNG FU Pasta oriental sabor a marisc,0.99,1.09,2026-04-08 09:12:34
3107,75dcbd7a-97d9-46b7-ac0f-83f22c11ce54,BONPREU Espàrrecs blancs molt gruixuts,3.25,2.9,2026-04-08 09:12:36
3108,d1c6958f-e623-4346-881d-c3893b4bc859,SOCICARACOL Cargols cuits,4.59,4.99,2026-04-08 09:12:37
3109,bf0fc82e-0f01-4b5f-bb06-1c711213f575,BONPREU Brou de peix per a paella,1.99,1.89,2026-04-08 09:12:40
3110,48f9c18d-d445-45a6-a2ce-6bc4e25dc41c,BONPREU Quètxup,1.1,6.99,2026-04-08 09:12:43
3111,11ae0d81-0521-43c7-8927-cdb410675ef4,HELLMANN'S Maionesa,3.49,11.95,2026-04-08 09:12:43
3112,e23f0117-6f49-4385-a331-3bbe932cb568,SOLÍS Tomàquet fregit amb oli d'oliva,2.25,2.45,2026-04-08 09:12:43
3113,256d51b2-7372-4dd6-a324-a2b711dcb705,FLORETTE Salsa de Mòdena i mel,4.99,2.25,2026-04-08 09:12:45
3114,d20400ed-a9e8-4712-8656-8312a40f6a0f,GO-TAN Salsa Sriracha,3.29,3.49,2026-04-08 09:12:46
3115,1f4a19ba-30d9-4376-9f92-62801394e76b,MILKA Pastís de xocolata,4.89,5.2,2026-04-08 09:12:53
3116,1635447d-fb86-4d8e-a8e1-aa580ad5dc05,ROYAL Caramel líquid,3.0,3.05,2026-04-08 09:12:53
3117,683c4709-1595-4adc-a471-0f5a45d76ab9,ROYAL Crema catalana,1.8,1.89,2026-04-08 09:12:53
3118,d196b306-4799-4715-8db9-4e075341d259,ROYAL Gelatina de maduixa,2.85,2.89,2026-04-08 09:12:53
3119,bb877eb6-ba37-4e2b-96cc-f0ddb2c9bce9,ROYAL Gelatina neutra en pols,2.35,2.39,2026-04-08 09:12:53
3120,dff1de01-024f-4d18-9932-f834396475d7,ROYAL Gelatina sabor llimona,2.85,2.89,2026-04-08 09:12:53
3121,b8e93183-058a-42b9-9820-7044094ca2db,ROYAL Gelatina sabor llimona 0% sucres,2.85,2.89,2026-04-08 09:12:53
3122,c3bc57f6-2cfb-4b47-8b66-7e0929f3f793,ROYAL Gelatina sabor maduixa 0% sucres,2.85,2.89,2026-04-08 09:12:53
3123,63d7e3d0-fb6d-4494-81cc-65c027d661ec,ROYAL Gelatina sabor nabius 0% sucres,2.85,2.89,2026-04-08 09:12:53
3124,c4fe835f-6a4c-43bd-b654-4565ce493e4d,ROYAL Preparat per 8 flams,1.8,1.99,2026-04-08 09:12:53
3125,114907e1-ee9d-4d1b-976f-8777df55ffa1,ROYAL Preparat per a natilles,1.65,1.75,2026-04-08 09:12:53
3126,51de762c-45d9-4dec-ad91-8171dfde158f,ROYAL Preparat per pa de pessic,3.69,3.85,2026-04-08 09:12:53
3127,4d52ebcf-ba8c-47d2-a460-c031a9c9c2e8,ROYAL Preparat per pastís amb Oreo,4.49,4.65,2026-04-08 09:12:53
3128,170eda22-650b-47fd-8ff1-640c47cea3a4,ROYAL Preparat per tortites,1.45,1.5,2026-04-08 09:12:53
3129,938407a2-82c2-489b-ad64-118990d0d355,ROYAL Quallada,1.45,1.6,2026-04-08 09:12:53
3130,888a7110-0db6-4ac2-a971-e5172a520bd8,ROYAL Xarop de xocolata amb llet,3.99,4.2,2026-04-08 09:12:53
3131,e01a7afc-aa63-42db-8c3c-f1a29e2b3351,ROYAL Preparat per pastís de formatge,4.45,4.7,2026-04-08 09:12:54
3132,c6a166c2-cfc5-45d2-837b-8bcc3d12943a,HALLS Caramels gust mel i llimona,2.95,2.99,2026-04-08 09:13:01
3133,4390af54-8c5a-423b-af71-336be541998f,HALLS Caramels sense sucre extra forts,2.95,2.99,2026-04-08 09:13:01
3134,85c88288-4553-42ed-ac65-deded9628c82,HALLS Caramels sense sucre gust mentolat,2.95,2.99,2026-04-08 09:13:01
3135,a42cdee1-a632-4c6d-b9e1-544304b3f0f0,RESPIRAL Caramels d'eucaliptus mentolats,1.95,1.99,2026-04-08 09:13:01
3136,ffe5b9f1-dee3-4fcd-a790-068032322d24,HALLS Caramels sense sucre gust cítrics,2.95,2.99,2026-04-08 09:13:02
3137,697358e4-37bc-448b-9dbf-958ab7e7c0ae,HALLS Caramels sense sucre sabor síndria,2.95,2.99,2026-04-08 09:13:02
3138,19edae32-952f-4b83-9942-69b81b1f2cc9,RESPIRAL Caramel de regalèssia mentol,1.95,1.99,2026-04-08 09:13:02
3139,778ce671-8e5c-46ff-8bde-33b6420189c4,RESPIRAL Caramel llimona mentol refrescant,1.95,1.99,2026-04-08 09:13:02
3140,54df3d85-7a44-4415-a689-897e6e22d4df,HALLS Caramels sense sucre sabor maduixa,2.95,2.99,2026-04-08 09:13:04
3141,ebd6c928-f975-40b0-8c94-7718f3f4c943,SANT TOMÀS Ou ferrat de xocolata amb llet,22.95,15.95,2026-04-08 09:13:05
3142,1c1860a3-0a05-498d-aee0-3dc611b8937b,SANT TOMAS Figura Pollet de xocolata,22.95,15.95,2026-04-08 09:13:06
3143,c0566083-e421-4017-8611-fc22df89bd67,SANT TOMÀS Figura Pop de xocolata,22.95,15.95,2026-04-08 09:13:06
3144,13e3b180-bb04-461e-954f-d1255caa8fe3,SANT TOMÀS Figura Ratolí de xocolata,22.95,15.95,2026-04-08 09:13:06
3145,e32fcfe9-6114-43a4-a66c-0c98247c5d9d,COCA-COLA Refresc de cola mini en ampolla de vidre,4.76,19.95,2026-04-08 09:13:10
3146,e8747912-05f4-40b2-bfa2-fbabe69697f0,COCA-COLA Refresc de cola sabor original en ampolla,4.95,1.6,2026-04-08 09:13:11
3147,405da06c-d737-4861-9125-a9d0a2fc88ee,COCA-COLA Refresc de cola zero sucre en ampolla,9.99,1.55,2026-04-08 09:13:11
3148,6ee50655-5d2a-4f6d-b209-7160f4a913c6,COCA-COLA Refresc de cola sabor original en llauna,23.04,22.99,2026-04-08 09:13:12
3149,d0d172f0-67b5-465f-b45b-7c9f52474197,COCA-COLA Refresc de cola sabor original en ampolla,13.25,2.52,2026-04-08 09:13:13
3150,4c8c621c-91d0-41d2-ae28-c7e7b5560b7d,MONSTER Beguda energètica Energy Juiced Bad Apple en llauna,1.89,1.55,2026-04-08 09:13:15
3151,c8ee9716-964a-47a2-ae6d-0141d9562489,"SEAGRAM'S Beguda amb gust a ginebra alcohol 0,0%",17.49,17.59,2026-04-08 09:13:16
3152,a4c5814e-3dcc-443c-8ad7-9da8bd76373e,BIFRUTAS Beguda llet i fruites Tropical en cartró,2.52,5.95,2026-04-08 09:13:17
3153,45f1ff4f-5927-4c7c-a80f-3e064e56f9fa,ESTRELLA DAMM Cervesa especial 12 x 25 cl en ampolla,9.95,8.28,2026-04-08 09:13:22
3154,91dbde82-9e7f-495e-b605-fd8b1b31788f,ALHAMBRA Cervesa extra reserva 4 x 33 cl en ampolla,5.99,5.32,2026-04-08 09:13:23
3155,8fd84caa-d676-4e65-bdff-a4a332207b4d,RADLER Cervesa amb llimona en llauna,0.65,0.79,2026-04-08 09:13:23
3156,0fb93f44-f134-447e-acc9-a8d760fe5555,VICTORIA MÁLAGA Cervesa en llauna,0.75,0.77,2026-04-08 09:13:23
3157,07297722-8ae3-4b85-9248-b2f4a744bbf0,DESPERADOS Cervesa 6 x 33 cl en ampolla,6.9,8.16,2026-04-08 09:13:25
3158,704073ec-a23e-473d-8255-122feaf89160,DESPERADOS Cervesa 6x33cl en ampolla,6.9,8.16,2026-04-08 09:13:25
3159,421abcf7-7183-493f-b08e-37ebc3f8d4e4,DESPERADOS Cervesa mojito amb llima en ampolla,1.15,1.36,2026-04-08 09:13:25
3160,42622593-4e80-4f64-a54a-a6a15b9ca205,DESPERADOS Cervesa mojito en ampolla,1.15,1.36,2026-04-08 09:13:25
3161,72eabf55-c00e-43b2-a017-d67a9359852d,MATEUS Vi rosat d'agulla de Portugal,4.49,4.59,2026-04-08 09:13:28
3162,393f323e-8fe6-4a46-a67a-d2167645409d,VIA TERRA Vi negre DO Terra Alta Km0,19.95,7.95,2026-04-08 09:13:28
3163,8dda0c87-224b-49fe-9d1c-f26fa6926895,CABRÓ Caixa vi negre selecció DO Catalunya ecològic Km0,23.81,31.74,2026-04-08 09:13:29
3164,e4fa4614-c703-4d98-9504-f2ccfc59df0c,CLOT D'ENCÍS Caixa vi negre DO Terra Alta Km0,29.7,26.7,2026-04-08 09:13:29
3165,faf80405-abcf-4043-a08b-014051653791,MASIA FREYE Caixa de vi blanc DO Penedès ecològic Km0,36.86,49.14,2026-04-08 09:13:29
3166,54cdaf96-4cb3-4f8a-81d6-a10f7d1f2157,MATEUS Caixa 6u. vi rosat d'agulla de Portugal,20.21,20.66,2026-04-08 09:13:29
3167,f77dc4ad-dc05-4a0d-9808-0811ee0eccd3,NOSTRAT Vi blanc DO Penedès Ecològic Km0,6.95,9.95,2026-04-08 09:13:29
3168,903383f5-0fd5-45ba-9566-c192b60267d1,TERRA CÀLIDA Caixa vi negre DO Catalunya Km0,19.46,29.94,2026-04-08 09:13:29
3169,b47df793-7184-4671-af8d-6c32d60d636e,VIA TERRA Vi blanc DO Terra Alta Km0,19.95,7.95,2026-04-08 09:13:29
3170,e26d0c97-2807-4fbe-ad5c-5ac596d63c85,BACH Caixa de vi negre DO Catalunya Km0,22.46,29.94,2026-04-08 09:13:30
3171,6db31acd-64f1-4f56-a36a-898d4c4461f2,BACH Vi blanc sec DO Catalunya Extrísima Km0,22.46,29.94,2026-04-08 09:13:30
3172,b6c3c7d4-49a6-438c-bbd2-edc874168b1a,BACH Vi blanc semi dolç DO Catalunya Km0,22.46,29.94,2026-04-08 09:13:30
3173,a9602da9-34d7-4ebf-8a4a-4e2781706ec6,CABRÓ Caixa vi blanc DO Catalunya Km0,23.81,31.74,2026-04-08 09:13:30
3174,d80f7278-52ea-4901-b730-5626f027e03b,CERTERO Caixa vi negre DO Rioja,20.7,19.5,2026-04-08 09:13:30
3175,663b25a4-124e-4be9-b8bb-6c0f2b721d2e,CLOT D'ENCIS Caixa de vi blanc km0,29.7,26.7,2026-04-08 09:13:30
3176,80712600-5997-46bd-81e4-069731044644,CREVETA Caixa de vi negre DO Terra Alta Km0,17.94,20.1,2026-04-08 09:13:30
3177,55b6b151-1277-44d6-af52-39c963c414a5,FAUSTINO RIVERA Caixa de vi negre DO Rioja,16.19,24.9,2026-04-08 09:13:30
3178,62165af5-da85-4e3f-a7ef-f5d7251476c0,IMUS Caixa vi negre DO Montsant Km0,26.78,35.7,2026-04-08 09:13:30
3179,ea3dc87f-beb2-470a-bbb6-82fa735706b7,LA PICOSSA Caixa de vi negre DO Terra Alta Km0,47.94,31.16,2026-04-08 09:13:30
3180,bd0eda0c-9329-43b0-9b75-fadb18ad9e94,NITS DE BOIRA Caixa vi negre DO Catalunya Km0 ecològic,23.94,21.54,2026-04-08 09:13:30
3181,fe8a640c-a3c2-4fd3-b7fd-ec23d7f615ed,PROTOS Caixa 6u. de vi blanc Verdejo DO Rueda,47.94,41.94,2026-04-08 09:13:30
3182,199049ab-8d65-47ea-b521-dbcfe368a5f3,RAIG DE RAÏM Vi negre DO Terra Alta Km0,27.26,41.94,2026-04-08 09:13:30
3183,577e3d55-5064-43f0-a1fe-129b90b5b055,RAIMAT CLAMOR Caixa de vi blanc ecològic Costers del Segre Km0,27.11,41.7,2026-04-08 09:13:30
3184,843783bb-bcc7-4680-a84c-1064ca2e81f4,RAIMAT CLAMOR Caixa de vi negre ecològic DO Costers del Segre Km0,27.11,41.7,2026-04-08 09:13:30
3185,b14c2fee-3703-4331-b7e2-a5044935c06f,SINOLS Caixa de vi negre DO Empordà Km0,32.94,24.71,2026-04-08 09:13:30
3186,73ea5455-4650-432f-a9e0-6ba3c259702f,TAL COM RAJA Caixa de vi negre DO Terra Alta Km0,41.7,27.11,2026-04-08 09:13:30
3187,eedd3cb2-ddfc-4f47-be62-ee785b033ade,TERRA CÀLIDA Caixa de vi rosat DO Catalunya Km0,19.46,29.94,2026-04-08 09:13:30
3188,bfce0a66-8a62-4071-afa4-76134bab007e,VINA POMAL Caixa de vi negre DOQ Rioja criança,41.94,56.7,2026-04-08 09:13:30
3189,4e70f704-c494-44f7-9b79-083e9d0eef4a,BUSCA-RAONS Caixa vi negre DO Costers del Segre,24.71,32.94,2026-04-08 09:13:31
3190,f97f2bb1-4d1e-443d-94d6-87d6c271a8da,CAP DE COLLA Caixa de vi negre DO Conca de Barberà ecològic,31.01,47.7,2026-04-08 09:13:31
3191,6cefe56c-3807-4e91-8a10-9afa15d33e3f,COMPTA OVELLES Caixa de vi blanc Do Penedès ecològic Km0,35.94,26.96,2026-04-08 09:13:31
3192,0bb41171-0204-401d-858c-0c4e73a895f1,CREVETA Caixa de vi blanc DO Terra Alta,17.94,20.1,2026-04-08 09:13:31
3193,67884d54-7ad5-4f15-a623-4fa008077806,GOTIM BRU Caixa de vi negre DO Costers del Segre km0,53.94,57.54,2026-04-08 09:13:31
3194,42a093bd-69dd-465c-b129-0ef736e9dad7,LA BOSCANA Caixa de vi negre DO Costers del Segre Km0,47.7,35.78,2026-04-08 09:13:31
3195,9c493e52-56d0-48f6-9f35-124b64474d71,LLÀGRIMES DE TARDOR Caixa  Vi negre criança DO T.Alta Km0,53.94,62.1,2026-04-08 09:13:31
3196,a0e04a27-32f4-49fc-bdf4-50493041fd59,LOPEZ DE HARO Caixa vi negre DO Rioja,50.34,42.9,2026-04-08 09:13:31
3197,fc01a236-da9e-4c0f-90dd-149317ce3427,MASIA FREYE Caixa de vi negre DO Penedès ecològic Km0,36.86,49.14,2026-04-08 09:13:31
3198,ef796dc8-0dca-47e3-8080-38579b5f5a71,NOSTRAT Caixa de vi blanc Do Penedès ecològic Km0,31.28,41.7,2026-04-08 09:13:31
3199,2634c485-8b46-410c-b5b4-83b78fa733c7,PROTOS Caixa vi negre DO Ribera Duero,59.7,53.94,2026-04-08 09:13:31
3200,b9d1db7d-9927-4748-bc7c-24603fd221c0,SINOLS Caixa de vi negre DO Empordà km0,31.01,41.34,2026-04-08 09:13:31
3201,314322b9-fd30-42a7-9506-5b7c53c0992c,SINOLS Caixa de vi rosat DO Empordà km0,32.94,24.71,2026-04-08 09:13:31
3202,fcb73ee9-1b42-4646-a44c-6117f186f6b7,TAL COM RAJA Caixa de vi blanc DO Terra Alta Km0,41.7,27.11,2026-04-08 09:13:31
3203,37390059-711e-4f9d-abca-083f42e49074,TINES DE ROQUETA Caixa de vi blanc Garnatxa Blanca DO Catalunya Km0,26.96,35.94,2026-04-08 09:13:31
3204,0a0fa0bc-9c63-4e17-bbb4-00cd6d62e6a8,TINES DE ROQUETA Caixa de vi negre Cabernet DO Catalunya Km0,26.96,35.94,2026-04-08 09:13:31
3205,8a8b4bca-440f-47b4-adf8-4b23d7d0bc2f,VERDERA Caixa de vi negre DO Empordà km0,20.94,23.94,2026-04-08 09:13:31
3206,de45fc49-19ad-4420-abe1-2e64174bdfd3,ÈTIM Caixa de vi negre DO Montsant criança Km0,35.78,47.7,2026-04-08 09:13:31
3207,5f58e6e5-8917-448f-9e67-02bba7336f61,ABADAL Caixa de vi negre DO Pla de Bages km0,53.94,59.7,2026-04-08 09:13:32
3208,9af39f07-26b9-4528-a8c8-33a9addbb9a9,ALTOS TAMARON Caixa  vi negre DO Ribera del Duero,37.5,41.94,2026-04-08 09:13:32
3209,2ac051c6-2e76-46be-8eb5-6011efbe95ad,BACH Caixa de vi blanc DO Catalunya Km0,35.7,29.94,2026-04-08 09:13:32
3210,ddc261ac-8662-4bf1-928b-9bd575e45548,BACH Caixa de vi rosat DO Catalunya Km0,22.46,29.94,2026-04-08 09:13:32
3211,6deb0c0f-4c9e-4a47-8e6c-7e0df85cc6d1,BLUME Caixa 6u. vi blanc DO Rueda,27.9,33.9,2026-04-08 09:13:32
3212,00fb0470-a755-48ad-85d1-d52eae2edff0,BUSCA RAONS Caixa de vi rosat DO Costers del Segre Km0,24.71,32.94,2026-04-08 09:13:32
3213,f5f7fd75-e982-4293-b3e7-efe52ace339d,BUSCA-RAONS Caixa vi blanc ecològic DO Costers del Segre km0,24.71,32.94,2026-04-08 09:13:32
3214,9c184013-f7e3-4611-9507-1b1c5c581e4d,COMPTA OVELLES Caixa de vi negre DO Penedès ecològic  Km0,35.94,26.96,2026-04-08 09:13:32
3215,5757d0c8-4842-4fd0-bc21-acf39bdff968,ENATE Caixa 6u. vi negre Somontano,41.7,46.5,2026-04-08 09:13:32
3216,d70d29ad-6719-4831-8bbc-810cbec086a6,ERMITA D'ESPIELLS Caixa de vi blanc Penedès ecològic Km0,58.74,53.34,2026-04-08 09:13:32
3217,05152e11-9cda-476b-b68f-f9fdb60e7f73,HOMENAJE Caixa vi rosat DO Navarra,23.7,29.7,2026-04-08 09:13:32
3218,921496a7-2acb-4dab-9f92-448c5944a6e8,LA PICOSSA Caixa de vi blanc DO Terra Alta Km0,47.94,31.16,2026-04-08 09:13:32
3219,e2184da9-1d60-4f63-a0cc-68d7838cb251,LIGNUM! Caixa de vi negre ecològic DO Penedès Km0,49.01,65.34,2026-04-08 09:13:32
3220,f72989ae-0c5c-4f83-931d-6b0b5024b394,MINVANT Caixa de vi negre DO Terra Alta,44.78,59.7,2026-04-08 09:13:32
3221,fcf139ed-5a69-4d42-915c-84334b33dcb3,NOSTRAT Caixa de vi negre DO Penedès ecològic Km0,31.28,41.7,2026-04-08 09:13:32
3222,190f9387-154e-4a51-83da-9465a16d0605,PANSA BLANCA Caixa de vi blanc DO Alella Km0,59.7,53.94,2026-04-08 09:13:32
3223,352ce0ff-2a5b-4457-9a50-dd9b6b6a23e4,RAIMAT CLAMOR Caixa de vi rosat ecològic DO Costers del Segre Km0,27.11,41.7,2026-04-08 09:13:32
3224,85aaa712-e897-4b33-a0f7-5b5624cdb2ee,SANTES Caixa vi negre DO Montsant Km0,47.94,41.94,2026-04-08 09:13:32
3225,ef3283a0-aaa1-4654-8c62-53106af6bc70,TERRA CÀLIDA Caixa de vi blanc DO Catalunya Km0,19.46,29.94,2026-04-08 09:13:32
3226,97eafce5-7257-4ed9-b6ac-5a53d30b8f41,TERRA ENDINS Caixa de vi negre ecològic DO Catalunya,29.94,22.46,2026-04-08 09:13:32
3227,fdbc5e23-673a-4806-b254-732472acb495,TINES DE ROQUETA Caixa de vi blanc DO Catalunya Km0,26.96,35.94,2026-04-08 09:13:32
3228,d897a12f-99ce-4d6e-8dcb-88922b4f472d,TINES DE ROQUETA Caixa de vi negre DO Catalunya Km0,26.96,35.94,2026-04-08 09:13:32
3229,af34238b-7118-401b-b051-356ef578ce40,TINES DE ROQUETA Caixa de vi negre Tempranillo DO Catalunya Km0,26.96,35.94,2026-04-08 09:13:32
3230,c8022a80-9fc7-4c3c-a1f7-eddf85f4099c,VERDERA Caixa de vi blanc DO Catalunya Km0,20.94,23.94,2026-04-08 09:13:32
3231,37d34417-2c40-4d1f-9e40-399fe9c85233,VIA TERRA Caixa de vi blanc DO Terra Alta,47.7,35.78,2026-04-08 09:13:32
3232,3153fa9e-d393-434d-9992-c2ef719869ef,VIA TERRA Caixa de vi negre DO Terra Alta Km0,47.7,35.78,2026-04-08 09:13:32
3233,e9780f65-a4c2-43fd-8d58-437706e713db,ALADELTA Caixa vi negre vi lliure,35.7,23.21,2026-04-08 09:13:33
3234,e23925e3-6efa-4d1f-9959-8e56034383bf,BOVER Caixa 12u. de vi negre DO Catalunya Km0,35.88,32.28,2026-04-08 09:13:33
3235,7d20e1f3-127a-4018-8c13-7b433ada55dd,BUSCA RAONS Caixa vi negre DO Costers del Segre Km0,59.94,44.96,2026-04-08 09:13:33
3236,ea92f6cf-5de6-4c3e-b011-25f45b735514,CAP DE RUC Caixa de vi blanc DO Catalunya Km0,41.7,31.28,2026-04-08 09:13:33
3237,2df4b29b-6a9f-4bff-a134-4022896f6424,CURIOSA Caixa de vi rosat ecològic DO Penedès Km0,56.94,50.94,2026-04-08 09:13:33
3238,97285be2-f1c1-4f97-913c-c47da47570b9,DINARELLS Caixa 6u. vi blanc Do Empordà,29.1,25.74,2026-04-08 09:13:33
3239,1ebd413e-2780-4e38-882c-9f5bb79d2a70,DINARELLS Caixa 6u. vi negre DO Empordà,29.1,25.74,2026-04-08 09:13:33
3240,6c4d8d79-474a-497f-80cc-e8a58de04353,EMENDIS FLOS Vi blanc DO Penedès ecològic  Km0,47.34,35.51,2026-04-08 09:13:33
3241,8de105ab-bbc5-45d1-a7ad-ff279ed15338,GARNATXA FOSCA Caixa de vi negre DO Priorat Km0,93.54,70.16,2026-04-08 09:13:33
3242,848e2bdb-a160-4ea7-9589-55b5a7265445,GOTIM Caixa de vi blanc DO Costers del Segre Km0,41.94,45.3,2026-04-08 09:13:33
3243,ba416b33-73c9-47ff-b494-54b84f42f386,JAN BLANC Caixa de vi blanc DO Costers del Segre Km0,47.94,41.94,2026-04-08 09:13:33
3244,651a1c7d-482d-47f1-b0b7-431aa3bd963b,LEGARIS Caixa vi negre DO Ribera del Duero,41.94,53.7,2026-04-08 09:13:33
3245,86412dab-98f3-421f-8163-5225fceba5e3,MASIA FREYÉ Caixa de vi rosat DO Penedès ecològic Km0,36.86,49.14,2026-04-08 09:13:33
3246,00bcb8de-06a3-4b83-94c8-7faf83587355,MIREIA PINORD Caixa 6u. vi blanc DO Penedès ecològic Km0,53.94,59.94,2026-04-08 09:13:33
3247,8309ccf3-6e34-45e5-82c8-ab697a4e3332,PACO & LOLA Caixa de vi blanc albarinyo DO Rias Baixas,83.7,77.94,2026-04-08 09:13:33
3248,8aa80639-6f33-4689-a3bd-27c6e342791c,REYNAL Caixa 6u. vi rosat Frizzante,20.21,26.94,2026-04-08 09:13:33
3249,5da1aa81-0569-4de4-a86f-f9f3d37ec9bc,822 Caixa 6u. vi negre Do Ribera del Duero,64.5,70.5,2026-04-08 09:13:34
3250,56641330-3db3-4357-831c-c54a588dd4a8,CURIOS Caixa de vi blanc ecològic DO Penedès Km0,56.94,50.94,2026-04-08 09:13:34
3251,4044dafb-0701-41c9-afe5-dae1e444af93,EL PRIOR Caixa 6u. vi ranci el Prior,41.94,50.94,2026-04-08 09:13:34
3252,c6056cba-4cd3-4e52-8ac3-83d0965da54e,EL XITXAREL·LO Caixa de vi blanc Do Penedès Km0,44.78,59.7,2026-04-08 09:13:34
3253,159583b7-6f26-4110-9622-d9fb8e4d535d,JAN PETIT Caixa 6u. vi negre DO Costers del Segre,47.94,41.94,2026-04-08 09:13:34
3254,c852c6b8-e165-4f17-89e1-ba74c5b23b80,LEGARIS Caixa 6u. de vi blanc DO Rueda,35.94,41.7,2026-04-08 09:13:34
3255,1a27ab5e-1761-4241-9c08-f30ef903bd84,TERRAS GAUDA Caixa 6u. vi blanc DO Rias Baixas,89.7,95.7,2026-04-08 09:13:34
3256,b317a28e-63c8-4b6e-b612-b7a0a5d78e37,CÉRVOLES Caixa de vi negre ecològic DO Costers del Segre Km0,147.0,138.0,2026-04-08 09:13:35
3257,5dc60545-755c-491a-b990-b874665dc989,ESPOLLA Caixa 6u. vi dolç Garnatxa D.O. Empordà,32.94,38.94,2026-04-08 09:13:35
3258,a33824b6-a2f1-404b-ab23-e3a07a97f288,FINCA CAL JANES Capsa de vi negre DO Penedès Km0 ecològic,27.26,41.94,2026-04-08 09:13:35
3259,13f3e288-8460-4e9d-b0ef-aba98ff33f97,GLÁRIMA Caixa 6u. vi rosat DO Somonato Km0,29.7,23.94,2026-04-08 09:13:35
3260,9ad53b67-02f5-4fad-9472-83fb1c7b03da,GRAN BUSCA RAONS Caixa de vi blanc ecològic DO Costers del Segre,59.94,44.96,2026-04-08 09:13:35
3261,190b184d-fedf-4562-8523-e55207da5e20,LA BÈSTIA NEGRA Caixa de vi negre DO Empordà Km0,47.94,43.14,2026-04-08 09:13:35
3262,c5e82363-de35-49d3-8da7-0a69d4711f81,MIONETTO Vi escumós Brut Prosecco DOC Treviso caixa,53.94,59.94,2026-04-08 09:13:35
3263,e574e9d4-e91a-47c8-a891-391dcf7b3b93,ORIOL Caixa de vi blanc DO Empordà Km0,50.94,41.94,2026-04-08 09:13:35
3264,ce01e0d3-6c27-4bf9-b8b6-f6b12ad52663,RAIMAT Caixa de vi blanc DO Costers del Segre Km0,59.7,53.94,2026-04-08 09:13:35
3265,f93ee6a7-263c-4108-ae4a-598b60134e3d,RAIMAT Caixa de vi negre DO Costers del Segre Km0,59.7,53.94,2026-04-08 09:13:35
3266,02757f7f-e5fe-4912-ae18-9bfea9c146c2,TEMPS DE FRUITS Caixa de vi negre Eco DO Penedès Km0,59.7,38.81,2026-04-08 09:13:35
3267,fb18445c-48b5-45d8-abea-c8a07a6669aa,ÈTIM Caixa de vi negre dolç Verema Tardana DO Montsant,39.38,52.5,2026-04-08 09:13:35
3268,b965a492-f30c-4538-97dc-6fd345f3ea96,ALGES CLOS PONS Caixa de vi negre DO Costers del Segre Km0,53.33,71.1,2026-04-08 09:13:36
3269,0bd7dc85-75bd-49bf-922d-40153f04d7e5,CUNE Vi negre Rioja criança,14.5,7.25,2026-04-08 09:13:36
3270,6c8b86a6-ed7c-4829-88ff-6e3fe94eb0ce,SOMMOS Caixa 6u. vi blanc DO Somontano Km0,65.34,56.7,2026-04-08 09:13:36
3271,20aee3ab-1b4d-4345-a9d6-e4bb0694e635,CUNE Vi blanc verdejo DO Rueda,14.5,6.65,2026-04-08 09:13:37
3272,2a9dc086-33d1-4549-a075-f7fe0c0056d0,LADRÓN DE MANZANAS Sidra de poma,1.15,1.45,2026-04-08 09:13:37
3273,6061d601-0ff3-44b0-841c-1e28d8310466,CREVETA Vi negre DO Terra Alta Km0,3.49,3.35,2026-04-08 09:13:38
3274,bd807972-daca-4222-9791-b75315af1399,DE MULLER Vi negre DO Tarragona Km0,6.79,6.95,2026-04-08 09:13:38
3275,e3bd3ddd-f4d0-45ab-ade8-f099184157a3,EL PRIOR Vi ranci,7.95,8.49,2026-04-08 09:13:38
3276,637e1876-003b-4cec-8aa9-051a19022d88,CERTERO Vi negre DO Rioja,3.45,3.25,2026-04-08 09:13:39
3277,4e92fa8b-04a8-4a9e-9206-903ccbcfe157,CREVETA Vi blanc DO Terra Alta Km0,3.49,3.35,2026-04-08 09:13:39
3278,bdecbf7a-8d52-4abb-bc2c-29e3f1cf88b0,LA VINYETA Vi blanc DO Empordà Km0,7.49,7.65,2026-04-08 09:13:39
3279,597c9d94-d9a9-456d-8c7a-8c89397f33d8,CAN SUMOI Vi blanc DO Penedès ecològic Km0,12.99,13.49,2026-04-08 09:13:40
3280,19d698c3-ab7b-4c6d-8d86-c387fc11715f,SOMMOS Vi blanc roure DO Somontano,5.49,6.15,2026-04-08 09:13:41
3281,c557443f-c943-4b37-b684-79b154df23a7,EL PRIOR Mistela,7.95,8.49,2026-04-08 09:13:43
3282,8924fa66-0131-47cb-940f-16dadd5776ec,SOMMOS Vi negre roure DO Somontano,5.49,6.15,2026-04-08 09:13:43
3283,fba001b5-0a0a-46ff-980c-cc94a231354e,VINS DE TERRER Vi rosat DO Penedès La Rosa Km0,13.49,13.99,2026-04-08 09:13:43
3284,ed60d82b-62e8-4e85-9fb9-c57f7b2583f4,ESPURNES Vi dolç,11.85,12.25,2026-04-08 09:13:44
3285,209cab6a-5db6-4182-9c39-88b53276bf6e,BACH Cava Brut Nature guarda caixa,27.54,32.7,2026-04-08 09:13:45
3286,1ea1a8f2-7f6f-4277-beac-d0e431d42e6a,LACRIMA B. HERETAT Cava Brut guarda ecològic caixa,26.96,35.94,2026-04-08 09:13:45
3287,20cb4a20-5555-4a38-9cdb-227002d1303d,LACRIMA BACCUS Cava rosat Brut guarda caixa,26.96,35.94,2026-04-08 09:13:45
3288,339821c1-df04-4010-821e-132c7befc17c,PROA Cava Brut Nature guarda caixa,26.06,34.74,2026-04-08 09:13:45
3289,44b90779-12eb-4778-8989-31e38a99a4a1,ALBET I NOYA P.ALB. Vi escumós Brut guarda sup. reserva org eco DO Penedès caixa,44.78,59.7,2026-04-08 09:13:46
3290,574f94c1-02d1-401b-bd15-c4e6eeb2f60e,BACH Cava rosat Brut guarda caixa,27.54,32.7,2026-04-08 09:13:46
3291,dc9557f2-3499-4784-9057-dc2e23117942,BACH Cava semi sec caixa,27.54,32.7,2026-04-08 09:13:46
3292,6c43ccba-d170-4891-96b8-7edf3cf41e74,CODORNÍU CUVÉE Cava semi sec ecològic caixa,35.94,43.5,2026-04-08 09:13:46
3293,1e4ad963-0d73-4d8a-9c4c-9e4bb3a30f26,CODORNÍU Cava Brut guarda ecològic caixa,35.94,43.5,2026-04-08 09:13:46
3294,2b58ddd2-9fcb-4bf1-96c3-7690ec2a8c12,CONDE DE CARALT Cava Brut Nature guarda caixa,32.94,38.94,2026-04-08 09:13:46
3295,e608c42b-3845-4d2a-9f2d-ee43c301eaad,ESCOFET ROSELL Cava Brut guarda superior reserva caixa,44.96,59.94,2026-04-08 09:13:46
3296,29db5d6e-49a8-4bc7-bb5c-41d9d2496524,FREIXA RIGAU Cava Brut Nature guarda superior reserva caixa,53.94,47.94,2026-04-08 09:13:46
3297,1510d314-b12f-44e6-ad1c-fe274295c2b4,FREIXENET MERITUM Cava Brut Nature guarda superior gran reserva caixa,56.97,114.0,2026-04-08 09:13:46
3298,b310e26f-4aa8-41e8-a1eb-9d6fb0994141,JAUME SERRA ICE Cava rosat Brut guarda caixa,37.5,33.54,2026-04-08 09:13:46
3299,b4c8207c-6f05-43ac-be4f-6ac05521a1ea,JUVÉ CAMPS Cava Brut Nature guarda superior gran reserva ecològic caixa,128.0,123.0,2026-04-08 09:13:46
3300,2c2e25a1-078d-4f71-b8ff-091dcf279d41,JUVÉ CAMPS ESSENTIAL Cava Brut guarda superior reserva ecològic caixa,83.34,88.14,2026-04-08 09:13:46
3301,e39eaa96-64dc-4ab1-9f09-defb87a18f43,KRIPTA FRANC Corpinnat Brut guarda superior reserva ecològic caixa,71.34,83.7,2026-04-08 09:13:46
3302,e814c223-611a-4a1a-b7ba-2e445a2be45b,LACRIMA B. HERETAT Cava Brut Nature guarda ecològic caixa,35.96,47.94,2026-04-08 09:13:46
3303,c86d6565-dd09-4b7a-a811-61f5b1487b63,PARXET Cava Brut guarda caixa,83.7,62.78,2026-04-08 09:13:46
3304,54781fd7-e7ce-418b-aefe-e676e1443266,RAIMAT Cava Brut Nature guarda ecòlogic caixa,44.78,59.7,2026-04-08 09:13:46
3305,16e28f3c-d36a-4f35-ba1e-0564d3ca18e2,BERTHA IVETTE Cava Brut guarda superior reserva ecològic,10.95,11.29,2026-04-08 09:13:47
3306,90dc1ec6-cfa0-4a43-bef0-67611403fe83,CASTELL RE. LA CUVÉE Cava Brut Nature guarda superior reserva caixa,64.5,59.94,2026-04-08 09:13:47
3307,2ca59c5b-3673-4821-a3d6-bff5f6755849,KRIPTA FRANC Corpinnat Brut guarda superior reserva ecològic,12.99,13.95,2026-04-08 09:13:47
3308,1bd87fa7-6a5a-4346-970a-a12ee18079f2,CONDE DE CARALT Cava Brut Nature guarda,5.95,6.49,2026-04-08 09:13:48
3309,bdba8b1c-a61a-4a20-8cc8-dd2d44127e38,KRIPTA ICÒNIC Corpinnat Brut Nature guarda super gran reserva eco Km0,20.49,23.49,2026-04-08 09:13:48
3310,7f4005e1-2ec7-4765-99f6-023af17c7c0c,KRIPTA TREPAT Corpinnat rosat Brut guarda superior ecològic,15.25,15.4,2026-04-08 09:13:48
3311,ac5c7b31-112d-4797-9357-84f322e74da7,LLOPART LEOPARDI Corpinnat Brut Nature guarda superior gran reserva ecològic,28.75,29.95,2026-04-08 09:13:49
3312,1ad6bf54-b4b4-47ab-95ea-1e7319065f25,BROWN DEER Whisky escocès,6.15,5.99,2026-04-08 09:13:50
3313,34b228d3-fbdb-4845-b935-7d4b6b9af3d8,EL BANDARRA Caixa 6u. de vermut negre,47.94,56.34,2026-04-08 09:13:50
3314,93d18fa9-3e67-4c1f-8c3a-fc9c6bbd0959,JB Whisky escocès,11.19,11.95,2026-04-08 09:13:50
3315,eda81fae-4fb2-4be3-bf08-8e5c3b93082e,JB Whisky escocès,15.99,16.69,2026-04-08 09:13:50
3316,abd06e44-5891-4806-9198-30b8cdf33fa7,SEAGRAM'S Ginebra Extra Dry Gin,16.49,16.29,2026-04-08 09:13:50
3317,62de3df3-bf45-4d54-b0a5-88ee693a63af,BALLANTINE'S Whisky escocès,13.25,14.1,2026-04-08 09:13:51
3318,2931276a-8927-457b-ae57-e4c82a2192e5,BEEFEATER Ginebra,13.89,14.49,2026-04-08 09:13:51
3319,bebce0a5-5e11-455f-b062-995b2dd2f0bc,BELWEYS Crema de licor amb whisky,5.85,6.25,2026-04-08 09:13:51
3320,a8de4ceb-e900-4c84-b466-e97b3fd771b2,CASTREÑO Licor d'herbres,5.99,6.1,2026-04-08 09:13:51
3321,c1327286-11f8-48c5-91be-fb215aea1f58,JAMESON Whisky irlandès,19.9,19.99,2026-04-08 09:13:51
3322,6b1583dc-e4a6-479b-9379-ca2cfd5cffcf,LARIOS Ginebra Mediterrània,10.95,12.45,2026-04-08 09:13:51
3323,0e3d3063-7c3a-43fb-b34b-22b2073f060f,MAGNO Brandi de Xerès Solera Reserva,12.69,11.95,2026-04-08 09:13:51
3324,13f11a45-aa24-4bbc-b94d-bff3ea682734,MERCADER INDIAS Rom anyenc,6.15,5.99,2026-04-08 09:13:51
3325,e8c5fe15-3ea1-4660-9685-916ce474e428,TERRY Beguda espirituosa Centenario,6.95,7.1,2026-04-08 09:13:51
3326,0d372cea-6a70-4e0b-a72f-5d42f32e3ddb,BENGALA BAY Ginebra Strawberry,7.15,6.99,2026-04-08 09:13:52
3327,9a341622-f97d-4468-a006-543bc5c9ceb3,NORDES Ginebra,27.59,25.99,2026-04-08 09:13:52
3328,cb6ba812-b555-45c7-8d72-18c14dae4c9a,BENGALA BAY Ginebra,7.15,6.99,2026-04-08 09:13:53
3329,758edbeb-b113-465d-b994-ea886d444842,CABALLERO Licor,12.35,12.75,2026-04-08 09:13:53
3330,d4fad087-c1d2-4dd2-ba1d-7d3da073cdbc,CHIVAS REGAL Whisky escocès de 12 anys,28.99,29.49,2026-04-08 09:13:53
3331,653d5ca3-bd00-4aa9-9ccd-583d0b7cf45f,SOLERA 1866 Brandi Solera 1866,54.4,50.99,2026-04-08 09:13:54
3332,cc062739-7a7d-4e4b-9bbc-92a0d6f83539,ALPRO Beguda de civada sense sucre en cartró,1.99,4.99,2026-04-08 09:13:56
3333,87deeb8b-bf06-4982-8229-fc73133c8493,PICKERS MCCAIN Anelles de ceba,3.19,3.06,2026-04-08 09:14:06
3334,da17eb36-d657-41aa-b930-bd22b4421747,CASA DI MAMA Pizza 4 formatges,9.99,4.65,2026-04-08 09:14:09
3335,412300cd-36d5-474c-aa49-95291cd80e43,CASA DI MAMA Pizza BBQ Pulled Pork Dr. Oetker,9.99,4.65,2026-04-08 09:14:09
3336,5bc12a37-efad-495d-a213-6ea55e34d15e,CASA DI MAMA Pizza Pancetta Funghi Truffle Style,9.99,4.65,2026-04-08 09:14:09
3337,777c5fe5-6570-4318-82c9-69286f106be8,CASA DI MAMA Pizza Prosciutto Funghi,9.99,4.65,2026-04-08 09:14:09
3338,4b21b797-906b-4bae-9d3c-ba265e6eba31,CASA DI MAMA Pizza de tonyina,9.99,4.65,2026-04-08 09:14:09
3339,234cd7de-0271-44c6-9e3e-bddeaec6cf7a,HÄAGEN-DAZS Gelat Salted Caramel,9.99,4.99,2026-04-08 09:14:13
3340,8e131499-de81-41cb-b2b0-2d359f3a4c36,HÄAGEN-DAZS Gelat de vainilla i nous de Macadàmia,9.99,4.99,2026-04-08 09:14:13
3341,65c9029d-6cb7-4bb3-827c-cdfcf7e570f5,HÄAGEN-DAZS Gelat de dolç de llet,7.49,7.59,2026-04-08 09:14:14
3342,d7f284d7-2624-4b7b-ad0e-27b0f3e8e164,HÄAGEN-DAZS Gelat de mango i gerds,7.49,7.59,2026-04-08 09:14:14
3343,c82d31d8-af7b-4853-b709-3d2cc3f134e8,HÄAGEN-DAZS Gelat de vainilla,7.49,7.59,2026-04-08 09:14:15
3344,0fee34a3-89d0-4b73-a296-1900b70f03ca,ARDO Mango,2.75,2.65,2026-04-08 09:14:18
3345,62985899-9883-4c26-8f0e-4a15f4e389fe,PASTIBON Lioneses de nata,5.19,5.95,2026-04-08 09:14:18
3346,30ece710-5977-4de4-a5ce-f29ab6024910,ASTURIANA Nata muntada ensucrada sense lactosa,4.29,2.85,2026-04-08 09:14:28
3347,c27165ff-ef7e-4501-8eed-a0f200041ed2,ATO Nata muntada ensucrada,4.29,2.85,2026-04-08 09:14:28
3348,71a307f2-ef89-4041-a9c9-41cfb84edc4c,CACAOLAT Batut de cacau en ampolla,6.99,2.6,2026-04-08 09:14:29
3349,6d208607-f0eb-45b8-bf1c-0fa20e7e0dfa,DANET Natilles,1.99,1.94,2026-04-08 09:14:31
3350,66974563-a106-4492-bf95-eff9ba9ad436,DANET Natilles de xocolata,1.99,1.94,2026-04-08 09:14:31
3351,49730233-1f90-403a-9d0a-75f1d8f43e1d,YOPRO Postres làcties Pudding de xocolata,1.49,2.99,2026-04-08 09:14:31
3352,e172067b-848d-451f-a735-754a7cca789c,ALPRO Producte vegetal de llima i llimona,2.3,2.99,2026-04-08 09:14:33
3353,f8824b8a-1cbb-4c4f-aaf6-32736d575544,ALPRO Producte vegetal de soja amb civada,2.3,2.29,2026-04-08 09:14:33
3354,4657cdf4-7f60-4d93-a507-056f8ef84eac,ALPRO Producte vegetal de soja amb coco,2.3,2.29,2026-04-08 09:14:33
3355,bd5f57a5-2f1e-43ca-bd79-43512739754d,ALPRO Producte vegetal de soja amb nabius,2.3,2.29,2026-04-08 09:14:33
3356,28eff7d5-b1c7-46e5-8fcd-6ae5aa5ab566,ALPRO Producte vegetal de soja amb vainilla,2.3,2.29,2026-04-08 09:14:33
3357,5a302dd7-ab43-4fc4-a809-b42ca4bbe938,DANONE Iogurt natural,1.0,2.99,2026-04-08 09:14:33
3358,ced69b77-0b28-4f8d-b3b0-f1c136391b6e,ACTIVIA Quefir natural,3.29,1.99,2026-04-08 09:14:34
3359,8b2611df-41fb-44f0-ad8d-10d053063c29,ALPRO Producte vegetal de soja amb préssec,2.3,2.29,2026-04-08 09:14:34
3360,c561fc68-ca10-4316-8c10-da620d0f711f,DANONE Iogurt grec natural,3.29,1.49,2026-04-08 09:14:34
3361,a910d8df-9115-497c-89b8-c292c4c0a5fa,DANONE Postres proteic de stracciatella,3.29,1.99,2026-04-08 09:14:35
3362,f04daa5a-f483-4d86-93df-a2e8d38c4ac9,KLORANE Tractament intensiu anticaiguda amb xampú de quinina,44.75,52.65,2026-04-08 09:14:49
3363,a249e62a-2ff4-4c36-ac52-97e902f815e0,REVLON Tractament capil·lar sense esbandit,4.99,5.15,2026-04-08 09:14:56
3364,15347011-b820-4af1-80cf-29ad2c2270ca,KLORANE Xampú desenredant per nens,13.49,11.45,2026-04-08 09:15:00
3365,52113b29-1cef-4720-8a35-bba07aebfc96,EUDERMIN Crema de mans pell seca,2.39,2.49,2026-04-08 09:15:28
3366,761d1b96-ec16-4050-8242-79345ae7146c,NIVEA Desodorant antitranspirant Protect & Care,3.25,3.35,2026-04-08 09:15:39
3367,5fdb3114-0c80-427b-970e-c4a4834c5d4a,NIVEA Desodorant anti-transpirant Dry Comfort,3.25,3.35,2026-04-08 09:15:41
3368,19cb7daa-cf62-44f0-819b-d26472a67286,DIXAN Detergent líquid blau de 40 dosis,8.79,13.99,2026-04-08 09:16:02
3369,33903413-dd4f-4262-98ec-9d3483aaca00,VERNEL Suavitzant concentrat Cel Blau de 55 dosis,3.49,13.99,2026-04-08 09:16:02
3370,034034d4-2148-4c2f-8f7a-541502f3ee34,SOMAT Detergent rentavaixelles llima-llimona de 40 dosis,7.15,13.99,2026-04-08 09:16:11
3371,dc0483e8-2d89-48ec-9166-af80032f53d6,BREF WC Netejador WC Power Active Natura Pi,2.95,13.99,2026-04-08 09:16:16
3372,a4b1c674-fa3f-4cb0-b952-c801e4a26b42,DOLCE GUSTO Cafetera Krups Piccolo XS blanca,54.65,69.0,2026-04-08 09:17:01
3373,3e06a297-2e75-4b32-92de-ffb888f67281,CEGASA Llum emergència geolocalitzable V16,39.99,34.99,2026-04-08 09:18:51
3374,fc30cc55-4406-4d1e-8665-fe1539a5d9bd,GOURMET SOUP Snack líquid de pollastre per a gat,1.0,0.85,2026-04-08 09:19:12
3375,579f2589-29a3-4b7b-a9d8-5f217aafa135,GOURMET SOUP Snack líquid de Salmó per a gat,1.0,0.85,2026-04-08 09:19:13
3376,ed6facfc-12bf-4e64-ad74-f2bd33bb7aef,NAN SUPREME PRO Llet de continuació en pols,27.89,26.95,2026-04-08 09:19:24
3377,9e52d879-b886-40d5-acf7-6926b623de9a,NAN SUPREME PRO Llet de creixement  en pols,26.65,25.25,2026-04-08 09:19:24
3378,91b269a6-8fc5-47c1-b472-ad73ff397690,SEBAMED Tovalloletes humides per a nadó,9.99,7.49,2026-04-08 09:19:29
3379,413d8e8c-f9bc-4892-92ff-d8f9a1870cc5,SEBAMED Gel bany escuma bebé,19.89,14.89,2026-04-08 09:19:50
3380,46eebb5f-8d3e-40c0-b651-a5a798eb375c,SEBAMED Tovalloletes humides nadó,5.99,4.49,2026-04-08 09:19:50
3381,21ba3fb7-bc59-4bef-8d4b-beb24415f3f0,SEBAMED Gel bany escuma bebé,13.45,9.99,2026-04-08 09:19:52
3382,ea21b6e2-7757-4a71-ac4e-8963ec4a87a3,SEBAMED Llet corporal per bebé,13.25,9.89,2026-04-08 09:19:52
3383,93564b8c-41c8-429f-909e-9f8fe8f0b225,JUST LOADING Creatina,13.83,12.99,2026-04-08 09:20:59
3384,64a2999d-9d24-48fb-8c4b-0e426530ae77,Cogombre curt en malla 1 kg,2.99,2.49,2026-04-09 09:13:44
3385,89ccb936-8852-4dff-b7ea-8ce0f01a59d3,Col km01 u.,1.99,2.29,2026-04-09 09:13:44
3386,cde34e9c-46a1-4c4b-ac81-31669cf98463,BONPREU Pernil cuit extra a talls,1.99,1.79,2026-04-09 09:13:52
3387,66cb4779-1c49-4978-b1c5-bd5b04de145d,BONPREU Pernil serrano reserva,3.99,3.69,2026-04-09 09:13:52
3388,a58541b5-2101-4c22-afa1-e2efe7a4d1d8,BONPREU Pit d'indiot cuit reduït de sal,1.85,1.79,2026-04-09 09:13:52
3389,007a7a5c-177a-41c6-8fce-5f25a0d772cb,BONPREU Llonganissa ibèrica extra,2.85,1.99,2026-04-09 09:13:53
3390,41c6b200-217e-4afa-b466-b4814a88aab8,BONPREU Xoriço ibèric extra a talls,2.85,1.99,2026-04-09 09:13:53
3391,ca33c4d1-7582-471c-8c73-3b5d58117349,BONPREU Bacó cuit fumat,3.29,2.89,2026-04-09 09:13:55
3392,4ae8e099-0b16-48cd-89b1-5c9cb4ad0a76,ESPUÑA Bloc de pernil curat,4.15,3.85,2026-04-09 09:13:57
3393,9cc4dddc-7a6f-4932-9ded-9cc634819290,BONPREU Formatge edam llescat,2.29,2.1,2026-04-09 09:14:07
3394,c612a629-100d-4606-8dfb-5892594b8a37,BONPREU Formatge emmental,2.3,2.15,2026-04-09 09:14:07
3395,03bd32a4-a852-41f0-be73-912280067d5a,BONPREU Formatge fresc,1.19,1.15,2026-04-09 09:14:07
3396,e32bb2ef-88b5-4c39-95a6-57105d81ae13,BONPREU Formatge gouda llescat,2.35,2.15,2026-04-09 09:14:07
3397,9ab06282-d7da-4faa-99cb-0a6ccf624067,BONPREU Formatge ratllat Emmental,2.19,1.0,2026-04-09 09:14:07
3398,d0b85395-d149-4c1f-bb1a-5a6929a2d03b,BONPREU Formatge ratllat mozzarella,1.75,1.65,2026-04-09 09:14:07
3399,36c39d88-851e-454e-8c62-6b7e2c99f51d,BONPREU Formatge semicurat,2.89,2.69,2026-04-09 09:14:07
3400,e82104b2-d109-4315-886c-13e00220dc6d,BONPREU Formatge tendre d'ovella a talls,2.99,2.89,2026-04-09 09:14:07
3401,29d4c0cf-cbed-4290-874a-abda878c2fa3,SPIGA Mozzarella fresca,0.97,0.9,2026-04-09 09:14:07
3402,27177635-6795-4004-bcb1-290256af2b8f,BONPREU Formatge cheddar,2.19,2.0,2026-04-09 09:14:08
3403,8ebd8839-7e78-44f2-8ed7-1cad4d2eec1b,BONPREU Formatge fresc 0% MG,1.19,1.15,2026-04-09 09:14:08
3404,4bf95954-6641-4f6f-9f3e-d1c74f5f5493,GARCIA BAQUERO Formatge de cabra tendre,2.99,3.19,2026-04-09 09:14:08
3405,abbbaf46-af82-49f4-b38b-0eba8f040ae6,BONPREU Formatge cremós llescat,3.29,2.99,2026-04-09 09:14:09
3406,7b196adc-53ab-4f76-b4dd-c74e443a863b,BONPREU Formatge tendre a talls,3.1,2.99,2026-04-09 09:14:09
3407,9495bd00-bd78-4e88-885b-e2e6e2510f3c,MARGUI Formatge ratllat mix per fondre i gratinar,1.52,1.25,2026-04-09 09:14:09
3408,187ebcbc-135a-4fe0-9ba8-88c4a2aa76ba,SPIGA Mozzarella light,1.02,1.0,2026-04-09 09:14:09
3409,eb47e1a5-c249-48e2-a551-b35d14c4cf07,BONPREU Salmó fumat,3.89,3.8,2026-04-09 09:14:28
3410,82ab89e8-2d98-4a47-af0d-91e170714279,Gamba rosada del Mediterrani,14.99,11.99,2026-04-09 09:14:30
3411,fb0c1098-1182-4a85-8837-13ad7617bf18,BONPREU Oli d'oliva verge extra ecològic,4.6,4.65,2026-04-09 09:14:55
3412,f6e70403-d768-4bd2-9269-13f7f6d44d49,BONPREU Ametlles crues amb pell Km0,2.49,2.4,2026-04-09 09:15:02
3413,a4b85454-25b2-428c-bd59-1ca017042ca6,BONPREU Anacards crus,4.18,3.99,2026-04-09 09:15:02
3414,e7e2bd4b-bf4e-4d96-8434-67a60e8de6c4,BONPREU Avellanes repelades torrades sense sal,4.23,3.99,2026-04-09 09:15:02
3415,c6a08bf3-2c75-4a80-8c2f-7e73f76eff9c,BONPREU Pipes gegants torrades i amb aigua-sal,0.9,0.83,2026-04-09 09:15:02
3416,ce566b30-abfa-4e42-bde6-635936d8d205,BONPREU Ametlles crues repelades Km0,2.99,2.9,2026-04-09 09:15:03
3417,05ce02bc-d773-4490-b9de-886fdce146ef,BON PREU Dàtils sense pinyol dessecats,2.09,1.99,2026-04-09 09:15:04
3418,b6c97ccb-aa9d-4a55-aa81-8e8451b7426d,BONPREU Mango deshidratat,1.45,1.33,2026-04-09 09:15:04
3419,a8a26ad3-ab96-4e1e-a9ff-0e0a4d3fbf2c,BONPREU Nabius vermells dessecats,2.29,2.2,2026-04-09 09:15:04
3420,985343d4-4e44-42d3-8e45-c526f0d6f5a0,BONPREU Nous de macadàmia crues,3.15,2.99,2026-04-09 09:15:04
3421,bd786511-da00-4832-a37d-143d43ad364c,BONPREU Anacards torrats sense sal afegida,2.45,1.99,2026-04-09 09:15:06
3422,1ae1c8a6-be53-4c7d-8660-702e7e1ea9d7,BONPREU Orellanes d'albercoc dessecades,3.95,3.5,2026-04-09 09:15:06
3423,ceb749ae-e279-49c9-8ec3-22a453230e9a,BONPREU Pipes salades,0.78,0.72,2026-04-09 09:15:06
3424,dcf79b6f-1778-4bd0-8863-117d985e34a1,BORGES Prunes sense pinyol,2.99,3.35,2026-04-09 09:15:07
3425,461e16b2-5ea7-4dc3-92c1-4249f979607e,BONPREU Nous amb closca i obridor,3.07,2.99,2026-04-09 09:15:08
3426,ba407acf-d7fe-4eab-addc-d3c7920000f3,BARBACANA Cafè amb llet Cappuccino,0.8,0.85,2026-04-09 09:15:15
3427,7bbad7ba-3af4-42be-a817-06920877698b,BONPREU Cafè soluble,4.4,4.25,2026-04-09 09:15:15
3428,92f21001-fb57-45f4-890b-a75f43599ea3,L'OR Càpsules de cafè Ristretto,4.29,4.16,2026-04-09 09:15:15
3429,243ff245-e74a-4c45-9fe1-31571abd1d3a,L'OR Càpsules de cafè descafeïnat Ristretto,4.29,4.16,2026-04-09 09:15:15
3430,c1ac2d0e-3361-44ed-8f6c-75954650695d,MARCILLA Cafè molt natural Crème Express,5.45,5.65,2026-04-09 09:15:15
3431,98263d72-9f9a-43f6-996d-0ae2f65a47b1,L'OR Càpsules de cafè Colòmbia,4.29,4.16,2026-04-09 09:15:16
3432,21c2b4b6-c59c-4faf-8584-adc4a2e02a7b,MARCILLA Cafè molt barrejat Crème Express,5.45,5.65,2026-04-09 09:15:16
3433,a03632f1-230d-4354-a0db-bba9883328a9,BONPREU Cafè soluble descafeïnat,4.65,4.55,2026-04-09 09:15:17
3434,8a65c553-b8c3-464d-95a1-a061065e1b26,BONPREU Càpsules de cafè descafeïnat,3.55,3.45,2026-04-09 09:15:17
3435,3110aa0e-9feb-4624-b97d-f72c58b3a96e,L'OR Càpsules de cafè Forza,4.29,4.16,2026-04-09 09:15:17
3436,6bb08745-1d9c-4c8b-a9a1-c49408c550b0,MARCILLA Càpsules de cafè Intens,13.99,14.99,2026-04-09 09:15:17
3437,80c3efb1-2dfd-4948-8066-3bc3d51377b5,MARCILLA Càpsules de cafè Ristretto,13.99,14.99,2026-04-09 09:15:17
3438,360d9018-b732-4cf3-b1a4-3fa167ae5d3c,L'OR Càpsules de cafè Onyx,4.29,4.16,2026-04-09 09:15:18
3439,8d0faa13-2ee6-428a-ba87-fa6b1fcc7ab8,L'OR Càpsules de cafè Brazil,4.29,4.16,2026-04-09 09:15:19
3440,05543630-4141-43b6-935b-c2aeacad6554,BONPREU Càpsules de tallat,3.55,3.45,2026-04-09 09:15:20
3441,5b999521-580f-4fac-8ffb-157bbfcbc696,EKO Cereals solubles amb mel,4.09,4.15,2026-04-09 09:15:21
3442,204089e5-b115-4f5c-af91-350d396e4fa3,BONPREU Galetes amb trossets de xocolata sense gluten,1.58,1.54,2026-04-09 09:15:27
3443,41c86f0e-4647-45ac-9fe6-d38a6a2c866a,SCHÄR Galetes de xocolata sense gluten,3.95,3.85,2026-04-09 09:15:30
3444,956a12dd-8680-47b0-bc95-fe961b502787,BONPREU Crema de cacauet,2.85,2.75,2026-04-09 09:15:34
3445,65ca5018-0062-4bec-b124-850e6c44aac2,BONPREU Xocolata negra 72% amb taronja,2.15,1.95,2026-04-09 09:15:34
3446,64d7a731-ae44-4f32-93a0-ee1173f4b16b,BONPREU Xocolata negra amb ametlles senceres,2.75,2.6,2026-04-09 09:15:34
3447,315673e2-4466-4ec0-bbb0-1bf9ecf4d21e,BONPREU Xocolata negra especial per fondre,2.39,2.25,2026-04-09 09:15:34
3448,e50d1988-52e8-4380-8d9f-b1f9dea65b5a,NOCILLA Crema de cacau amb avellanes,6.49,4.99,2026-04-09 09:15:34
3449,f22521f3-092d-4db1-9d2c-cefddaeeb4ab,NATRULY Crema d'avellanes i cacau,8.39,7.99,2026-04-09 09:15:35
3450,cd58d0cc-e377-4b5d-b33f-8454deaa8cf6,BONPREU Crema de cacau amb avellanes,2.39,2.35,2026-04-09 09:15:36
3451,2d8684ef-a15e-4ae0-a3dc-aa29dd82bbf4,NOCILLA Crema de cacau i crema de llet,6.49,4.99,2026-04-09 09:15:36
3452,c3f6aa1a-25fc-4733-9444-3ffc891f734f,BONPREU Melmelada de maduixa,1.59,1.45,2026-04-09 09:15:41
3453,1e2b2f40-5d29-43ee-a49a-87ad1fe83620,BONPREU Melmelada de préssec,1.59,1.45,2026-04-09 09:15:41
3454,2940031c-1994-4b58-bb98-6e0dbf6c45bc,BONPREU Melmelada d'albercoc,1.69,1.65,2026-04-09 09:15:42
3455,85d80347-e1f0-476e-83f8-0b1716792979,BONPREU Melmelada de nabius,1.95,2.25,2026-04-09 09:15:42
3456,a8520554-21a9-44da-8498-dfd7dc214e16,BONPREU Barretes de pa,0.79,0.78,2026-04-09 09:15:45
3457,32c7320b-7d85-4887-83b6-67fee4403d08,BONPREU Bocinets amb cacau,1.42,1.49,2026-04-09 09:15:45
3458,dc7c0808-9836-42eb-be20-887be1a9d4e5,BONPREU Pa de llet,1.8,1.85,2026-04-09 09:15:45
3459,6f559a40-5bb7-48e2-a763-e30e4152a4a0,BONPREU Pa de motlle Fogassa,1.37,1.27,2026-04-09 09:15:45
3460,c633fe02-00d7-4dab-bef0-75d4408591f1,BONPREU Pa de motlle familiar,1.18,1.15,2026-04-09 09:15:45
3461,9c5f8eff-e96d-4b69-86bc-d885360d0189,BIMBO Bagels Llavors,2.69,2.59,2026-04-09 09:15:47
3462,a5afa70b-a55a-4acd-ba64-308ee95bd067,BONPREU Mini magdalenes amb trossets de xocolata,1.99,1.89,2026-04-09 09:15:47
3463,38521052-d0b6-4957-b624-00f5013c3889,BONPREU Coquetes de blat de moro amb xocolata negra,1.8,1.89,2026-04-09 09:15:48
3464,fe92525f-be4b-4533-ae12-013b6c8ae36f,BONPREU Magdalenes originals,2.19,2.29,2026-04-09 09:15:48
3465,a633b14a-0a51-4da1-a333-ac18d51fd546,BONPREU Magdalenes sense gluten,2.55,2.65,2026-04-09 09:15:48
3466,9af12ccf-e227-4384-be70-44947bab309e,DIAT RADISSON Torrades d'arròs i blat de moro sense gluten,2.35,2.39,2026-04-09 09:15:48
3467,69770080-be42-46af-8d37-257f770c8da5,SCHÄR Brioix dolç sense gluten,3.75,3.79,2026-04-09 09:15:49
3468,65aea010-1f3a-4864-be20-865d91b9eacd,BIMBO Pa de motlle natural 100% integral sense crosta,2.99,2.85,2026-04-09 09:15:50
3469,4bd3e09f-2d19-4bb8-a3ea-9eb7c330cd11,BONPREU Baguet sense gluten,1.99,1.95,2026-04-09 09:15:50
3470,a0ced4f6-036e-4755-b50a-6da8a064d694,BONPREU Coquetes d'arròs integral amb  xocolata  amb llet,1.8,1.75,2026-04-09 09:15:50
3471,1bf02362-75e9-488d-9826-46cf0c0982b0,BONPREU Croissantets de xocolata,1.19,1.29,2026-04-09 09:15:50
3472,b653f378-813c-47d0-8d5a-aadee9e1c7f2,ECOCESTA Coquetes d'arròs i fajol ecològiques,1.99,2.15,2026-04-09 09:15:50
3473,e71318f2-ce84-4c29-85b5-7ad0edb6c665,BONPREU Magdalenes quadrades,1.99,2.25,2026-04-09 09:15:51
3474,45b19cbc-b084-47c7-a0ec-18bd36ad697f,BONPREU Minibiscotes 100 % integral de blat,1.13,1.14,2026-04-09 09:15:52
3475,2bdf3ad0-b818-4070-a133-c2e3caadf781,IFA Brioix amb llavors de xocolata,1.58,1.44,2026-04-09 09:15:52
3476,9233a109-0fde-4063-b482-c538906017d4,IFA Croissants integrals 0% sucres afegits,1.85,1.97,2026-04-09 09:15:52
3477,ad1d9e73-7eed-4f40-b7e1-01b7d2134128,LA BELLA EASO Croissant,2.25,2.35,2026-04-09 09:15:52
3478,c4d4da9d-80e7-43b0-926e-086fe1e7fa17,MASTRIGO Pa torrat proteics,2.55,2.49,2026-04-09 09:15:52
3479,5298566e-c91d-45d6-8dbb-9d6d34153c7d,RECONDO Mini xapata rústica,2.35,2.49,2026-04-09 09:15:54
3480,5cc17589-0c0c-4d86-aa58-8719ce6fd771,SCHÄR Pastissets sense gluten Pausa Ciok,4.69,4.59,2026-04-09 09:15:54
3481,684e3113-742f-4806-90ff-e199bd764029,BONPREU Base rodona de Pasta de Full,1.1,1.05,2026-04-09 09:16:00
3482,8d8fc1b9-f006-4a48-8100-07946eb2abc3,BONPREU Mongetes vermelles cuites extra,1.25,1.2,2026-04-09 09:16:00
3483,596b65be-26fe-44aa-965b-3cc67008d19a,SCHÄR Gnocchi sense gluten,3.79,3.85,2026-04-09 09:16:03
3484,cf98dffb-ab55-4d1a-8c2f-1ebe57be0aca,SCHÄR Farina sense gluten,5.49,5.55,2026-04-09 09:16:04
3485,670a0f78-e368-474f-8f16-2b3ad885fa7e,BONPREU Olives farcides d'anxova,3.15,3.0,2026-04-09 09:16:08
3486,4fc14d25-2346-4dfd-9eba-85db9b36ec8b,BONPREU Tonyina clara amb oli d'oliva verge,4.99,4.9,2026-04-09 09:16:08
3487,26d282c2-0f91-4e88-9384-c5453fe0508d,BONPREU Bonítol del nord en oli d'oliva,5.25,4.99,2026-04-09 09:16:10
3488,8bc56f6b-4538-4b8c-8869-470b2fb46520,BONPREU Olives gaspatxes amb pinyol,2.99,2.5,2026-04-09 09:16:10
3489,45fed4a0-c37f-4b03-b819-691023b59c17,BONPREU Rodanxes de pinya amb el seu suc,2.69,2.5,2026-04-09 09:16:10
3490,2a2a6461-e334-4cec-9002-531f964a19b9,BONPREU Tomàquet trossejat,0.79,0.77,2026-04-09 09:16:10
3491,528e3abd-9821-4658-bee4-94a0496b5bf4,BONPREU Olives amb pinyol adobades amb all,1.95,1.9,2026-04-09 09:16:14
3492,2acf793d-f469-4cc1-af2b-25b16c53fb72,BONPREU Bledes,1.75,1.8,2026-04-09 09:16:15
3493,cc330374-4e05-4066-847c-d12791d82922,BONPREU Musclos en escabetx,2.89,2.8,2026-04-09 09:16:16
3494,c2391c3f-4d0d-4850-8934-1c8928d46e9b,BONPREU Brou de pollastre en pastilles,0.73,0.89,2026-04-09 09:16:25
3495,ab46324c-9624-48c5-a35b-70ceb986520c,BONPREU Brou de peix i marisc en pastilles,0.79,0.89,2026-04-09 09:16:26
3496,19af9090-987e-4eea-aba1-128e835e531b,BONPREU Brou sabor de carn en pastilles,0.79,0.89,2026-04-09 09:16:26
3497,7cc0831f-e829-4aec-bab7-832151a61366,BONPREU Tomàquet fregit,0.95,0.9,2026-04-09 09:16:29
3498,c8394d2c-2ee8-4e38-b669-91e3afbd3e78,BONPREU Crema Tahina,2.95,2.94,2026-04-09 09:16:30
3499,38f01d34-2cd4-4e11-9e68-56a729b661e0,BONPREU Maionesa,1.45,1.29,2026-04-09 09:16:30
3500,93e1362a-be9b-4e88-87a1-4fca50f3a3e4,ROYAL Gasificant en pols,2.39,2.25,2026-04-09 09:16:39
3501,a42cdee1-a632-4c6d-b9e1-544304b3f0f0,RESPIRAL Caramels d'eucaliptus mentolats,1.99,1.95,2026-04-09 09:16:48
3502,19edae32-952f-4b83-9942-69b81b1f2cc9,RESPIRAL Caramel de regalèssia mentol,1.99,1.95,2026-04-09 09:16:49
3503,778ce671-8e5c-46ff-8bde-33b6420189c4,RESPIRAL Caramel llimona mentol refrescant,1.99,1.95,2026-04-09 09:16:49
3504,2ee0b77e-858f-42ff-b1d5-f6d5f0abd237,ISOSTAR Beguda isotònica de llimona en pols,10.89,10.59,2026-04-09 09:17:02
3505,d3449a1c-32d2-44eb-8207-410f0aef5084,BIFRUTAS Beguda de llet i fruites Tropical en cartró,2.59,2.52,2026-04-09 09:17:05
3506,0b03232f-8fec-4266-a388-0fabab796d37,ESTRELLA GALICIA Cerveza especial 10 x 33 cl en llauna,8.65,8.79,2026-04-09 09:17:10
3507,0fb93f44-f134-447e-acc9-a8d760fe5555,VICTORIA MÁLAGA Cervesa en llauna,0.77,0.75,2026-04-09 09:17:10
3508,ba6bb135-114d-4128-af0c-dcd2a80104a7,PONY Beguda malta,1.52,1.44,2026-04-09 09:17:13
3509,794035cf-5225-46ec-94d4-26ded5d5a988,JOHNNIE WALKER Whisky escocès Black Label,28.89,25.95,2026-04-09 09:17:41
3510,b2b0926c-26e2-4e81-bf13-b94d8dcc3f04,BONPREU Beguda de civada 0% sucres en cartró,0.8,0.75,2026-04-09 09:17:45
3511,c430305d-2697-4a66-ae15-9287795dc41d,BONPREU Beguda de soja calci i vitamines 6x1L en cartró,4.5,4.14,2026-04-09 09:17:46
3512,9a995900-1f3f-4c01-afa4-6c84043a5211,BONPREU Beguda de soja en cartró,0.75,0.69,2026-04-09 09:17:46
3513,4714787c-9a9f-4ee6-b76a-fb624f841b68,BONPREU Filet de lluç arrebossat amb ou,4.95,5.15,2026-04-09 09:17:48
3514,8bcec18b-e97f-418f-b190-aed076474e66,BONPREU Filets de lluç Argentí sense pell,4.1,4.15,2026-04-09 09:17:48
3515,e3aec874-9871-42b4-9481-812b28a0bec8,BONPREU Rodanxes de lluç argentí,4.62,4.69,2026-04-09 09:17:48
3516,c1f6bf1a-435d-476d-8e20-da2b2e1a305d,FERRER Cloïsses blanques del Pacífic,1.89,1.99,2026-04-09 09:17:48
3517,5b8800de-cbd9-41ef-9ebc-376b74ab2a99,BONPREU Rabas de canana gegant arrebossades,4.11,4.09,2026-04-09 09:17:49
3518,7dcfaef2-27b5-4fc0-a605-7eff27e29493,BONPREU Samfaina,1.74,1.79,2026-04-09 09:17:52
3519,f764ef0a-277c-4aeb-894f-9ebd98e54383,BONPREU Faves fines,1.36,1.29,2026-04-09 09:17:53
3520,6d541bb3-d220-45a0-bd9f-1ccd08524f54,CN Alvocat a daus,3.59,2.95,2026-04-09 09:17:53
3521,603747bc-9da0-47db-bc02-917a64d75f85,MCCAIN Patates fregides Mediterranean Potatoes,3.95,3.47,2026-04-09 09:17:53
3522,a69c5ee6-d1a1-4a2d-8e7e-5da296e0c1d1,"BONPREU Saltat d'espàrrecs, alls i gambes",2.99,2.9,2026-04-09 09:17:54
3523,5f1fd3b0-96b3-4309-8802-eb1e12db42f9,BONPREU Saltat de verdures,1.15,1.16,2026-04-09 09:17:54
3524,f5ea22e7-37b6-4ee5-8b44-c24d6cd883c1,BONPREU Arròs precuit,1.99,1.89,2026-04-09 09:17:55
3525,9cbac6ff-6e74-4883-a810-89c739b034ea,BONPREU Canelons d'espinacs 3u.,1.79,1.73,2026-04-09 09:17:55
3526,5efebcb3-147d-4aae-b95c-6da3e1e6c648,BONPREU Lasanya de carn anb beixamel,2.59,2.12,2026-04-09 09:17:55
3527,269dc6a7-477b-41e2-a207-3a685407765e,BONPREU Varetes de lluç,3.75,4.78,2026-04-09 09:17:57
3528,7a2e3116-07fe-4f20-8226-e7bff62923ef,PESCANOVA Filet de lluç arrebossat,4.34,4.35,2026-04-09 09:17:57
3529,880c9b56-626c-40ee-a28b-fac5481a8380,PESCANOVA Nuggets de lluç,2.79,2.89,2026-04-09 09:17:57
3530,64bee908-8220-458b-ae98-5dc76ee10259,SCHÄR Tires de pit de pollastre sense gluten,5.85,5.99,2026-04-09 09:17:57
3531,47e4ab43-2859-461c-a3db-73124699f8d5,BONPREU Barra de gelat sabor de vainilla,1.95,1.9,2026-04-09 09:18:04
3532,c9fdb1de-c2da-4eea-8040-9c14643db8ed,"BONPREU Gelat amb sabor de vainilla, nata i xocolata",1.95,1.9,2026-04-09 09:18:04
3533,f763bccb-15e4-4fe7-96a8-7fad299b619b,BONPREU Barra de gelat sabor de nata,1.95,1.9,2026-04-09 09:18:05
3534,8165ecba-31eb-4684-87c8-ee0da0fa98c5,BONPREU Gelat amb sabor de maduixa i nata,1.95,1.9,2026-04-09 09:18:05
3535,64dc5a90-6bee-4eb4-8255-1830b12aaf82,BONPREU Gelat amb sabor de vainilla i xocolata,1.95,1.9,2026-04-09 09:18:05
3536,0ff7199a-9541-4f46-aef6-d7f9637451d4,ARDO Maduixes,2.69,2.25,2026-04-09 09:18:08
3537,01930566-e3aa-451a-a506-4ec624f737d9,BONPREU Llet semidesnatada 6x1L en cartró,5.28,5.04,2026-04-09 09:18:12
3538,1948dcfb-fe74-4441-8613-2a63ec353aa3,BONPREU Llet semidesnatada UHT sense lactosa,0.96,0.94,2026-04-09 09:18:12
3539,0ac61b94-f9d8-4f4d-8f2e-92755f5d75cb,BONPREU Llet semidesnatada en cartró,0.88,0.84,2026-04-09 09:18:12
3540,9353f60a-95c7-4dea-ae61-50b1baf13c05,BONPREU Llet semidesnatada sense lactosa 6x1L en cartró,5.76,5.64,2026-04-09 09:18:12
3541,6f57a0e4-c823-458f-9e79-02dc94e91c29,BONPREU Llet sencera 6x1L en cartró,5.82,5.76,2026-04-09 09:18:12
3542,38fe4e0d-81fe-494c-9d54-3b38ec09e01e,BONPREU Llet sencera en cartró,0.97,0.96,2026-04-09 09:18:12
3543,3381ee23-6df0-4e2c-bd83-1d4499439725,BONPREU Llet desnatada 6x1L en cartró,5.04,4.92,2026-04-09 09:18:13
3544,9b180a6e-7ca1-4bd4-9b7c-75b6c5e4623d,BONPREU Llet desnatada en cartró,0.84,0.82,2026-04-09 09:18:13
3545,3eae7b30-7df2-4596-ac09-c3194e30768f,IFA Llet sencera sense lactosa,1.04,1.03,2026-04-09 09:18:13
3546,2590d15b-2eec-42f4-a14f-3ca524f28469,GAZA Llet semidesnatada d'ovella en cartró,2.59,2.69,2026-04-09 09:18:15
3547,98c38dad-edf8-42c1-ae08-fc272e28b6fd,PASCUAL Llet desnatada amb calci en cartró,1.79,1.76,2026-04-09 09:18:16
3548,67f76e91-3450-47b8-a4d2-20ad3d1cc6df,GAZA Llet semidesnatada d'ovella 6 x1 L en cartró,15.54,16.14,2026-04-09 09:18:17
3549,c626339f-daf0-4d34-a021-7499bf98c304,PASCUAL CALCI Llet semidesnatada amb calci 6x1L en cartró,10.74,10.56,2026-04-09 09:18:17
3550,67540fe6-1988-4a9a-97f9-7625f2e95f6c,PASCUAL Llet semidesnatada amb calci en cartró,1.79,1.76,2026-04-09 09:18:17
3551,5c6c6468-7477-438f-90ea-4333448709f8,PULEVA MAX Beguda làctia sense lactosa en cartró,1.89,1.95,2026-04-09 09:18:17
3552,c85a217b-19fb-4bcc-949e-b7903761f8ee,PASCUAL CALCI Llet desnatada amb calci 6x1L en cartró,10.74,10.56,2026-04-09 09:18:18
3553,92a9ae8c-faeb-4e5b-990f-ed4cd8e8a286,PULEVA MAX Llet sense lactosa 6x1L en cartró,11.34,11.7,2026-04-09 09:18:18
3554,a1d6a6e4-a905-4a0b-9066-8bb1c8160d68,GERVAIS Natilles de vainilla,1.1,1.05,2026-04-09 09:18:23
3555,dcfad001-c348-4638-869e-3924b96aa572,PERALADA Recuit d'ovella by Jordi Roca,2.49,1.99,2026-04-09 09:18:24
3556,f6b140b5-4012-445e-984a-690886dbd92e,BONPREU Iogurt grec amb stracciatella,1.49,1.29,2026-04-09 09:18:25
3557,9e1c989f-c3b4-40ae-b7a5-f983f9d25692,BONPREU Iogurt grec natural,1.25,1.15,2026-04-09 09:18:25
3558,b18e516d-e43a-427e-a3ff-8ef0e138e9da,DANONE Iogurt natural,1.7,1.99,2026-04-09 09:18:25
3559,40857452-2a85-4623-adbb-0101bfa45045,BONPREU Iogut natural desnatat,0.79,0.77,2026-04-09 09:18:26
3560,a6dd0059-4260-416f-9502-42f2ac6fdd72,DANONE Iogurt natural ensucrat,1.7,1.99,2026-04-09 09:18:27
3561,d52ccaf8-0c82-4420-8aa6-0744b6993f90,MARGUI Iogurt grec natural lleuger,1.5,1.55,2026-04-09 09:18:27
3562,429ca30c-34a6-4bad-b9f3-3e1020334dd8,ALPRO Producte vegetal a base de soja de mango sense sucre,2.6,2.55,2026-04-09 09:18:28
3563,9d58a0c6-bfd0-4d90-b3c4-015c1ce4a18c,ALPRO Producte vegetal de soja i maduixa,2.6,2.55,2026-04-09 09:18:28
3564,d7b83c3a-a15c-47f5-a8e7-9babb58d11ff,ALPRO Producte vegetal de soja natural,2.6,2.55,2026-04-09 09:18:28
3565,51697f5c-64f5-4608-bd1f-1c37931cf4a9,BONPREU Iogurt amb gust de coco,0.77,0.75,2026-04-09 09:18:28
3566,39754983-7897-4a1c-a890-5888166b9ed9,BONPREU Iogurt amb gust de llimona,0.77,0.75,2026-04-09 09:18:28
3567,1e350db8-6862-4e4c-943f-b3360e022361,BONPREU Iogurt líquid de maduixa i plàtan semidesnatat,1.4,1.5,2026-04-09 09:18:28
3568,91391c5f-2b91-4765-9643-d5d16e04ccef,EL PASTORET Iogurt artesà ecològic de plàtan i galeta,1.09,1.1,2026-04-09 09:18:28
3569,bccce763-9436-40f3-b03b-1e91891ec362,ALPRO Producte vegetal de soja i fruites del bosc,2.6,2.55,2026-04-09 09:18:29
3570,91141482-30a3-4a91-86c2-fbffc07e36ca,BONPREU Beguda làctia Lactocol de maduixa 0%,2.55,2.5,2026-04-09 09:18:29
3571,c28e549b-9e1f-4536-80d6-23d51fdd56ef,BONPREU Iogurt amb gust de macedònia,0.77,0.75,2026-04-09 09:18:29
3572,78602766-851a-4f6d-9372-7354979a7404,BONPREU Iogurt amb gust de maduixa,0.77,0.75,2026-04-09 09:18:29
3573,fea179cf-e3db-4408-8f2f-51ac755516f8,BONPREU Iogurt líquid de maduixa semidesnatat,1.4,1.5,2026-04-09 09:18:29
3574,3a0cacf6-9075-4fb9-b0a8-a91244048348,ALPRO Producte vegetal soja exòtic,2.6,2.55,2026-04-09 09:18:30
3575,82ccbb99-44b0-49b8-bd66-8bb2c3b2c648,BONPREU Beguda làctia Lactocol natural 0%,2.55,2.5,2026-04-09 09:18:31
3576,ebe46ce6-1d3e-46b9-a78d-36eaa1488ee2,SANEX Gel de dutxa cura Expert Protector,3.89,3.8,2026-04-09 09:18:35
3577,aee74de7-d93a-40c4-b69c-3e3550e374f5,BONPREU Mascareta nodreix i repara,1.99,2.39,2026-04-09 09:18:42
3578,065c1998-99ee-4390-b3b4-7603f5f7adfd,ELVIVE Mascareta Total Repair,4.89,4.4,2026-04-09 09:18:42
3579,3c0bf04a-127f-4c29-a074-cf8177d5fc25,ELVIVE Mascareta hidra hialurònic,4.89,4.4,2026-04-09 09:18:42
3580,dfc8af4c-3381-4aed-b8d0-5056166de6bd,BONPREU Laca forta,1.8,1.89,2026-04-09 09:18:43
3581,b25fd3c1-d6b0-4ad4-a71f-364a940948e7,BONPREU Mascareta hidratació,1.99,2.39,2026-04-09 09:18:44
3582,3079a90a-99fb-417b-8cce-58eb4712b496,ELVIVE Mascareta Color Vive,4.89,4.4,2026-04-09 09:18:44
3583,a17bbe6a-5b61-42e4-acc9-1e46aac1ee71,ELVIVE Mascareta Dream Long,4.89,4.4,2026-04-09 09:18:44
3584,ad1a5b5c-6e78-4238-af56-5f6e9e97bbfe,PANTENE Ampolles rescat 1 minut,4.45,4.35,2026-04-09 09:18:46
3585,9f5ee6d8-0ea0-41a6-9dd3-178a21d4603a,BONPREU Mascareta fortificant,1.99,2.39,2026-04-09 09:18:47
3586,8427bd7e-de9e-4700-81b3-eca6123b0bf1,L'ORÉAL PARIS Retoca arrels castany Magic Retouch,6.49,6.1,2026-04-09 09:18:47
3587,92f43fee-d66a-4f3b-8377-cbc02cab2d45,L'ORÉAL PARIS Retoca arrels color castany fosc Magic Retouch,6.49,6.1,2026-04-09 09:18:47
3588,959ccb64-da7c-4332-bd66-65ca694f18ea,L'ORÉAL Retoca arrels ros Magic Retouch,6.49,6.1,2026-04-09 09:18:47
3589,ec93d21d-9d28-4511-b43c-69ed652c35dd,PANTENE Ampolles rescat 1 minut llis,4.45,4.35,2026-04-09 09:18:48
3590,73028ae1-a62c-4dff-ad81-0efecd1bc939,BONPREU Bastonets higiènics 100% cotó,0.9,0.85,2026-04-09 09:18:54
3591,dd628968-d9bb-4db8-83a2-6855e28af322,BONPREU Discs desmaquilladors rodons,0.84,0.79,2026-04-09 09:18:54
3592,acbfa98d-da0f-4774-bc8c-48695df3c3bf,BONPREU Aigua micel·lar,2.99,2.89,2026-04-09 09:18:55
3593,a50839d2-b9d4-45d6-b604-31cc37f6bf11,L'OREAL MEN EXPERT Crema facial Hydra Energètic,8.95,6.95,2026-04-09 09:18:55
3594,1cf56a1e-fb2c-4cb1-a8f6-35a650a200f4,BONPREU Elixir bucal protecció antiplaca,1.35,1.29,2026-04-09 09:19:14
3595,a023e84c-e8d7-459f-9474-90e9f6b82371,BONPREU Elixir bucal protecció contra la càries,1.35,1.29,2026-04-09 09:19:14
3596,e1d7a770-94fd-49e0-853c-f3334d95fd9d,LISTERINE Elixir bucal amb fluor Cura Total,5.65,5.4,2026-04-09 09:19:14
3597,3046e4f2-e99c-4b2f-acff-fc479c38de95,ORAL B Dentifrici Protecció Professional,2.95,2.85,2026-04-09 09:19:14
3598,70415860-5e9e-4dc8-bc7c-2cade523fdab,ORAL B Recanvi per a raspall de dents elèctric,14.95,14.5,2026-04-09 09:19:14
3599,bdfcd107-6d89-443f-83a7-bd4d25d7c970,LISTERINE Elixir bucal dents i genives,5.65,5.4,2026-04-09 09:19:15
3600,f309d338-3fb4-4add-b695-433ab6fc20b2,BONPREU Elixir bucal júnior maduixa,1.59,1.4,2026-04-09 09:19:16
3601,0e2d1bf2-b0cd-4c29-a1c8-6a70ac3f0e40,BONPREU Raspall de dents per a genives sensibles suau,1.59,1.29,2026-04-09 09:19:16
3602,10b11919-74dc-48df-a2c1-117b00abeb4f,BONPREU Raspall de dents premium mitjà,1.35,1.29,2026-04-09 09:19:16
3603,7eb9e211-08b1-4a0d-9fe2-4caffcc18b63,BONPREU Raspall de dents premium suau,1.35,1.29,2026-04-09 09:19:16
3604,7002164b-d681-4d20-964b-49ef4bb65d54,BONPREU Sabó de mans dermo,1.49,1.4,2026-04-09 09:19:20
3605,835cf0e7-54f2-48f4-83ac-854079c30848,BONPREU Raspall per a ungles,1.95,1.89,2026-04-09 09:19:21
3606,5f9c733b-28b2-46c2-999d-fa8265d62f86,BONPREU Tallacutícules,2.3,2.1,2026-04-09 09:19:22
3607,06605c87-5ac8-463f-b7d7-c05ff8d8cb5b,BONPREU Bandes de cera per depilar facials,1.1,0.99,2026-04-09 09:19:28
3608,4623e750-26fb-49e6-a02e-3cf3ae11d06f,BONPREU Desodorant àloe vera,1.69,1.65,2026-04-09 09:19:28
3609,0691348c-bf4e-402e-8ec5-7db2634ec1a9,CAREFREE Protector íntim Flexiform,2.05,1.95,2026-04-09 09:19:28
3610,1b9f3269-6e95-4b81-96b9-9ae55a888bcd,EVAX Compresa súper amb ales Cottonlike,4.2,4.35,2026-04-09 09:19:28
3611,6599875e-bdb0-4a2d-acb7-1997a7841bb9,BONPREU Bandes de cera per depilar corporals,1.4,1.29,2026-04-09 09:19:29
3612,c14fc636-400e-48c0-9326-0d9966e132e6,BONPREU Compresa normal sense ales,0.87,0.85,2026-04-09 09:19:29
3613,0acc4753-9185-4180-b809-ce4c11a63c74,BONPREU Desodorant i esprai corporal Temptació,1.69,1.29,2026-04-09 09:19:29
3614,f08bd5e8-ae6f-4a86-81da-1745576107fa,BONPREU Maquinetes basculants d'afaitar 3 fulles,2.15,1.95,2026-04-09 09:19:29
3615,46e65d74-ca21-4b33-820f-0e66de664adb,BONPREU Maquinetes basculants per depilar 3 fulles,2.45,2.15,2026-04-09 09:19:29
3616,b326a5f4-b832-4732-b349-a9b19ac4d1c9,BONPREU Maquinetes d'afaitar 2 fulles,1.05,1.1,2026-04-09 09:19:29
3617,e446d4ae-f1f5-4e03-94e3-be31adaf030e,BONPREU Desodorant dermo,1.69,1.65,2026-04-09 09:19:30
3618,7a8453fe-1bed-4637-9e2f-8d1c5e519801,BONPREU Desodorant i esprai corporal Luxúria,1.69,1.29,2026-04-09 09:19:30
3619,7acdfe81-e06a-471b-9e22-195293a06458,BONPREU Maquinetes per depilar 2 fulles,1.95,1.4,2026-04-09 09:19:30
3620,c5708782-d59e-4788-a7ea-8739039ca4b3,SANEX Desodorant Zero % en esprai,2.99,2.9,2026-04-09 09:19:30
3621,73e1ffcb-bf00-4df2-b6f0-b7b02ba5c64a,BONPREU Desodorant invisible perfum intens,1.69,1.65,2026-04-09 09:19:31
3622,0e03dbc0-91bf-4e65-a4ed-c13334242c67,BONPREU Desodorant sedós,1.69,1.65,2026-04-09 09:19:31
3623,44736367-491f-44f4-8229-d150b73f1115,IFA Crema depilatòria per a pells sensibles,2.8,2.65,2026-04-09 09:19:31
3624,4cbf369d-c3b9-428f-92c4-4908d7ab9555,BONPREU Desodorant invisible perfum floral,1.69,1.65,2026-04-09 09:19:32
3625,af311953-3961-4197-95a8-d1adae870689,BONPREU Maquinetes d'afaitar,1.95,1.4,2026-04-09 09:19:35
3626,f7509c64-172d-4219-bdb9-b465a41892a6,VICTORIO & LUCCHINO Aigua de colònia V&L nº17 Flor Sensual per a dona,14.95,14.99,2026-04-09 09:19:42
3627,fba378ad-648e-4ff8-a5de-ea399bb871da,VICTORIO & LUCCHINO Aigua de colònia nº 13 Naturaleza Salvaje,14.95,14.99,2026-04-09 09:19:43
3628,2c9d1f8f-5114-4290-8904-bc6eda7aa3a2,BONPREU Lleixiu blanquejant,1.2,1.25,2026-04-09 09:20:04
3629,ea0a9f70-8870-4999-a5fd-f6befe7e4946,BONPREU Lleixiu dens marí,1.2,1.25,2026-04-09 09:20:05
3630,1a231167-ef2d-4cd5-ba68-cfb91a073d8d,BONPREU Netejador multiús,1.09,1.2,2026-04-09 09:20:08
3631,19a5f6d7-bd98-43d4-800f-cd0be6585d7c,BONPREU Netejavidres,1.09,1.2,2026-04-09 09:20:09
3632,3cbd0f65-5bfc-4e16-8ab1-39f4f1e022c3,BONPREU Netejador terres floral concentrat,1.69,1.6,2026-04-09 09:20:10
3633,55c39457-01f6-4950-b105-e2bb7e8d88e4,BREF Netejador WC Blue Active Floral,3.85,4.15,2026-04-09 09:20:12
3634,468eb86d-9039-4407-b245-8bb61fb1e531,BREF Netejador WC Moments Relax Armonía,3.85,4.15,2026-04-09 09:20:12
3635,010eb7df-fa35-416e-a389-9a6d69b30d52,BREF Netejador WC Moments Relax Serenitat,3.85,4.15,2026-04-09 09:20:12
3636,f838c16c-267f-4d12-9679-f9187e3faec5,BREF Netejador wc oceà àrtic,3.85,4.15,2026-04-09 09:20:12
3637,850ae4f5-aff4-490a-a77e-79020366e380,BREF WC Netejador WC Blue Active,3.85,4.15,2026-04-09 09:20:12
3638,db4aee51-8525-4cd3-ac43-22f253eb4040,BONPREU Raspall bàsic sense pal,1.15,1.39,2026-04-09 09:20:14
3639,d55c4244-e17f-41da-ad1e-f2c222ba2145,BONPREU Sacs escombraries industrials 100 L,1.89,1.49,2026-04-09 09:20:14
3640,59cdb6ac-0cf7-44ec-9b78-f4ebc1e4ff18,BONPREU Baieta microfibra multiús,3.99,4.25,2026-04-09 09:20:15
3641,c075121c-ba91-43ea-a9cd-eb1d3408f505,BONPREU Raspall para cops sense pal,2.29,1.99,2026-04-09 09:20:15
3642,ae16c885-efe8-4ced-9409-f4c2398ab645,BONPREU Pal llarg universal,0.99,1.19,2026-04-09 09:20:17
3643,b8b57c7c-0b22-4e34-bf90-c0e168f310a6,BONPREU Pal metàl·lic per baieta,0.89,1.15,2026-04-09 09:20:17
3644,f9628e78-b90c-42ba-b883-467568f72a9a,BONPREU Ambientador per a armaris aroma roba neta,1.15,0.99,2026-04-09 09:20:19
3645,07bb161d-6be8-4a0a-bc3d-468ebce66124,BONPREU Ambientador per armaris aroma flor de cotó,1.15,0.99,2026-04-09 09:20:19
3646,911f5fb6-7207-4e94-bda1-3ff856d3102d,BONPREU Ambientador per a armaris aroma espígol,1.15,0.99,2026-04-09 09:20:20
3647,19151ec9-c380-4b87-a8b4-0b8439b34c01,BONPREU Ambientador per a armaris aroma fruits vermells,1.15,0.99,2026-04-09 09:20:20
3648,6d5f2a5b-e880-46cb-bab6-d7888ed9010c,BONPREU Difusor elèctric i recanvi ambientador roba neta,3.75,3.79,2026-04-09 09:20:20
3649,6011f62c-22ba-41f2-a067-e055612cb4a8,BONPREU Espelmes blanques,1.99,1.85,2026-04-09 09:20:25
3650,66764d14-01d5-4b98-b0bc-e15d05595fe3,BONPREU Llumins extrallargs,2.69,1.99,2026-04-09 09:21:56
3651,bbf566b1-038e-43f0-a82d-2525d263941d,BONPREU Insecticida mosques i mosquits,2.25,2.35,2026-04-09 09:22:35
3652,2137b9c4-9cfe-4bb4-96df-add0d9909306,BONPREU Aliment complet per a gos adult,10.99,10.79,2026-04-09 09:23:04
3653,54307aa4-287a-4815-aa63-82bff0bfb728,"BONPREU Menjar de salmó, truita de riu i verdures per a gat adult",0.79,0.73,2026-04-09 09:23:11
3654,9b083483-53bd-495f-bf94-0cdc4b836ade,NIDINA 2 Llet de continuació en pols,17.95,17.2,2026-04-09 09:23:30
3655,be81ecdf-dde2-4eef-9cf9-aa85d5207588,NATIVA 1 Llet per a lactants en pols,11.95,11.7,2026-04-09 09:23:32
3656,73155deb-f394-4ce4-8395-16c666a8a440,NIDINA 1 Llet per a lactants en pols,14.9,14.0,2026-04-09 09:23:32
3657,946fff8f-6ead-4dea-850e-2eda9cca24b0,BONPREU Tovalloletes humides per a nadó pells sensibles,0.9,0.75,2026-04-09 09:23:33
3658,be2f4d8e-0951-4229-a033-86a525da7dd4,HAPPY BEAR Pitets llisos colors,6.99,9.99,2026-04-09 09:23:35
3659,e162dfe1-e770-4ed8-9070-70fb1c1b75fe,BONPREU Bolquer calcetes T.6 (16-22 kg),6.39,5.95,2026-04-09 09:23:37
3660,b0a13113-16af-44ea-9fcc-aa6d87cd216e,BONPREU Bolquer calcetes T.5 (12-18 kg),6.15,5.75,2026-04-09 09:23:38
3661,407317bf-ff84-4b22-8f85-c448370ab5c6,ALPRO Producte vegetal de coco,2.6,2.55,2026-04-09 09:24:56
3662,4a93d252-db70-4018-b17d-53bf3c076773,SCHÄR Panets sense gluten,4.05,4.09,2026-04-09 09:25:00
3663,70a46ef1-207b-4a2c-b2b1-56f179d5e4d9,LA COLLITA Cabdells d'enciam ECO en terrina de 300 grams,1.99,1.33,2026-04-09 21:04:41
3664,3853d9e0-17e1-488e-a6f9-a69f2fb171bc,LA COLLITA Bròcoli 1 u.,1.59,1.99,2026-04-10 09:18:23
3665,2d9c9b56-716a-4a67-a4b4-0ce7bbcb6ed6,LA COLLITA Maduixot en terrina de 500 g,2.19,2.35,2026-04-10 09:18:23
3666,25805d40-2fda-4f96-95de-753b7a498922,Llimona 1 u.,0.75,0.78,2026-04-10 09:18:27
3667,9ab06282-d7da-4faa-99cb-0a6ccf624067,BONPREU Formatge ratllat Emmental,1.0,1.99,2026-04-10 09:18:42
3668,8552ee01-39f6-47e9-a8e8-80b22e1014e3,Bacallà esqueixat salat,6.0,6.25,2026-04-10 09:18:59
3669,0531c12e-bf06-4f10-aaf5-a90b2c9d2f2a,CRISTALLINO Pa de vidre 100% integral de blat,2.35,2.69,2026-04-10 09:19:01
3670,d657c510-8918-4a65-9cab-1e082dbab4cf,Pa rodó elaborat amb farina integral (50%) de blat,1.85,1.99,2026-04-10 09:19:01
3671,33e539b7-ce74-40c0-80d1-73aaa055dde8,BONPREU Ametlles repelades fregides i salades,2.36,2.21,2026-04-10 09:19:26
3672,500b24df-2e0d-473e-bf4f-2fbddd109db7,TUC Aperitiu Tuc Formatge,1.63,1.59,2026-04-10 09:19:28
3673,91026c87-5e85-4a79-8ff6-f8c65b04d12a,CHIPS AHOY Galetes amb xocolata,2.5,2.4,2026-04-10 09:19:43
3674,4fc14d25-2346-4dfd-9eba-85db9b36ec8b,BONPREU Tonyina clara amb oli d'oliva verge,4.9,4.99,2026-04-10 09:20:14
3675,8bc56f6b-4538-4b8c-8869-470b2fb46520,BONPREU Olives gaspatxes amb pinyol,2.5,2.85,2026-04-10 09:20:15
3676,d3cdc152-86f2-4a00-b106-8751a4491a0b,BONPREU Olives adobades sense pinyol,1.85,1.9,2026-04-10 09:20:17
3677,35772480-f3bd-43ed-9d09-bb31fcfad221,ROYAL Llevat per elaborar pa,2.3,2.25,2026-04-10 09:20:36
3678,938407a2-82c2-489b-ad64-118990d0d355,ROYAL Quallada,1.6,1.45,2026-04-10 09:20:36
3679,5800c1a5-8bb0-44d0-ad23-d529db1ad6c5,SAN MIGUEL Cervesa especial 12 x 25 cl en ampolla,4.8,6.84,2026-04-10 09:21:00
3680,d6c43b86-95c5-48fa-be79-6d85587218f3,LAWA Creps,3.15,3.55,2026-04-10 09:21:42
3681,76f31d46-1148-4eff-b15c-5da11de7b3ff,LA COLLITA Llimona ecològica en malla 500 g,1.89,1.99,2026-04-11 08:53:59
3682,05ab4fa2-999b-424e-8a00-9b02e513f697,Pebrot dolç verd italià 1 u.,0.51,0.68,2026-04-11 08:53:59
3683,252cc25d-6fb7-4217-885f-06e45ba343b1,Tomàquet madur 1 u.,0.42,0.46,2026-04-11 08:54:00
3684,2726e356-0bfe-40dd-8cbf-2288c9f742b3,Tomàquet verd 1 u.,0.77,0.86,2026-04-11 08:54:02
3685,e47c25d2-e004-40bf-ba2f-2283d0d87743,BONPREU Xocolata negra 72%,1.99,1.79,2026-04-11 08:55:35
3686,984694d6-9777-48f2-b0e7-a35c86e73882,BONPREU Xocolata negra 91%,2.59,2.35,2026-04-11 08:55:35
3687,3d80e700-a522-40d3-972c-37015d21abc0,BONPREU Xocolata negra amb sal marina,1.99,1.85,2026-04-11 08:55:35
3688,1ff4881f-a93c-4c14-8c99-78d7d9c317e6,RED BULL Refresc energètic en llauna,2.09,2.15,2026-04-11 08:56:49
3689,461a83b9-a69d-439a-a7cb-9429f77700f2,"DON SIMON ""Tinto de verano"" sense alcohol",1.39,1.49,2026-04-11 08:57:09
3690,a66c73f6-a1ce-4497-878c-81615e24ff3a,"DON SIMON ""Tinto de verano"" sense alcohol",1.39,1.49,2026-04-11 08:57:10
3691,2b4362df-bc43-4458-afdd-4bc8000d4254,BEXIDENT Pasta dentífrica genives,15.79,14.95,2026-04-11 08:58:47
3692,ba529a8d-b71c-4045-8686-84ccf3fd2084,ISDIN Gel d'higiene íntima Germisdin,14.95,13.95,2026-04-11 08:59:01
3693,01f67ca3-a33e-49f0-80d7-b6128a53e9df,ISDIN Fotoprotector facial Magic Fusion Water FPS 50,27.49,25.95,2026-04-11 08:59:04
3694,d4709b82-416a-4356-8b47-b90544aff06f,ISDIN Fotoprotector facial Magic Medium FPS 50,27.49,25.95,2026-04-11 08:59:05
3695,407fbbc0-c2ca-4513-839f-d40110b01ab4,ISDIN Fotoprotector facial color bronze FPS 50,27.49,25.95,2026-04-11 08:59:05
3696,87df47b3-657c-4248-bb3d-9620b28bc651,ISDIN Fotoprotector facial color light FPS 50,27.49,25.95,2026-04-11 08:59:06
3697,5d49a89c-71dd-40fb-a692-d2463bcbf0b9,ISDIN Fotoprotector facial Magic Pediàtrics FPS 50,27.49,25.95,2026-04-11 08:59:13
3698,a7b80b8c-4f7c-4051-88c0-44973d93cf62,KIDEL Sosa càustica,3.49,3.55,2026-04-11 08:59:29
3699,42d156f4-b522-4556-a6c2-668a674c1e39,Briquetes ecològiques de carbó vegetal,3.65,3.99,2026-04-11 09:01:06
3700,60175246-30d6-4829-b7f0-dfa93d7f2fc6,"BONPREU Menjar amb pollastre, xai i arròs per a gos de raça petita",3.65,3.79,2026-04-11 09:02:06
3701,ad07cfe8-adc5-48bf-8d98-c6d16b2ae727,BONPREU Os premsat de boví de 10 cm per a gos,1.15,1.45,2026-04-11 09:02:06
3702,0e9b1e19-731a-46c9-8465-129276dfc122,DCU Auriculars de botó amb micròfon blanc,10.0,14.95,2026-04-12 09:13:08
3703,55ccd20a-9e83-4683-a79d-066375a180ed,Carbassó ecològic en safata de 600 g,3.19,2.99,2026-04-13 09:52:10
3704,ee9139d3-c50b-469a-a075-a36f2dec67d0,Filet de Llobarro,6.59,6.99,2026-04-13 09:52:41
3705,a58fc306-9e61-440f-8994-2477cdf0f1d5,Filet de llobarro,11.58,12.0,2026-04-13 09:52:42
3706,27c0d613-abb0-42fa-ba6b-6b6d8f13df13,ANGOMAR Llom de bacallà dessalat,9.89,10.99,2026-04-13 09:52:43
3707,ec93432b-da34-4d62-87a0-8cbae58aec7f,BONPREU Pizza fresca barbacoa,2.89,2.99,2026-04-13 09:52:55
3708,93261b04-e9ac-4450-996e-279e069008e9,BONPREU Pizza fresca de pernil i formatge,2.89,2.99,2026-04-13 09:52:55
3709,725c24cb-66e4-440e-ba07-697cb7b1f486,TERRA I TAST Pizza xapata amb bacó,3.99,4.19,2026-04-13 09:52:59
3710,47835c35-f2d4-43d6-bbb1-68943b947bfa,TERRA I TAST Pizza xapata de 4 formatges,3.99,4.19,2026-04-13 09:52:59
3711,6c8be96b-0f17-430f-952d-cb22d421d3e6,TERRA I TAST Pizza xapata de tonyina,3.99,4.19,2026-04-13 09:52:59
3712,5b999521-580f-4fac-8ffb-157bbfcbc696,EKO Cereals solubles amb mel,4.15,2.99,2026-04-13 09:53:21
3713,75426928-d21a-46ac-aa3b-0abadd7f18d8,CIDACOS Tomàquet triturat,1.35,1.45,2026-04-13 09:53:56
3714,fa1e54f8-bc0b-437c-9547-4698fc808dd6,CIDACOS Tomàquet triturat,2.19,2.35,2026-04-13 09:53:58
3715,0c798263-3212-41da-bfc5-fdd002f6678f,CIDACOS Tomàquet concentrat,1.45,1.59,2026-04-13 09:53:59
3716,e34ac4ed-9d60-4fc2-bd5e-2e3c59a77bdb,CIDACOS Tomàquet trossejat,1.45,1.59,2026-04-13 09:54:02
3717,48a1decf-b5c7-4986-8620-c5a1b6329dd6,BONPREU Brou de pollastre,2.79,2.65,2026-04-13 09:54:08
3718,8495806d-65f7-46c9-a2bd-d52c5e19ddec,GALLO Brou d'escudella,1.99,2.4,2026-04-13 09:54:08
3719,dc3383d7-8186-44f5-b0c7-b2d52a035604,GALLO Brou de pollastre,1.99,2.4,2026-04-13 09:54:08
3720,6fb3d068-5442-4da7-9829-ee7f76460b18,GALLO Brou de verdures,1.99,2.4,2026-04-13 09:54:08
3721,12a3b33b-8c69-4852-b4c4-f70b99b69746,MAYBELLINE Màscara de pestanyes Black Lash Sensational,9.75,10.29,2026-04-13 09:56:00
3722,0f92f1ce-f1c1-4250-90fb-b409a26d4446,MAYBELLINE Màscara de pestanyes Waterproof Lash Sensational,9.75,10.29,2026-04-13 09:56:02
3723,0d0871d4-c2cf-4681-9bc9-7e9734d2fbec,MAYBELLINE Pintallavis líquid to 15 Super Stay Matte Ink,8.0,8.95,2026-04-13 09:56:02
3724,24ff5272-a3d5-40a8-b907-a567bd69ff36,MAYBELLINE Pintallavis líquid to 70 Super Stay Matte Ink,8.0,8.95,2026-04-13 09:56:04
3725,caf2a779-5b78-4661-ad76-74e2e89e469d,MAYBELLINE Pintallavis líquid to 50 Super Stay Matte Ink,8.0,8.95,2026-04-13 09:56:05
3726,06ace538-540f-424a-9247-21b07031db65,MAYBELLINE Pintallavis líquid to 60 Super Stay Matte Ink,8.0,8.95,2026-04-13 09:56:05
3727,eab067cc-b82c-4f14-ad03-56d7917b9589,MAYBELLINE Pintallavis líquid to 65 Super Stay Matte Ink,8.0,8.95,2026-04-13 09:56:05
3728,e23949b4-a6e6-42a5-837d-992a06061875,MAYBELLINE Pintallavis líquid to 35 Super Stay Matte Ink,8.0,8.95,2026-04-13 09:56:06
3729,ebc39105-5c2c-4e0c-b1d2-c01b2b219697,MAYBELLINE Pintallavis líquid to 80 Super Stay Matte Ink,8.0,8.95,2026-04-13 09:56:08
3730,e174b896-e298-4ef0-a2ae-970dc744600c,MAYBELLINE Perfilador d'ulls líquid negre TattooStudio,9.99,10.79,2026-04-13 09:56:09
3731,21098d34-fc91-4768-a6bc-0aef354e0aa8,MAYBELLINE Pintallavis líquid to 20 Super Stay Matte Ink,8.0,8.95,2026-04-13 09:56:10
3732,155c92b4-df66-42a3-9799-61ee06c99021,MAYBELLINE Pintallavis s.matte ink 325,8.0,8.95,2026-04-13 09:56:10
3733,fd031df7-039a-4b02-8dae-8ed5f4626fce,LENOR Perles de perfum roba Unstoppables,6.95,7.49,2026-04-13 09:56:43
3734,4d6d709e-8ea4-4bf4-84de-fa30cbc894fb,ARIEL Detergent en càpsules Original Tot en 1 de 18 dosis,8.99,9.75,2026-04-13 09:56:45
3735,8abd103d-2841-4281-9051-afd2dbbe7c1e,BONPREU Salfumant,1.65,1.79,2026-04-13 09:56:47
3736,3d41d07b-bdf7-41ab-8895-848e8df68d43,PRONTO Netejador mobles 5 en 1,5.35,5.59,2026-04-13 09:56:50
3737,c94bb625-e059-4406-b81d-1b7ea04a555c,DODOT Tovalloletes humides infantils,1.39,1.49,2026-04-13 09:59:20
3738,a22c1040-1c33-4087-97f5-6d72af0acf9f,HUGGIES Bolquers banyador T5-6 (12-18 kg) Little Swimmers,6.99,7.49,2026-04-13 09:59:22
3739,86c8c26a-8bcc-4772-8c6a-3c71acaadaf2,HUGGIES Bolquers d'aigua talla 3-4 (7-15 kg) Little Swimmers,6.99,7.49,2026-04-13 09:59:22
3740,2b345677-d75b-4d9b-b8db-d11f6b8187f6,Kiwi verd 1 u.,0.46,3.69,2026-04-14 09:21:33
3741,5ec1984a-0570-4d52-9efc-6945a94c57a7,Carbassó 1 u.,0.74,0.71,2026-04-14 09:21:34
3742,73830e9b-cfc9-46ad-882c-228c072cecf0,Albergínia negra 1 u.,1.05,0.92,2026-04-14 09:21:35
3743,64a2999d-9d24-48fb-8c4b-0e426530ae77,Cogombre curt en malla 1 kg,2.49,1.99,2026-04-14 09:21:35
3744,b516dc43-bd39-49e1-81c1-8a34c4bda0b5,LA COLLITA Pastanaga en manat Km0 de 750 g,1.99,2.29,2026-04-14 09:21:35
3745,7dd1518a-55a2-44e0-8f35-a9eace27d55e,Cogombre 1 u.,0.84,0.71,2026-04-14 09:21:36
3746,feff33be-ac85-419b-92f8-271e676e4c3b,LA COLLITA Mores en terrina de 125 g,2.59,2.39,2026-04-14 09:21:36
3747,534842d5-0a85-48b1-a91c-1fe354a097a4,Taronja 1 u.,0.53,0.5,2026-04-14 09:21:36
3748,50b3ce07-1197-4296-8a68-5db8f14264c0,CRÜ Carbassó Km0 en cinta de 400 g,2.09,1.99,2026-04-14 09:21:37
3749,2726e356-0bfe-40dd-8cbf-2288c9f742b3,Tomàquet verd 1 u.,0.86,0.77,2026-04-14 09:21:37
3750,131d18e4-3864-4d87-a2e0-891893851e0e,Nespres 1 u.,0.81,0.72,2026-04-14 09:21:39
3751,651b4193-3bde-4480-937c-3d4b26069a30,BONPREU Espatlla enceball 50% ibèrica,6.75,5.99,2026-04-14 09:21:42
3752,52fdf16b-3d42-429b-a205-249f65642fb3,FERRARINI Guanciale a cintes,2.59,2.49,2026-04-14 09:21:43
3753,d64d84de-377f-4c00-98d0-d77eaf069a6b,SALGOT Botifarra d'ou,5.19,4.99,2026-04-14 09:21:45
3754,80a16f53-6053-44b8-a57d-4fb2c6e479b3,GARCíA BAQUERO Formatge de cabra tendre tallat,5.65,4.95,2026-04-14 09:21:56
3755,bcd9a71a-67a8-4286-8b80-3e71528f747f,LOS POSTRES DE LOLA Pastís de formatges cremós,3.7,3.85,2026-04-14 09:21:57
3756,bffe7d87-f22d-46b3-a17e-c545c6df071b,BERGADER Formatge blau alemany al tall,2.24,2.54,2026-04-14 09:21:58
3757,b089e762-ad6b-4d4c-9396-8baba96f9ef0,ROLER Carpaccio de boví marinat,4.3,4.4,2026-04-14 09:22:01
3758,8680fae6-dfdb-451b-a076-4dc16678c460,Sípia bruta,23.99,14.39,2026-04-14 09:22:13
3759,baeac763-a587-46f6-9acf-2ae52fcfc7f5,Cua de Lluç (unitat).,12.99,19.99,2026-04-14 09:22:14
3760,1321a1f7-1ce9-4e8e-a9a1-e7201f858a6f,Filet de perca del Nil,6.84,7.2,2026-04-14 09:22:14
3761,cd1dbe3a-c8d0-4045-b08c-e0dbf257c5ec,Salmó superior sencer,14.99,37.48,2026-04-14 09:22:14
3762,725c24cb-66e4-440e-ba07-697cb7b1f486,TERRA I TAST Pizza xapata amb bacó,4.19,3.99,2026-04-14 09:22:30
3763,47835c35-f2d4-43d6-bbb1-68943b947bfa,TERRA I TAST Pizza xapata de 4 formatges,4.19,3.99,2026-04-14 09:22:30
3764,6c8be96b-0f17-430f-952d-cb22d421d3e6,TERRA I TAST Pizza xapata de tonyina,4.19,3.99,2026-04-14 09:22:30
3765,455a053c-4a48-456c-bfcf-3b9f5371f642,COSTA Bicarbonat,1.65,1.59,2026-04-14 09:22:34
3766,1553f184-cfa0-40c9-b2f5-5106a7309c61,BONPREU Espirals amb vegetals,0.77,0.78,2026-04-14 09:23:25
3767,7f88f216-dd10-4de6-9397-e370195d50e9,BONPREU Gira-sols farcits de bolets i tòfona,2.09,2.59,2026-04-14 09:23:28
3768,79b7d328-b5da-47f6-837f-03c9e9fb0283,GALICA Musclos en escabetx,2.2,2.65,2026-04-14 09:23:40
3769,7150a15f-4dc8-4465-bc03-0e22c4ee0a07,HEINZ Quètxup,3.79,3.99,2026-04-14 09:23:50
3770,9821cef0-8356-4235-ab39-d6b82324d95b,COCA-COLA Refresc de cola Zero sucre Zero cafeïna en llauna,11.16,9.96,2026-04-14 09:24:12
3771,8d67c7be-d4ec-4004-8908-7f6b89e679fa,COCA-COLA Refresc de cola Zero sucre en lot  de 12 llaunes,11.16,9.96,2026-04-14 09:24:12
3772,3d8f3782-9113-454b-bc33-5328e9bb2b79,COCA-COLA Refresc de cola sabor original en llauna,11.88,10.68,2026-04-14 09:24:12
3773,6ee50655-5d2a-4f6d-b209-7160f4a913c6,COCA-COLA Refresc de cola sabor original en llauna,22.99,20.64,2026-04-14 09:24:13
3774,aa0c2cf6-a727-429a-9655-fbc3381e6791,COCA-COLA Refresc de cola zero sucre 24x33cl llaunes,21.6,19.2,2026-04-14 09:24:13
3775,f0122302-e95a-4921-b889-023b7261f2e7,TURIA Cervesa torrada 12x33cl. en llauna,10.08,9.95,2026-04-14 09:24:24
3776,a66c73f6-a1ce-4497-878c-81615e24ff3a,"DON SIMON ""Tinto de verano"" sense alcohol",1.49,1.39,2026-04-14 09:24:34
3777,461a83b9-a69d-439a-a7cb-9429f77700f2,"DON SIMON ""Tinto de verano"" sense alcohol",1.49,1.39,2026-04-14 09:24:34
3778,7002e838-86a9-41ff-a35a-9fdf031fba85,"DON SIMON ""Tinto de verano"" amb llimona en ampolla",1.39,1.49,2026-04-14 09:24:39
3779,52ace6cb-324b-46c6-ac49-4fe050f7b6d5,"DON SIMON ""Tinto de verano"" clàssic en ampolla",1.39,1.49,2026-04-14 09:24:42
3780,bebce0a5-5e11-455f-b062-995b2dd2f0bc,BELWEYS Crema de licor amb whisky,6.25,5.85,2026-04-14 09:24:47
3781,8b60d0f1-9317-4b01-91b4-fca559f1d027,BONPREU Alcohol de cremar,3.19,3.5,2026-04-14 09:26:42
3782,05ab4fa2-999b-424e-8a00-9b02e513f697,Pebrot dolç verd italià 1 u.,0.68,0.59,2026-04-15 09:21:49
3783,9392b333-2687-49d5-b1e3-c010b373018a,Pruna vermella 1 u.,0.58,0.71,2026-04-15 09:21:51
3784,972ec5c9-07b2-404e-a9c7-840952ed451e,AZUAGA Espatlla ibèrica d'enceball,7.49,7.79,2026-04-15 09:21:58
3785,ab4e662b-2ffa-4316-8f51-7a19c8022a01,AZUAGA Espatlla ibèrica de gla,8.99,9.89,2026-04-15 09:22:00
3786,1d8a94da-48d3-4012-9ac5-5b9f54ba36bf,AZUAGA Pernil ibèric d'enceball llescat,6.99,7.29,2026-04-15 09:22:00
3787,8680fae6-dfdb-451b-a076-4dc16678c460,Sípia bruta,14.39,13.19,2026-04-15 09:22:26
3788,cd1dbe3a-c8d0-4045-b08c-e0dbf257c5ec,Salmó superior sencer,37.48,34.98,2026-04-15 09:22:28
3789,66817176-49d2-426b-b33b-5cc8de801a60,MANOLETE Oli d'oliva,11.59,12.39,2026-04-15 09:22:51
3790,651e4462-be6a-485a-8cc8-db8db0355007,BONPREU Xocolata extrafina negra 85% cacau,2.25,2.19,2026-04-15 09:23:20
3791,5dfe84b9-ed11-4894-8969-4c9ed7661e44,GR-171 Vi blanc DO Terra Alta,8.65,7.95,2026-04-15 09:24:52
3792,339821c1-df04-4010-821e-132c7befc17c,PROA Cava Brut Nature guarda caixa,34.74,31.74,2026-04-15 09:24:56
3793,378c8d3e-6a96-4214-999d-85f291fcecd2,PROA Cava rosat Brut guarda,5.79,5.29,2026-04-15 09:24:57
3794,a085b6b9-690d-4335-8381-3d941222d8c9,PROA Cava Brut Nature guarda,5.79,5.29,2026-04-15 09:24:58
3795,8bd98cef-7d9f-4792-9acc-8a90dc039120,PERELADA CUVÉE Cava Brut Nature guarda,11.25,10.95,2026-04-15 09:24:59
3796,27b75b2c-c0f4-4e7a-a5a0-6408df336b3a,CARLES ANDREU Cava Brut Nature guarda superior reserva Km0,10.35,10.69,2026-04-15 09:25:00
3797,62de3df3-bf45-4d54-b0a5-88ee693a63af,BALLANTINE'S Whisky escocès,14.1,13.25,2026-04-15 09:25:01
3798,2931276a-8927-457b-ae57-e4c82a2192e5,BEEFEATER Ginebra,14.49,13.45,2026-04-15 09:25:01
3799,1ca34c48-9a94-45ba-a067-be03fb4b599f,LA FAGEDA Iogurt grec natural,2.89,2.99,2026-04-15 09:25:37
3800,47f5223f-054d-4b8f-8a80-350d6e978c87,LA FAGEDA Iogurt grec natural ensucrat,2.89,2.99,2026-04-15 09:25:37
3801,165521f5-ba47-48a1-83b6-95704fdfe7b9,LA FAGEDA Iogurt natural desnatat,1.95,1.99,2026-04-15 09:25:37
3802,d0c98bba-4d08-4e69-8f0d-60f74aa14b86,LA FAGEDA Iogurt grec de maduixa,2.89,2.99,2026-04-15 09:25:38
3803,c68cdee0-bbaa-4670-9f26-0b1f34050196,LA FAGEDA Iogurt desnatat de llimona,1.95,1.99,2026-04-15 09:25:40
3804,bef52d46-75fa-47a1-8ab1-7f6cb7df1a65,LA FAGEDA Iogurt desnatat de maduixa,1.95,1.99,2026-04-15 09:25:40
3805,51912b32-3b51-4692-976b-82fcc0f0ed8c,LA FAGEDA Iogurt grec lleuger natural,2.69,2.79,2026-04-15 09:25:40
3806,a653503e-ac80-4a2d-abf1-ba6f38664c55,HAPPYBIO Gel de dutxa hidratant de açai i aloe ecològic,4.95,5.89,2026-04-15 09:25:46
3807,29058eb3-bd4c-4934-be2c-413a0df50d04,HAPPYBIO Xampú i condicionador d'aranja i aloe ecològic,5.95,6.49,2026-04-15 09:25:50
3808,8f761b53-8dea-47e2-b31c-9ea66a819138,APIVITA Mascareta hidratant,20.5,4.6,2026-04-15 09:25:59
3809,fd0645eb-dc6c-4b1a-a5d1-4030e10a8f11,HAPPYBIO Loció corporal d'açai i aloe ecològic,6.95,7.49,2026-04-15 09:26:34
3810,79cbc81d-ac9b-4a72-a60c-1e9a2a245cb7,"LA COLLITA Plàtan ""Plátano de Canarias IGP"" ecològic manat 800 g",3.29,3.55,2026-04-16 09:22:04
3811,777b3c53-efd8-405b-80b0-bae35f59b03a,"LA COLLITA Plàtan ""Plátano de Canarias IGP"" extra 1 u.",0.54,0.59,2026-04-16 09:22:05
3812,3e255ffb-4f74-4de1-8fc2-d1093ee78840,LA COLLITA Pruna vermella en safata de 600 g,2.99,3.59,2026-04-16 09:22:05
3813,a0f830ca-fb1e-4cf7-a517-5f7cea6582ea,"LA COLLITA Plàtan ""Plátano de Canarias IGP"" Extra en cinta",2.54,2.8,2026-04-16 09:22:06
3814,a602983c-9e87-4907-88d1-a96ad519191b,"LA COLLITA Plàtan ""Plátano de Canarias IGP"" ecològic en cinta",2.4,2.53,2026-04-16 09:22:07
3815,14d1558c-22c4-4a25-913e-8c35c9765eef,Tomàquet de pera 1 u.,0.49,0.54,2026-04-16 09:22:07
3816,99696e00-0af2-4002-93fc-971bad2ee0ed,Mongeta Perona,1.8,1.5,2026-04-16 09:22:10
3817,eb7d46f4-d35e-4207-8d44-aca31c9f1e63,BONPREU Costelles de xai,15.49,15.75,2026-04-16 09:22:32
3818,e93fa36d-394e-4940-95df-5f6cd540c527,BONPREU Cuixa i mitjana de xai,14.49,14.75,2026-04-16 09:22:32
3819,acf92d34-a546-4a5d-a50f-1f93ad7b0e13,BONPREU Cabrit per arrebossar,17.99,18.25,2026-04-16 09:22:33
3820,7174ff99-c453-4d65-8351-9fe3952f0348,BONPREU Espatlla de xai,28.99,29.49,2026-04-16 09:22:34
3821,92e105a3-3cfe-483c-b320-9185b78ef007,BONPREU Xai amb torna 5 o 6 talls,12.99,13.25,2026-04-16 09:22:34
3822,2ece3e6f-498c-4401-81af-0230e39f2a29,BONPREU Xai del país,22.09,22.52,2026-04-16 09:22:34
3823,e1271268-e868-4510-8f68-9147159ffdd0,BONPREU Costella i mitjana de xai,24.69,25.02,2026-04-16 09:22:35
3824,f3d00975-085b-4a93-a6e2-b195183e077b,BONPREU Costelles de xai,14.25,15.66,2026-04-16 09:22:35
3825,cf75d10f-2932-47d7-8d94-9a0e6df52c0d,BONPREU Cuixa tallada amb os de xai,10.0,10.2,2026-04-16 09:22:35
3826,cb2d2e58-ffda-43ce-ab1d-52f861a39137,BONPREU Braó de xai,10.0,10.25,2026-04-16 09:22:36
3827,d659ee5f-b9d8-4224-aa93-7aca8e286d79,BONPREU Mitjana de xai,10.35,10.5,2026-04-16 09:22:36
3828,3151546e-5188-43c9-82ec-ecd931fe6c1a,BONPREU Cabrit,18.0,18.25,2026-04-16 09:22:37
3829,6932c6f9-02d7-4a67-821c-b5191dea16e7,BONPREU Cabrit per arrebossar,18.5,18.75,2026-04-16 09:22:37
3830,8110e685-ae3b-45b0-a09d-686f45fd8656,BONPREU Coll de xai,8.0,8.2,2026-04-16 09:22:37
3831,acf03f8e-7c76-4861-b82a-c8bf4f1df621,BONPREU Cuixa i mitjana de xai,14.5,14.75,2026-04-16 09:22:37
3832,24a257e7-6f41-4113-92e6-670fb5e82206,BONPREU Espatlla de cabrit,17.55,17.77,2026-04-16 09:22:37
3833,f1a456bc-2370-4b33-a5ec-50f2c00f0ba0,BONPREU Espatlla de xai,13.5,13.72,2026-04-16 09:22:37
3834,cdab9686-61c0-418e-865f-df84d3cd0375,BONPREU Espatlla de xai,28.99,29.49,2026-04-16 09:22:37
3835,c749f34b-48ae-42cf-b4c6-0966da6adb1d,BONPREU Fetge de cabrit,5.49,5.77,2026-04-16 09:22:37
3836,255d4f4b-a795-4ad6-ae53-beaadb8fc17b,BONPREU Pit de xai,3.11,3.37,2026-04-16 09:22:37
3837,baeac763-a587-46f6-9acf-2ae52fcfc7f5,Cua de Lluç (unitat).,19.99,18.99,2026-04-16 09:22:40
3838,82ab89e8-2d98-4a47-af0d-91e170714279,Gamba rosada del Mediterrani,11.99,12.99,2026-04-16 09:22:40
3839,0156db62-fc40-4a06-a4e5-f924f78abb2e,EKO Soluble de cereals,3.6,3.5,2026-04-16 09:23:14
3840,d738d413-7f84-4df5-9038-9d79da0daabd,CHOVI Allioli fresc extra suau,1.35,1.25,2026-04-16 09:24:09
3841,fd07ffcb-24a7-413e-92c9-b761958c243a,VINYES POBOLEDA Caixa de vi negre DOQ Priorat Km0,77.7,80.7,2026-04-16 09:24:46
3842,ed1c3cb1-a936-481b-9ee1-98b64a569fea,ROUREDA Caixa 6u. vi rosat Km0 DO Tarragona,26.94,27.9,2026-04-16 09:24:47
3843,fc918e42-903c-4cc8-8543-f814a59d514e,OLLA NEGRA Vi negre DO Montsant Km0,5.95,6.15,2026-04-16 09:24:49
3844,8c8e9a7d-a80b-4994-bf57-3b9fe4189a54,VINYES DE POBOLEDA Vi negre DOQ Priorat Km0,12.95,13.45,2026-04-16 09:24:52
3845,9ff8ad74-37e8-4c7a-bb49-28ca73d297fd,ROUREDA Vi blanc DO Tarragona km0,4.49,4.65,2026-04-16 09:24:53
3846,eb2636b4-a316-40c1-a512-99afe3b459dd,ROUREDA Vi negre reserva DO Tarragona Km0,5.59,5.99,2026-04-16 09:24:53
3847,594c4e10-03d2-4c01-92d2-4526853c8631,ROUREDA Vi rosat DO Tarragona Km0,4.49,4.65,2026-04-16 09:24:53
3848,4c7e0b5e-8bad-4c8c-97f4-6ed70c3721e6,MARAGDA Vi negre DO Empordà Km0,7.19,7.95,2026-04-16 09:24:54
3849,93525966-ec3d-4734-b71c-618c70b2011f,MARAGDA Vi blanc DO Empordà Km0,7.19,7.95,2026-04-16 09:24:55
3850,77655748-cf58-4236-8e24-52d67d92e374,ÀNIMA NUA COR VIU Vi blanc ecològic DO Conca de Barberà Km0,7.75,7.99,2026-04-16 09:24:55
3851,6afb3828-8df7-4fe3-8bd9-19d5d9ed5165,ÀNIMA NUA COR VIU Vi negre ecològic DO Conca de Barberà Km0,7.75,7.99,2026-04-16 09:24:55
3852,62de3df3-bf45-4d54-b0a5-88ee693a63af,BALLANTINE'S Whisky escocès,13.25,13.49,2026-04-16 09:24:59
3853,abd06e44-5891-4806-9198-30b8cdf33fa7,SEAGRAM'S Ginebra Extra Dry Gin,16.29,16.65,2026-04-16 09:24:59
3854,5885d1d7-2752-4b9b-90ee-fc8295cbc6a5,MACALLAN Whisky de malta 12 Double Cask,76.75,77.49,2026-04-16 09:25:01
3855,c3481f3d-4b69-4b57-846f-dfc3f036d770,MOUSSEL Gel de dutxa,3.79,3.85,2026-04-16 09:25:39
3856,60912db6-068b-4a87-bbfa-2e43f52faf59,MOUSSEL Gel de dutxa Llima i Menta,3.79,3.85,2026-04-16 09:25:40
3857,04cb0302-834f-4645-a5f5-0316d8566424,MOUSSEL Gel de dutxa dermo hidratant,3.79,3.85,2026-04-16 09:25:40
3858,aec58121-46da-43de-8105-9d957ebf1ae4,MOUSSEL Gel de dutxa espígol,3.79,3.85,2026-04-16 09:25:40
3859,9257e278-22c7-46f9-b042-69c3c9215358,MOUSSEL Gel de bany de viatge,1.45,1.49,2026-04-16 09:25:41
3860,1ae79a8d-06a5-49f0-8f3f-2d90873e877f,SENSILIS Perles regeneradores nit peptide,55.85,56.95,2026-04-16 09:26:06
3861,e76913d6-9e26-4448-9896-09ca6c4d4021,LICOR DEL POLO Dentifrici anti-càries amb col·lutori 2en1,2.35,2.39,2026-04-16 09:26:09
3862,e4580a78-5a17-476e-81d7-f870a529c24f,LICOR DEL POLO Dentifrici en gel 2en1 menta fresca,2.35,2.39,2026-04-16 09:26:09
3863,8c6c4f4e-bdf5-46d1-bb17-d1f7b85cb9d7,LICOR DEL POLO Dentifrici en gel 2en1 blanquejador,2.35,2.39,2026-04-16 09:26:10
3864,d71a7ff1-0bb6-490e-a715-ca2be359fa65,VADEMECUM Crema dental protecció complerta eco,3.75,3.85,2026-04-16 09:26:10
3865,2f2bee2b-e62b-4cb4-a6eb-9c60ffbb79d4,MOUSSEL Sabó de mans,2.95,2.99,2026-04-16 09:26:14
3866,f2836485-449b-4c94-9ad8-7b1b7f519849,SCOTTEX Paper higiènic Megarotlle 2 capes 18 un.,13.55,11.99,2026-04-16 09:26:37
3867,50ab3155-3b3d-40bd-b7aa-24b05cd90c13,RAYEN Estenedor per a radiador,7.19,7.49,2026-04-16 09:26:44
3868,0df43302-215d-4cf4-b609-9dd12984a0a5,RAYEN Funda per a taula de planxar 47x130 cm,16.99,17.49,2026-04-16 09:26:44
3869,bfdcfb16-811b-40ce-a368-c2779f55b72e,RAYEN Funda per planxar 43X130 cm,10.99,11.49,2026-04-16 09:26:44
3870,9a151f8f-76fb-42d6-8c0e-5c481e581308,RAYEN Funda roba delicada,8.49,8.99,2026-04-16 09:26:44
3871,7c26bef4-4449-4932-ac46-30c050badd44,RAYEN Netejador de planxes aroma a llimona,6.79,6.99,2026-04-16 09:26:44
3872,2f5f19b8-1237-4c58-98e4-c57907317bd9,RAYEN Taula planxar 120x41cm,77.99,79.99,2026-04-16 09:26:44
3873,1f10a4d6-d759-4ccf-80f5-63efa3290d7a,RAYEN Bossa per a pinces de la roba,7.49,7.79,2026-04-16 09:26:45
3874,7838e32e-7be2-40b6-a091-4ced7bb86dcd,RAYEN Cistella per a la bugada,23.99,24.99,2026-04-16 09:26:45
3875,14086cdb-4b02-4f2a-b4df-21c7812a4511,RAYEN Corda elàstica amb pinces,7.99,8.15,2026-04-16 09:26:45
3876,7e179b15-3808-44a8-ad80-db7d4bd0c040,RAYEN Sac protector renta roba 40x30,2.19,2.29,2026-04-16 09:26:45
3877,6f75e48c-d97f-4c3c-bca4-f2c52495f41d,RAYEN Filtre per a campana extractora,7.99,8.19,2026-04-16 09:26:48
3878,c3d07c49-843d-4d64-ac7e-150c0b11e613,RAYEN Eliminador de cal,7.79,7.99,2026-04-16 09:26:50
3879,fbef23a1-f9ac-4f29-8587-d0444b495b65,RAYEN Estoreta escorreplats,7.49,7.79,2026-04-16 09:26:54
3880,5915e167-4166-4221-a978-e3ec252adafb,RAYEN Estoreta per a l'aigüera 32cm,6.99,7.49,2026-04-16 09:26:54
3881,51f28dd3-d8dc-474d-9bd9-8c22e102231e,RAYEN Raspall de cuina,2.79,2.89,2026-04-16 09:26:54
3882,04175661-ccad-4d8c-abe0-fa8fbed41e76,RAYEN Protector d'estenedor per a la pluja,3.19,3.29,2026-04-16 09:27:08
3883,8ece32b4-29eb-4b20-8082-8c13edf7e91b,RAYEN Base conservant,7.49,7.79,2026-04-16 09:27:11
3884,22ecab08-d09c-4b25-89b4-a717c064225b,RAYEN Drap per planxar,5.99,6.19,2026-04-16 09:27:15
3885,a3dfee63-3d3a-48a9-a47f-4962be084764,RAYEN Set de fundes guarda-roba anti pols i arnes,4.79,4.89,2026-04-16 09:27:15
3886,f82bbcfd-fdf6-4f41-afcf-ec2c9ec4cdaa,RAYEN Prestatge d'acer apilable,12.99,13.49,2026-04-16 09:27:19
3887,4b2677cc-087c-47b7-baef-321c89ea344c,RAYEN Funda frontal per a rentadora,12.99,13.49,2026-04-16 09:27:23
3888,ebfb2e83-76a6-4b34-9703-3164637f599e,KANDOO Paper higiènic humit amb aroma a meló,5.49,5.85,2026-04-16 09:29:18
3889,805ce06e-30dd-409b-b84f-9d974216acbe,Coliflor 1 u.,2.59,2.79,2026-04-17 09:23:23
3890,47ff51ee-b482-4513-9f2c-6bd3c5bb1acf,Pebrot dolç vermell 1 u.,1.33,1.08,2026-04-17 09:23:23
3891,7dd1518a-55a2-44e0-8f35-a9eace27d55e,Cogombre 1 u.,0.71,0.67,2026-04-17 09:23:24
3892,293ce56f-f8f3-49d0-ac8b-b1a476b718ce,BONPREU Oli refinat de gira-sol,8.45,8.3,2026-04-17 09:24:20
3893,66817176-49d2-426b-b33b-5cc8de801a60,MANOLETE Oli d'oliva,12.39,12.19,2026-04-17 09:24:24
3894,43204477-2685-4a4c-a360-2aafcef0a555,BONPREU Festucs amb closca torrats i salats,4.34,4.2,2026-04-17 09:24:26
3895,8f0e1773-b2c6-401b-b765-8b1744147551,BONPREU Blat de moro fregit i salat,1.1,1.09,2026-04-17 09:24:30
3896,dfed265f-7468-49a3-bc70-34ca4e32b366,BONPREU Còctel oriental,1.69,1.65,2026-04-17 09:24:30
3897,eb1b10f7-9b7e-44bb-bb59-b3defe32d97d,BONPREU Xocolata amb llet,1.59,1.49,2026-04-17 09:24:50
3898,64d7a731-ae44-4f32-93a0-ee1173f4b16b,BONPREU Xocolata negra amb ametlles senceres,2.6,2.5,2026-04-17 09:24:51
3899,e0912e52-dcad-467a-b532-faa5f15bc3c3,BONPREU Gotes de xocolata negra,2.6,2.75,2026-04-17 09:25:40
3900,a66c73f6-a1ce-4497-878c-81615e24ff3a,"DON SIMON ""Tinto de verano"" sense alcohol",1.39,1.55,2026-04-17 09:26:16
3901,461a83b9-a69d-439a-a7cb-9429f77700f2,"DON SIMON ""Tinto de verano"" sense alcohol",1.39,1.55,2026-04-17 09:26:16
3902,7002e838-86a9-41ff-a35a-9fdf031fba85,"DON SIMON ""Tinto de verano"" amb llimona en ampolla",1.49,1.85,2026-04-17 09:26:22
3903,52ace6cb-324b-46c6-ac49-4fe050f7b6d5,"DON SIMON ""Tinto de verano"" clàssic en ampolla",1.49,1.85,2026-04-17 09:26:23
3904,8ad4423d-3da0-4d12-ad5d-ffba806ddf68,AURA Ambientador de varetes dama de nit,2.25,1.95,2026-04-17 09:28:32
3905,90542376-9fd6-446b-a0b8-ab430a787692,AURA Ambientador de varetes fruits vermells,2.25,1.95,2026-04-17 09:28:32
3906,5ec1984a-0570-4d52-9efc-6945a94c57a7,Carbassó 1 u.,0.71,0.74,2026-04-18 08:59:20
3907,fdb1cbea-a8cd-46c4-bfdb-95eec80e693e,Tomàquet branca,1.36,1.22,2026-04-18 08:59:24
3908,82ab89e8-2d98-4a47-af0d-91e170714279,Gamba rosada del Mediterrani,12.99,9.99,2026-04-18 08:59:56
3909,c2391c3f-4d0d-4850-8934-1c8928d46e9b,BONPREU Brou de pollastre en pastilles,0.89,0.72,2026-04-18 09:01:24
3910,8fd44aa3-36a2-4702-9acf-b1e8746e6dee,IFA Brou de verdures en pastilles,0.79,0.89,2026-04-18 09:01:25
3911,78b303f6-74df-42d0-b31f-eb3aab9620c9,DON SIMON Suc de taronja amb polpa en cartró,2.95,2.39,2026-04-18 09:01:54
3912,70c8d2c1-8b4f-496f-a9c6-3acc9a77b0e9,DON SIMON Suc de taronja sense polpa en cartró,2.95,2.39,2026-04-18 09:01:54
3913,1e359497-3d74-4553-9cfb-885904a89d2a,HEINEKEN Cervesa holandesa suau 6 x 25 cl en ampolla,3.72,3.35,2026-04-18 09:01:59
3914,69ff4f40-a33f-4b90-a7d9-9f90f7a74491,TENA Pants incontinència per a Home L/XL,11.95,12.15,2026-04-18 09:03:47
3915,9cdf1115-b264-4d6b-a373-41cbda753dcc,LA COLLITA Taronges malla de 2 kg,2.89,2.69,2026-04-20 09:55:40
3916,403c5f9f-5644-4c4c-834c-0c737e779872,UPESCA Esqueixat de Bacallà dessalat,6.49,6.99,2026-04-20 09:56:15
3917,f8043ddc-cd72-482a-bd15-e8abdaae4c5e,UPESCA Centre de bacallà dessalat,7.49,7.99,2026-04-20 09:56:16
3918,3739aed6-98eb-4943-8d8e-b67c2a6c2de8,UPESCA Llom de bacallà dessalat,12.49,12.99,2026-04-20 09:56:16
3919,4dfda987-994e-480a-9e94-9a3d4fbd0d73,CASA MAS Canelons de carn rostida gratinats 3u.,4.49,4.35,2026-04-20 09:56:26
3920,fbe29e8e-58a8-40d6-be05-0f1181026122,CASA MAS Canelons de pollastre rostit 6u.,6.9,7.35,2026-04-20 09:56:27
3921,af540fde-0e8a-4454-baf6-f675a3c5336f,CASA MAS Lasanya de carn gratinada,4.19,4.35,2026-04-20 09:56:27
3922,77f3b14d-8593-4796-97dc-2d913c0899f8,CASA MAS Macarrons a la bolonyesa gratinats,3.85,4.35,2026-04-20 09:56:27
3923,e4e918dd-d91a-4e0f-bba5-254e40474162,CASA MAS Truita de patata i ceba caramel·litzada,5.95,5.9,2026-04-20 09:56:27
3924,9de13091-68c8-4a94-a4cf-036b45d3e175,BO DE DEBÒ Macarrons amb tomàquet i mandonguilles,3.99,4.39,2026-04-20 09:56:28
3925,05dd5100-bd33-46a6-a8b4-26296e11d159,BO DE DEBÒ Mandonguilles amb salsa,3.99,4.49,2026-04-20 09:56:28
3926,bd85f85b-4f87-45d0-a94a-9b296e776e1a,CASA MAS Cuixetes de pollastre amb prunes,6.95,7.2,2026-04-20 09:56:28
3927,0154bbad-791c-45d3-998b-de497cdb7e16,CASA MAS Ensaladilla russa,2.99,3.2,2026-04-20 09:56:28
3928,34ef4c9a-c0a7-4b71-81ed-d2adcf850fb9,CASA MAS Tortel·linis a la bolonyesa,3.59,3.75,2026-04-20 09:56:28
3929,58fb1ca1-a5b4-48ff-a540-00aaf1a8eb17,CASA MAS Trinxat de la Cerdanya,4.75,4.95,2026-04-20 09:56:28
3930,1250697d-0782-4786-9a6f-4c0954def3df,CASA MAS Patates braves,3.69,3.9,2026-04-20 09:56:29
3931,215b9e3d-3a63-4a21-8c1d-fe7d66a2fa11,UBAGO Filets de cavalla al natural,1.9,1.95,2026-04-20 09:57:30
3932,30db19eb-dc1e-49cc-9a79-21bc279f67e3,UBAGO Filets de cavalla del sud en oli d'oliva,3.89,3.95,2026-04-20 09:57:31
3933,df43d289-d47b-42ca-9cf5-51a5874e51ec,UBAGO Filets de cavalla baix en sal,2.59,2.65,2026-04-20 09:57:35
3934,00fbc932-6f84-487b-acb4-084707c72ac6,VETERANO Beguda espirituosa,9.69,9.49,2026-04-20 09:58:36
3935,e0c6a3bb-b5d8-435f-b870-b8ca2768b902,BONPREU Croquetes de pollastre,1.55,1.57,2026-04-20 09:58:47
3936,0cbead10-801d-4d13-9d30-dbdf1cf08483,BONPREU Croquetes de bacallà,1.99,2.0,2026-04-20 09:58:48
3937,a8aaf1cc-08b4-473d-b9e9-7f13c4cf6828,BONPREU Croquetes de pernil,1.39,1.49,2026-04-20 09:58:48
3938,35754107-cdff-49cf-9957-4b4bf614dde5,BONPREU Croquetes de pernil ibèric,1.85,1.93,2026-04-20 09:58:48
3939,5bc1224e-0b70-4b29-ab10-aa74d1bca166,FROSCH Suavitzant ecològic concentrat Baby 45 dosis,3.99,4.15,2026-04-20 10:00:19
3940,acdd5984-8b07-4cef-ba3b-d28d32dfc66c,FROSCH Pastilles rentavaixelles All-in-1 eco en envàs de 30 dosis,8.45,8.89,2026-04-20 10:00:24
3941,5a9ea6d2-5754-4c8d-8f89-74febbaa938e,FROSCH Netejador vitroceràmica taronja ecològic,4.95,5.35,2026-04-20 10:00:25
3942,abd92852-868b-42cf-ad7d-6fc691b94aa9,FROSCH Netejador anticalç vinagre ecològic,2.99,3.19,2026-04-20 10:00:26
3943,9bccb663-0446-493f-92b3-5424387c6d4c,FROSCH Netejador llar multiusos ecològic pH Neutre,3.25,3.55,2026-04-20 10:00:26
3944,e71961e8-6602-4704-b8a2-268338d2e16a,FROSCH Netejavidres ecològic,2.79,3.09,2026-04-20 10:00:26
3945,5a8163f7-0a8f-4bf8-8b95-396ad2e0e134,FROSCH Gel WC espígol ecològic,3.45,3.59,2026-04-20 10:00:28
3946,1c64069c-d59a-4a57-beb6-be223b21236b,BUFALO Betum crema abrillantadora blau,2.55,2.69,2026-04-20 10:00:36
3947,77cec8a1-7f7b-40d2-a7f7-6b93871608d0,BUFALO Betum crema abrillantadora marró,2.55,2.69,2026-04-20 10:00:36
3948,5fab7767-8280-47e9-ae09-fcc3f4f3fb7f,BUFALO Betum crema abrillantadora negre,2.55,2.69,2026-04-20 10:00:36
3949,0c163d93-f7ea-47cf-8131-cc81cf58c81f,BUFALO Betum incolor,3.45,3.59,2026-04-20 10:00:36
3950,a7fd4c61-9df9-4bba-b40a-c26bd6ba02de,BUFALO Betum marró,3.45,3.59,2026-04-20 10:00:36
3951,43dc1d34-44ca-4906-97b7-d62b1c5b41b2,BUFALO Betum negre,3.45,3.59,2026-04-20 10:00:36
3952,4bbc4e43-bc64-42b3-981d-24dc2afbd050,BUFALO Impermeabilitzant contra humitat i brutícia,7.95,8.29,2026-04-20 10:00:36
3953,49107e68-07a2-444f-8cba-d5528b3454bf,BÚFALO Betum recolor blanc,2.55,2.69,2026-04-20 10:00:36
3954,c2c34792-869d-41f5-9d27-0023e69ee719,BÚFALO Reparador d'ant i nobuck incolor,6.95,7.99,2026-04-20 10:00:36
3955,13c1dc4d-3dab-49eb-9954-217a1561bf52,BUFALO Greix de cavall,3.25,3.39,2026-04-20 10:00:37
3956,4b5bdc9c-999d-40e2-a743-263792461ba5,BÚFALO Crema autobrillant,2.55,2.69,2026-04-20 10:00:37
3957,54f16b45-dfde-48c6-a5f5-e6d1691a4413,PAT Pastilles encesa instantània,4.19,4.39,2026-04-20 10:01:46
3958,38e8e2a9-741f-4bdb-94d1-73954340adef,FROSCH Sabó neteja biberons ecològic,3.99,4.19,2026-04-20 10:02:59
3959,73830e9b-cfc9-46ad-882c-228c072cecf0,Albergínia negra 1 u.,0.92,2.19,2026-04-21 09:25:17
3960,5ec1984a-0570-4d52-9efc-6945a94c57a7,Carbassó 1 u.,0.74,1.75,2026-04-21 09:25:17
3961,18a9ef95-81e7-4939-95b0-5dccf9f08fd0,LA COLLITA Ceba seca Km0  en malla d'1 kg,1.49,5.99,2026-04-21 09:25:17
3962,66a263fc-fdb6-4215-8565-adf7e2c4bec8,LA COLLITA Mango 1 u.,3.99,6.0,2026-04-21 09:25:17
3963,6362f7c3-5018-4a7f-b3d1-90b142351fac,LA COLLITA Patata per fregir bossa 2 kg,3.89,5.99,2026-04-21 09:25:17
3964,0b092559-df9d-492d-90bc-7b3b577cd85b,Poma vermella 1u.,0.43,2.25,2026-04-21 09:25:17
3965,4edf791e-27ac-45e4-bbae-bc51635dae87,Alvocat  1 u.,1.35,1.39,2026-04-21 09:25:18
3966,a2a1a4ca-d68c-4ac7-bfc3-569da723a9de,Banana 1 u.,1.49,0.22,2026-04-21 09:25:18
3967,12df1f37-1fdb-419f-aae9-cdb5c33f74f8,LA COLLITA Bledes Km0 en bossa de 650 g,2.0,1.59,2026-04-21 09:25:18
3968,9cdf1115-b264-4d6b-a373-41cbda753dcc,LA COLLITA Taronges malla de 2 kg,2.69,2.59,2026-04-21 09:25:18
3969,02250ef4-a79f-4672-9ade-bcdb2ac92fe5,Moniato 1 u.,1.15,1.29,2026-04-21 09:25:18
3970,2b345677-d75b-4d9b-b8db-d11f6b8187f6,Kiwi verd 1 u.,3.69,0.46,2026-04-21 09:25:19
3971,648ad2e7-9380-4c76-8c35-2cfa68b190f3,LA COLLITA Taronges en malla de 4 kg,4.29,3.99,2026-04-21 09:25:19
3972,c3e26cfe-1471-4478-a7ce-e74f213f8f4a,Poma Pink Lady 1 u.,2.99,0.64,2026-04-21 09:25:19
3973,3b035405-d0d4-48a6-afb2-01338503ece7,Llima 1 u.,4.39,0.4,2026-04-21 09:25:22
3974,131d18e4-3864-4d87-a2e0-891893851e0e,Nespres 1 u.,0.72,0.59,2026-04-21 09:25:22
3975,514f4ab4-7f97-4085-9073-e85a5116078c,Maduixots ecològics en terrina de 400 g,4.49,3.59,2026-04-21 09:25:23
3976,ef8ac54f-f09f-4cb1-b2c5-bd0a434cbf4b,CAMPOFRIO Salami gegant Campofrío en talls de 150 grams,2.4,15.99,2026-04-21 09:25:25
3977,3e86e925-3533-45be-b621-430954e61201,CUIT'S Paté amb ceba caramel·litzada Cuit's en porcion de 150 grams,2.59,17.25,2026-04-21 09:25:25
3978,615ae1c0-8dd6-40cf-8d63-150b7974187b,EXENTIS Llonganissa reserva Exentis en talls de 150 grams,3.96,26.39,2026-04-21 09:25:25
3979,c579cba6-ce15-4d84-ae3d-8814823d8d1e,PEDRAGOSA Llonganissa axoriçada Km0 Pedragosa en talls de 150 grams,2.99,19.95,2026-04-21 09:25:25
3980,0c81284d-dba3-464c-8ca8-80df4ad34fa9,VILLAR Espatlla enceball 50% ibèrica en estoig,11.49,34.49,2026-04-21 09:25:25
3981,84b1ea34-c4ca-40bb-bd1a-ce5770599b8d,BONPREU Llonganissa d'indiot extra,1.79,1.99,2026-04-21 09:25:26
3982,a4fcf377-dbb3-4107-b0bc-45580b21a526,BONPREU Llonganissa extra de pagès Bonpreu en talls de 150 grams,19.99,3.0,2026-04-21 09:25:28
3983,bd27f4f6-3e26-489f-8405-a3db7eb68fe9,CUIT'S Pit d'indiot al forn Cuit's en talls de 150 grams,22.95,3.44,2026-04-21 09:25:29
3984,f8a008a4-f928-41b3-99c5-f8558b8e1736,CAMPOFRIO Pernil cuit extra Campofrio en talls de 200 grams,14.99,3.0,2026-04-21 09:25:30
3985,893d3003-5599-4b43-a1ab-2577ebea02c8,CAMPOFRÍO Pit d'indiot brasejat Campofrio en talls de 200 grams,18.99,3.8,2026-04-21 09:25:30
3986,48c26fbb-407c-492c-a95f-81781eac9f9b,EL POZO Pit d'indiot reduït en sal El Pozo en talls de 200 grams,14.95,2.99,2026-04-21 09:25:30
3987,9e60dc96-27f7-4d18-a871-540acac2cf06,CARLIT Baiona de la Cerdanya Carlit en talls de 100 grams,19.99,2.0,2026-04-21 09:25:31
3988,78a3bb0f-1b43-42c2-a7e9-1257f2396d03,CASA CRUELLS Botifarra negra Casa Cruells en peça de 350 grams,14.85,5.2,2026-04-21 09:25:31
3989,8941e5ba-1062-407a-8feb-e8e9aa8f9723,CASA FORNER Paté d'ànec 4 pebres Casa Forner en porció de 125 grams,24.29,3.04,2026-04-21 09:25:31
3990,7999fee0-ee95-4f0d-84ce-06753673fa1a,CASA FÍGOLS Llonganissa Casa Fígols en talls de 150 grams,29.85,4.48,2026-04-21 09:25:31
3991,ac7d59d3-7b5b-48c9-8b1c-36dbc20dbe18,FERJU Xoriço picant de Lleó Ferju en peça de 460 grams,19.95,9.18,2026-04-21 09:25:31
3992,df43d23d-c949-42a0-89d6-7bbddb922dc9,PEDRAGOSA Fuet Km0 Pedragosa en peça de 200 grams,19.95,3.99,2026-04-21 09:25:31
3993,c6716030-2eaf-4537-95c2-520088d5125a,SALGOT Bull de llengua i fetge Salgot a talls de 150 grams,19.49,2.92,2026-04-21 09:25:31
3994,d0f4d9d8-a5e8-4ca0-ae0a-f512bb74bf7b,FERJU Xoriço de Lleó Ferju en peça de 460 grams,19.95,9.18,2026-04-21 09:25:32
3995,208d0bb0-2359-4cdc-9708-5957eea6b0cc,SALGOT Somaia Salgot en peça de 200 grams,29.99,6.0,2026-04-21 09:25:32
3996,d03e244f-d209-48ba-8a04-2375903d6653,BONPREU Formatge curat al tall en porció,3.81,12.69,2026-04-21 09:25:34
3997,ca205379-5e13-4f07-8dde-b3d8a63a5ec8,BONPREU Formatge de cabra al tall en porció,3.4,16.99,2026-04-21 09:25:34
3998,39d23b43-deb1-4344-aca8-fbceb36536f1,EL PASTOR Formatge d'ovella amb tòfona al tall en porció,5.75,28.75,2026-04-21 09:25:34
3999,6c8468de-8b77-4336-9cd4-47bc812d5701,FRICO Formatge gouda de cabra al tall en porció,5.74,22.95,2026-04-21 09:25:34
4000,3386e97b-5c9e-4be8-bd96-c746d2779266,GARCíA BAQUERO Formatge curat reserva al tall en porció,4.69,21.3,2026-04-21 09:25:34
4001,5793d6a1-a0be-486a-a176-fb284366f55a,GARCíA BAQUERO Formatge semicurat al tall en porció,5.1,16.99,2026-04-21 09:25:34
4002,b1fe296f-de8c-41e2-acf3-d87bef41b51d,GRAN CAPITAN Formatge barreja semicurat,11.49,34.49,2026-04-21 09:25:34
4003,38a8a800-96da-4079-8b63-684e28de0e20,GRAN CAPITAN Formatge semicurat al tall en porció,3.49,15.85,2026-04-21 09:25:34
4004,9f0435b1-e0cd-465e-84c1-8baf9e88b430,BONPREU Formatge Parmigiano Reggiano,9.95,4.49,2026-04-21 09:25:35
4005,4990aabd-35d9-4834-92ed-67bf54fd651a,BONPREU Formatge anyenc,9.95,4.79,2026-04-21 09:25:35
4006,9eb62d34-0150-470c-a8fb-40689712becf,CHAUMES Formatge madurat al tall,4.48,29.89,2026-04-21 09:25:35
4007,7339dc97-afe5-4712-a98d-f220a4383c33,PAZO QUEIXO Formatge tetilla DOP al tall,4.08,13.59,2026-04-21 09:25:35
4008,f77bd4af-188c-4f3a-a18b-0eb6d3077c43,EL CASERIO Formatge fos sense lactosa a procions,3.99,4.2,2026-04-21 09:25:38
4009,1f892d21-a1d9-477a-bece-9cf86a68b94b,BONPREU Formatge de cabra rotlle al tall en tros,15.99,3.2,2026-04-21 09:25:39
4010,bf59d09f-07c3-4833-b558-ccba6667f3d7,CADÍ Formatge crema al tall llescat,11.99,2.4,2026-04-21 09:25:39
4011,ebbba5a1-eb84-41a3-a6b9-b0c23fd06554,BONPREU Formatge fresc de cabra i vaca al tall,9.99,3.0,2026-04-21 09:25:40
4012,a0f85777-5094-4f7f-99da-198bbacd186f,CADÍ Formatge madurat light al tall llescat,12.49,1.87,2026-04-21 09:25:40
4013,4b375b00-5394-47f4-952b-2a3d1b69c3f7,EL PASTOR Formatge de vaca i ovella semicurat al tall en porció,11.19,3.08,2026-04-21 09:25:40
4014,5e05b356-800e-4095-9b04-aaf1f75901ac,MASGRAU Pastís de formatge Km0 al tall en porció,15.95,3.99,2026-04-21 09:25:40
4015,37a0fa6f-5439-4f4d-a0bc-953c713367de,MICHELANGELO Formatge parmigiano reggiano DOP al tall,31.95,6.39,2026-04-21 09:25:40
4016,756fba62-8c4a-4ae5-ac63-cc9b41270938,MONTBRÚ Formatge fresc de cabra Km0 al tall en porció,17.99,2.7,2026-04-21 09:25:40
4017,583f25ad-678d-474e-bced-a3d004bb77ee,MONTBRÚ Formatge sarró de cabra Km0 al tall en porció,29.95,7.49,2026-04-21 09:25:40
4018,7d9a405d-1c5f-46df-8156-387d69426f1f,PICOS DE EUROPA Formatge blau IGP de Valdeon al tall,22.95,2.75,2026-04-21 09:25:40
4019,876ae29e-3944-4ea0-8451-381555c5b2cc,SWITZERLAND Formatge tête de moine AOP Suís al tall en flors,33.75,5.06,2026-04-21 09:25:40
4020,f47ff6c0-0389-42d2-bf4b-2c5aad136f3b,UBACH Formatge curat de vaca Pastura Km0 al tall en porció,17.95,4.31,2026-04-21 09:25:40
4021,834cd65e-7390-471d-b8ff-fb46301676bb,UBACH Mató Km0 al tall,7.65,1.53,2026-04-21 09:25:40
4022,3528fb4f-006d-4fe9-8767-5b378e42ea33,BETARA Formatge d'ovella ecològic Km0 al tall en porció,28.49,5.13,2026-04-21 09:25:41
4023,9be78bad-f6ce-4cf2-9381-65cfe7c8fa2f,BETARA Formatge d'ovella super or Km0 al tall en porció,26.49,4.77,2026-04-21 09:25:41
4024,541d23d3-06e2-4cd0-9e0f-2e38c656ecba,BONPREU Formatge d'ovella rodó al tall en porció,14.99,4.5,2026-04-21 09:25:41
4025,b27cfde7-7f27-4c1f-989d-a2998b597194,CANTOREL Formatge Camembert gegant al tall,14.99,3.75,2026-04-21 09:25:41
4026,bc3f5232-8253-49ce-b590-f6bfe0cb0e68,EMMI Formatge Appenzeller de vaca curat al tall en porció,29.95,5.99,2026-04-21 09:25:41
4027,5ba5ad48-6bd0-42f5-9e97-8d53300a2358,ERMITA SAN LORENZO Formatge de cabra i vaca al tall llescat,19.95,2.99,2026-04-21 09:25:41
4028,59fa088c-2ff3-4136-bdb5-ff0d7229674f,FLOR DE ESGUEVA Formatge d'ovella sec al tall en porció,28.35,5.67,2026-04-21 09:25:41
4029,83ea1c1f-f133-4726-9302-9ccfcce5da99,GARCIA BAQUERO Formatge de barreja curat La Cava Artes al tall en porció,22.6,7.91,2026-04-21 09:25:41
4030,c386a82a-fab5-4bc4-81e8-ab97b94d3376,GARCIA BAQUERO Formatge de barreja semicurat amb tòfona al tall en porció,21.9,4.38,2026-04-21 09:25:41
4031,82e45c6a-1523-4190-bbd2-3763708dc242,LA CLEDA Formatge d'ovella semicurat Km0 al tall en porció,29.99,9.9,2026-04-21 09:25:41
4032,09c8bd84-76e6-4d18-9e48-6e85c729e134,MAMA VACA Formatge de vaca fresc al tall en porció,7.99,2.4,2026-04-21 09:25:41
4033,4edd88b5-8005-4aa9-a780-66f828000e46,MAS ROVIRA Formatge de cabra Rústic Km0 al tall en porció,27.79,4.17,2026-04-21 09:25:41
4034,fa1447af-445d-4862-acb3-0e3157632b73,MONTBRU Formatge curat de cabra Km0 al tall en porció,33.95,8.49,2026-04-21 09:25:41
4035,44499347-3a6d-4eda-b348-dccc95df6aaa,MONTBRÚ Formatge tendre de cabra Lleugeret Km0 al tall porció,28.79,4.32,2026-04-21 09:25:41
4036,03e1639e-a7ce-4677-9482-fcfb88ce3212,MUNTANYOLA Formatge ecològic curat amb cervesa Km0 al tall en porció,21.95,3.29,2026-04-21 09:25:41
4037,40ac1ef8-817c-4c98-9777-358491ce1fd5,MUNTANYOLA Formatge vell reserva de cabra Km0 Muntanyola en peça variab,36.36,5.45,2026-04-21 09:25:41
4038,f8a0073e-6ef9-45b8-8485-1296236bf736,NAZARETH Formatge light al tall llescat,22.49,3.37,2026-04-21 09:25:41
4039,ff97eab3-6371-4636-90c9-82632350939c,OLD AMSTERDAM Formatge de vaca al tall en porció,21.89,3.28,2026-04-21 09:25:41
4040,d96943a9-9446-4876-bbb4-53b08112f25a,ST. GIL Formatge de cabra Garrotxa Km0 al tall en porció,26.45,5.29,2026-04-21 09:25:41
4041,c7fae4fe-b808-4d38-856b-d1c5d233a177,UBACH Formatge curat de cabra 349 Km0 al tall en porció,29.49,6.64,2026-04-21 09:25:41
4042,67909f62-d124-4577-9ce1-311825ee5cb8,BETARA Formatge semicurat de cabra farcell Km0 al tall en porció,26.05,7.82,2026-04-21 09:25:42
4043,091d5bbe-5e98-48fe-9639-c9a3325826a9,CAN PONSA Mató Km0,10.25,2.05,2026-04-21 09:25:42
4044,ef946e3c-29a7-440b-b189-a9b60543977c,EL PASTOR Formatge de cabra semicurat Delícies al tall en porció,26.39,7.92,2026-04-21 09:25:42
4045,4e720fb2-dc3e-4cec-a307-e4f1585d53f0,EL TORRAT Formatge madurat de vaca i cabra ecològic al tall en porció,21.99,5.5,2026-04-21 09:25:42
4046,af6bb577-a1f4-4eb6-bbcc-fc8f03f7cbe6,EMMI Formatge gruyère Kaltbach AOP,33.95,6.79,2026-04-21 09:25:42
4047,bd52c8e1-d3ae-49e0-8832-d1ef4c4b03d4,EMMI Formatge gruyère suís AOP al tall,29.59,5.92,2026-04-21 09:25:42
4048,f5fc6aeb-9fcf-4b71-8ad1-d089320ed70c,LA CABRA FELIZ Formatge de cabra i vaca light al tall porció,20.49,6.15,2026-04-21 09:25:42
4049,326d9165-4cdb-4e2d-a0b0-a34121f42d18,MONTBRÚ Formatge de cabra novell Km0 al tall,26.79,5.36,2026-04-21 09:25:42
4050,f13a3178-0a4d-459b-8c39-53a27024fc41,MUNTANYOLA Formatge de cabra Garrotxa  Km0 al tall en porció,26.95,8.09,2026-04-21 09:25:42
4051,56b5e6a4-73bc-4b4b-8512-e790d7591b27,SERRA DEL TORMO Formatge d'ovella Km0 al tall en porció,25.49,8.92,2026-04-21 09:25:42
4052,5f223234-d492-4c78-bd3d-616a33c840ee,SERRA DEL TORMO Formatge semi d'ovella Km0 al tall en porció,21.99,7.7,2026-04-21 09:25:42
4053,223c213e-e320-405f-927f-adb7929b605a,TERRITORI Formatge tendre al tall llescat,18.25,5.48,2026-04-21 09:25:42
4054,cb6f633d-8383-40c0-b9ce-257da3f62823,TROS DE SORT Formatge Roi curat Km0,25.95,5.19,2026-04-21 09:25:42
4055,a8a5874b-0f66-44ce-8dd0-62b99d82e875,TROS DE SORT Formatge de vaca Kuadrat Km0 al tall,20.9,4.18,2026-04-21 09:25:42
4056,c60ddf9b-c90d-4de9-9228-e9b65f8ba42a,BONPREU Botifarra elaborada a la Plana de Vic,8.11,8.45,2026-04-21 09:25:43
4057,8d175267-4b46-4472-b926-13f8ce4f19cd,BONPREU Cansalada de porc fresca,3.13,8.95,2026-04-21 09:25:43
4058,f8321cb1-4dcc-4a52-88b9-badad0b0b58b,BONPREU DE L'ERA Entrecot amb os de vedella,12.0,29.99,2026-04-21 09:25:43
4059,db387d10-d396-4c15-9169-3304b8f2a96d,BONPREU DE L'ERA Llom de porc 50% Duroc,0.82,10.99,2026-04-21 09:25:43
4060,da661492-a094-433c-ac1a-3f89bf0ce3f8,BONPREU DE L'ERA Secret de porc,4.31,15.69,2026-04-21 09:25:43
4061,6d46e052-a9e2-4910-88f3-7db012a7cb5a,BONPREU Filet de vedella sencer,58.79,41.99,2026-04-21 09:25:43
4062,90ba02c5-2298-465c-a9c0-c1292d0c1d57,BONPREU Magret d'ànec,10.12,26.99,2026-04-21 09:25:43
4063,3d8a6b4c-5651-4fb4-b489-d17f59a885e5,BONPREU Mig conill meitats,5.51,10.49,2026-04-21 09:25:43
4064,e1b28a9f-0112-4640-a563-35cbcb8641bd,BONPREU Peus de porc precuinats,6.98,7.59,2026-04-21 09:25:43
4065,aad4b4dc-7d89-4932-a586-d90959977846,BONPREU Tira de costella de porc,5.88,7.35,2026-04-21 09:25:43
4066,8625fce4-9c03-4b8e-95c0-bacdd5bb0fc6,LOS MELESES Formatge Los Meleses Km0 al tall,28.55,9.99,2026-04-21 09:25:43
4067,ed9bd687-ed7b-48e9-a5f8-4adb57fdd490,RIO VERO Formatge de cabra Rio Vero Km0 al tall,32.7,11.45,2026-04-21 09:25:43
4068,9a613a9e-f34f-4ae0-bc81-0051a5355a45,SAN PELEGRÍN Formatge de cabra Km0 al tall,30.7,10.75,2026-04-21 09:25:43
4069,2ac9095e-a052-4b67-826e-62f5630894ed,SERRAT DEL TRIADOR Formatge curat Km0,25.95,15.57,2026-04-21 09:25:43
4070,817caf35-0854-4afa-8b4a-c3367c505972,SIERRA DE SEVIL Formatge Sierra de Sevil Km0 al tall,28.55,9.99,2026-04-21 09:25:43
4071,ec122f18-cd9e-4eef-8d6d-a2b03605f797,BONPREU Blanqueta de pollastre,6.25,3.13,2026-04-21 09:25:46
4072,83a1be3c-6ef8-4257-af36-300f17f8d1a0,BONPREU DE L'ERA Pit de pollastre,12.49,2.19,2026-04-21 09:25:46
4073,627a33ed-8ecf-4eb5-acb6-a9a7d8c73ff9,BONPREU Llom de porc,8.99,3.15,2026-04-21 09:25:46
4074,78fc6799-7c3c-43ab-a06a-02b0578816e8,Llom arrebossat amb formatge i pernil,15.99,2.08,2026-04-21 09:25:46
4075,30e4ae43-8001-4093-867e-a77ec9aae5bc,BONPREU DE L'ERA Burger de bistec picat,6.99,7.25,2026-04-21 09:25:47
4076,29a001ab-f994-471d-a0b5-aa9535920aa4,BONPREU DE L'ERA Xurrasco de vedella ecològic,15.75,5.51,2026-04-21 09:25:47
4077,9bbf9c01-133e-4c6b-9be4-07135150d611,BONPREU Llom de conill,15.99,5.36,2026-04-21 09:25:47
4078,8552ee01-39f6-47e9-a8e8-80b22e1014e3,Bacallà esqueixat salat,6.25,24.99,2026-04-21 09:25:51
4079,72fa60fc-7aaa-4baf-98c0-5c9375d4b5b7,Bunyols de bacallà,3.69,3.29,2026-04-21 09:25:51
4080,1bb3d853-4830-4449-8d58-dbc4e74e86f6,Filet de lluç del cap arrebossat,4.19,3.69,2026-04-21 09:25:51
4081,68ff6e74-56b5-4fa3-aa96-8fb0386dc969,KRISSIA Barretes de surimi fresc,4.65,3.99,2026-04-21 09:25:51
4082,4d179773-5232-45c7-a817-3e53751ca08b,KRISSIA Barretes de surimi fresc 0% matèria grassa,4.65,3.99,2026-04-21 09:25:51
4083,2a902762-dbed-4a39-9ca4-98eac77f75e9,Llagostí Vannamei cuit,3.25,12.99,2026-04-21 09:25:51
4084,6e38b35d-cf4c-41fc-8f1d-cd6d5fa4447e,MARINERAS FRESKIBO Hamburguesa de lluç i gambes en safata de 2 unitats,2.79,2.99,2026-04-21 09:25:51
4085,d2feb177-66ee-46ef-98c3-54705c78be0c,Supremes de Salmó,6.5,25.99,2026-04-21 09:25:51
4086,aa34d52e-c2d3-475a-844e-896dfd310ea8,Sípia faraònica neta,7.65,16.99,2026-04-21 09:25:51
4087,b7223b54-4aae-4658-a3ba-e1acbb8a5d57,Llobarro (unitat),4.59,4.69,2026-04-21 09:25:52
4088,72566ff3-e7ce-4d5c-8a9b-5272e40526dd,MARINERAS FRESKIBO Hamburguesa de lluç i gambes en safata de 4 unitats,4.99,5.49,2026-04-21 09:25:52
4089,f46bb6d5-2cc3-47d4-ab43-5c13277251b1,Truita Irisada,9.99,2.5,2026-04-21 09:25:53
4090,43a45fe5-027b-45ac-ab9c-2577dd1f9918,Calamar del cap,16.99,7.65,2026-04-21 09:25:54
4091,baeac763-a587-46f6-9acf-2ae52fcfc7f5,Cua de Lluç (unitat).,18.99,17.99,2026-04-21 09:25:54
4092,82ab89e8-2d98-4a47-af0d-91e170714279,Gamba rosada del Mediterrani,9.99,11.99,2026-04-21 09:25:54
4093,bfa15bb8-05c4-442d-96be-79b708574d48,Llagostí vannamei cuit,4.49,4.69,2026-04-21 09:25:54
4094,cd1dbe3a-c8d0-4045-b08c-e0dbf257c5ec,Salmó superior sencer,34.98,32.48,2026-04-21 09:25:54
4095,2ecf44a3-9c34-4ff0-bb36-65b80a7d6f9f,BRUNAT Formatge de vaca Bruna dels Pirineus Km0 al tall en porció,25.45,5.09,2026-04-21 09:25:59
4096,45ae826e-d925-44b2-9235-9f23543580cb,MAS ROVIRA Formatge de cabra Garrotxa Km0 al tall en porció,26.49,5.3,2026-04-21 09:25:59
4097,2f08f604-8dd7-40eb-8f21-6aaaa0578706,BROOKLYN TOWN Burger Instant Bacon,4.25,3.99,2026-04-21 09:26:03
4098,31747aac-ae28-48e3-bc63-61dec2e47561,BROOKLYN TOWN Burger Instant Cheese,4.25,3.99,2026-04-21 09:26:03
4099,c94bdcad-5fea-4e0e-95a3-48e95911e8f8,TERRA I TAST Canelons de carn amb beixamel 12 u,10.95,9.95,2026-04-21 09:26:04
4100,dd1e0549-6739-4a62-94c4-43a2760ccd34,TERRA I TAST Canelons de carn amb beixamel 3 u,3.99,3.49,2026-04-21 09:26:04
4101,6788469f-af8e-43c6-b36d-8d51af104c82,TERRA I TAST Hummus de cigrons,2.65,2.39,2026-04-21 09:26:04
4102,39f4a464-8f54-41ab-a82e-9348bda85067,TERRA I TAST Lasanya de carn,3.99,3.59,2026-04-21 09:26:04
4103,2aba3bec-3e0d-40bf-8843-a972cba6bc39,TERRA I TAST Lasanya de verdures,3.99,3.59,2026-04-21 09:26:04
4104,f21ca94c-2824-45c0-a65f-dad74d7a2403,TERRA I TAST Mongetes cuites,1.99,1.25,2026-04-21 09:26:04
4105,5f2e29f1-0d95-4a50-8ea7-12a50e578d1f,CARBONELL Oli d'oliva verge extra,11.95,8.45,2026-04-21 09:26:11
4106,a32067fe-5553-4d40-8e7b-8f981af394e5,FRIT RAVICH Còctel fruita seca Top 5,2.75,6.95,2026-04-21 09:26:17
4107,6071c021-0157-4ace-9f38-8df06708f9fe,FRIT RAVICH Patates fregides casolanes,2.19,6.95,2026-04-21 09:26:17
4108,6bb08745-1d9c-4c8b-a9a1-c49408c550b0,MARCILLA Càpsules de cafè Intens,14.99,13.99,2026-04-21 09:26:25
4109,80c3efb1-2dfd-4948-8066-3bc3d51377b5,MARCILLA Càpsules de cafè Ristretto,14.99,13.99,2026-04-21 09:26:25
4110,a8cbac24-f69a-4755-9297-d38df370ef4e,BONKA Cafè mòlt natural,8.99,5.95,2026-04-21 09:26:27
4111,243ff245-e74a-4c45-9fe1-31571abd1d3a,L'OR Càpsules de cafè descafeïnat Ristretto,4.16,4.15,2026-04-21 09:26:27
4112,92f21001-fb57-45f4-890b-a75f43599ea3,L'OR Càpsules de cafè Ristretto,4.16,4.15,2026-04-21 09:26:28
4113,48b08bf9-b072-4f87-b317-737e6da843c4,MARCILLA Cafè en gra Brasil & Colombia,11.99,11.95,2026-04-21 09:26:28
4114,ac1dc9cd-a2fd-443e-8737-4d2724bd6600,BONKA Cafè molt barrejat,8.99,5.95,2026-04-21 09:26:29
4115,98263d72-9f9a-43f6-996d-0ae2f65a47b1,L'OR Càpsules de cafè Colòmbia,4.16,4.15,2026-04-21 09:26:29
4116,3110aa0e-9feb-4624-b97d-f72c58b3a96e,L'OR Càpsules de cafè Forza,4.16,4.15,2026-04-21 09:26:29
4117,b9eba318-b027-4055-af24-b61a1d5bed9b,NESCAFÉ Cafè soluble Black Roast,8.75,8.59,2026-04-21 09:26:29
4118,8d0faa13-2ee6-428a-ba87-fa6b1fcc7ab8,L'OR Càpsules de cafè Brazil,4.16,4.15,2026-04-21 09:26:31
4119,360d9018-b732-4cf3-b1a4-3fa167ae5d3c,L'OR Càpsules de cafè Onyx,4.16,4.15,2026-04-21 09:26:31
4120,19585775-ad6b-4cbc-b350-1aff8a81b47e,NATURE VALLEY Barretes de cereals de cacauet i xocolata,5.95,3.85,2026-04-21 09:26:34
4121,8fd127f5-0eda-4bcf-8445-75e62d5eebed,OREO Galetes de cacau farcides doble crema,5.95,1.9,2026-04-21 09:26:34
4122,4f02cee1-98e5-4bf6-bab7-0f4980534ce9,MILKA Galetes farcides xocolata,3.4,3.25,2026-04-21 09:26:35
4123,0c98f04a-ff9a-4e4b-89c5-6d67fd8e895c,MILKA Galetes fines de xocolata amb llet,2.4,2.3,2026-04-21 09:26:35
4124,6402a4ac-b457-4aff-9bf7-7be1405947ee,KITKAT Mini barretes de xocolata amb llet i galeta,5.95,3.25,2026-04-21 09:26:40
4125,8dc76082-a3c7-40b4-a41a-14d2aa98d382,DIAT RADISSON Torrades de lli ecològiques sense gluten,2.65,2.69,2026-04-21 09:26:49
4126,d1387edc-b80d-457a-989e-a16b59845800,ABUELOBREAD Quadradets de pa sense gluten,1.5,1.55,2026-04-21 09:26:50
4127,aadf5f93-96ed-4ca4-97fd-2c9654c3ca3e,PASQUIER Brioixos petits,2.65,2.75,2026-04-21 09:26:50
4128,48b5d67b-7d4b-4a9a-8173-f000d65b419d,DE CECCO Macarrons Nº41,2.39,5.95,2026-04-21 09:26:57
4129,afe3ef14-b627-4e9b-8da0-00bb3bd2e672,NOMEN Arròs rodó,1.89,5.95,2026-04-21 09:26:57
4130,456e7b31-0d5e-4269-902a-b14908e67348,GAROFALO Pasta Primavera,11.95,1.79,2026-04-21 09:26:58
4131,bebbbb3b-ce97-43c2-9760-f3e61e671708,SERPIS Olives farcides d'anxova,2.15,6.95,2026-04-21 09:27:04
4132,3c410129-405e-476d-81e4-b392485d8882,ANDROS Postres de poma,3.1,3.09,2026-04-21 09:27:05
4133,01ef11bc-40b7-4978-a4a7-7731105e5d03,CUCA Tonyina clara en oli d'oliva,11.95,5.99,2026-04-21 09:27:06
4134,f341aefa-0518-4d1c-8a93-2d87d8539eb1,DANTZA Carxofes DO Tudela,6.59,6.99,2026-04-21 09:27:15
4135,86fa1ccd-8fe2-41da-8825-5ebad70e54d2,ANETO Brou de pollastre,4.3,5.95,2026-04-21 09:27:17
4136,0753c115-ad6b-4609-91b2-689bdacf1b6c,GALLINA BLANCA Brou casolà de pollastre,4.09,3.99,2026-04-21 09:27:17
4137,90bf08a4-b73c-4d14-938b-4db9bf533b4e,GALLINA BLANCA Brou casolà de verdures,4.09,3.99,2026-04-21 09:27:17
4138,6b1f5fc7-11bd-4109-a279-aac670cc7a5d,GALLINA BLANCA Crema casolana de carbassa,1.99,3.99,2026-04-21 09:27:17
4139,84b4b2b7-c187-4cf3-8962-a6a5a0040156,GALLINA BLANCA Crema casolana de pollastre i verdures,1.99,3.99,2026-04-21 09:27:17
4140,90269990-288a-4c32-98e1-caf8531de04f,GALLINA BLANCA Crema casolana de verdures,1.99,3.99,2026-04-21 09:27:17
4141,af9c9068-88a3-49ee-9cad-86c530559a30,GALLINA BLANCA Crema d'espàrrecs amb pernil,1.99,3.99,2026-04-21 09:27:17
4142,7fbe5837-38e9-4b9f-b234-7343beb77c92,GALLINA BLANCA Crema de xampinyons i pollastre,1.99,3.99,2026-04-21 09:27:17
4143,ab46324c-9624-48c5-a35b-70ceb986520c,BONPREU Brou de peix i marisc en pastilles,0.89,0.85,2026-04-21 09:27:19
4144,19af9090-987e-4eea-aba1-128e835e531b,BONPREU Brou sabor de carn en pastilles,0.89,0.85,2026-04-21 09:27:19
4145,8fd44aa3-36a2-4702-9acf-b1e8746e6dee,IFA Brou de verdures en pastilles,0.89,0.85,2026-04-21 09:27:19
4146,7150a15f-4dc8-4465-bc03-0e22c4ee0a07,HEINZ Quètxup,3.99,3.79,2026-04-21 09:27:20
4147,11ae0d81-0521-43c7-8927-cdb410675ef4,HELLMANN'S Maionesa,11.95,3.49,2026-04-21 09:27:20
4148,59950a16-4c32-4aaf-bb25-04a6e5e7c106,SOLIS Tomàquet fregit,1.49,5.95,2026-04-21 09:27:20
4149,48f9c18d-d445-45a6-a2ce-6bc4e25dc41c,BONPREU Quètxup,6.99,1.07,2026-04-21 09:27:21
4150,4348485b-215d-4867-808f-0faf9da8ec12,CHUPA CHUPS Caramel dur,0.45,1.0,2026-04-21 09:27:34
4151,99f4086e-e769-42d4-99cf-9ca0b8faf601,PERRIER Aigua amb gas 1 L,1.56,1.54,2026-04-21 09:27:38
4152,405da06c-d737-4861-9125-a9d0a2fc88ee,COCA-COLA Refresc de cola zero sucre en ampolla,1.55,5.95,2026-04-21 09:27:40
4153,0fc8bd50-8fd7-49c3-9de4-6fbad89efb3f,NESTEA Refresc de te amb llimona en ampolla,2.05,3.99,2026-04-21 09:27:40
4154,73342622-a225-40ca-a18c-bf686dcb4951,TRINA Refresc de llimona sense gas en llauna,0.68,0.66,2026-04-21 09:27:40
4155,9ed17f9f-348a-439a-9991-04cc5748804a,TRINA Refresc de taronja sense gas en llauna,0.68,0.66,2026-04-21 09:27:40
4156,e32fcfe9-6114-43a4-a66c-0c98247c5d9d,COCA-COLA Refresc de cola mini en ampolla de vidre,19.95,4.76,2026-04-21 09:27:42
4157,cba47a1f-5847-4589-b889-d1c6a1e1cc26,GRANINI Beguda de préssec en ampolla,1.45,1.99,2026-04-21 09:27:46
4158,2ed673d9-f3d9-4148-b47d-3057039da7f0,GRANINI Nèctar de pinya en ampolla,1.45,1.99,2026-04-21 09:27:46
4159,3e9df693-6548-45a2-903f-bc6105bdf676,GRANINI Nèctar de taronja en ampolla,1.45,1.99,2026-04-21 09:27:46
4160,a4c5814e-3dcc-443c-8ad7-9da8bd76373e,BIFRUTAS Beguda llet i fruites Tropical en cartró,5.95,2.52,2026-04-21 09:27:47
4161,12988a2a-39ea-4378-94b3-c88128d0e5e0,DAMM LEMON Cervesa amb llimona,0.82,6.95,2026-04-21 09:27:50
4162,e7d8355e-b9f8-49c9-b794-2741bebf2802,ESTRELLA DAMM Cervesa especial 6x20 cl ampolla,3.69,9.99,2026-04-21 09:27:50
4163,e8295fb4-808a-4407-b888-60b5b1722b5c,MORITZ Cervesa especial en ampolla,1.38,1.29,2026-04-21 09:27:50
4164,c13238c3-55f5-49eb-881f-848dd92c3ff5,HEINEKEN Cervesa holandesa suau en llauna,0.87,0.79,2026-04-21 09:27:51
4165,4aa20891-b631-4a81-94d2-86915529d2f8,SAN MIGUEL Cervesa especial en llauna,0.73,0.55,2026-04-21 09:27:51
4166,6ce3b3de-25b1-480a-97db-d94c5da799dc,HEINEKEN Cervesa 24x33 cl en llauna,20.88,18.96,2026-04-21 09:27:53
4167,0376dd3f-ef59-4361-9fa1-58473083edd4,TAL COM RAJA Vi blanc DO Terra Alta Km0,6.95,12.95,2026-04-21 09:27:54
4168,20aee3ab-1b4d-4345-a9d6-e4bb0694e635,CUNE Vi blanc verdejo DO Rueda,6.65,14.5,2026-04-21 09:27:55
4169,0bd7dc85-75bd-49bf-922d-40153f04d7e5,CUNE Vi negre Rioja criança,7.25,14.5,2026-04-21 09:27:55
4170,270f3c0c-2cb0-4a86-8fce-a8fe54f7db10,RAIG DE RAÏM Vi negre DO Terra Alta Km0,6.99,34.49,2026-04-21 09:27:55
4171,9ff8ad74-37e8-4c7a-bb49-28ca73d297fd,ROUREDA Vi blanc DO Tarragona km0,4.65,4.49,2026-04-21 09:27:56
4172,594c4e10-03d2-4c01-92d2-4526853c8631,ROUREDA Vi rosat DO Tarragona Km0,4.65,4.49,2026-04-21 09:27:56
4173,a66c73f6-a1ce-4497-878c-81615e24ff3a,"DON SIMON ""Tinto de verano"" sense alcohol",1.55,1.39,2026-04-21 09:27:57
4174,461a83b9-a69d-439a-a7cb-9429f77700f2,"DON SIMON ""Tinto de verano"" sense alcohol",1.55,1.39,2026-04-21 09:27:57
4175,f77dc4ad-dc05-4a0d-9808-0811ee0eccd3,NOSTRAT Vi blanc DO Penedès Ecològic Km0,9.95,6.95,2026-04-21 09:27:57
4176,eb2636b4-a316-40c1-a512-99afe3b459dd,ROUREDA Vi negre reserva DO Tarragona Km0,5.99,5.59,2026-04-21 09:27:57
4177,750e3eac-43f9-4c1b-9672-feda26a6151b,VIÑA SOL Caixa vi blanc DO Catalunya ecològic Km0,31.74,36.54,2026-04-21 09:27:57
4178,77655748-cf58-4236-8e24-52d67d92e374,ÀNIMA NUA COR VIU Vi blanc ecològic DO Conca de Barberà Km0,7.99,7.75,2026-04-21 09:27:57
4179,6afb3828-8df7-4fe3-8bd9-19d5d9ed5165,ÀNIMA NUA COR VIU Vi negre ecològic DO Conca de Barberà Km0,7.99,7.75,2026-04-21 09:27:57
4180,f772628f-4375-415e-a8d1-35f47145d5ad,ALBALI Caixa de vi negre Valdepeñas criança,16.74,17.94,2026-04-21 09:27:58
4181,b14c2fee-3703-4331-b7e2-a5044935c06f,SINOLS Caixa de vi negre DO Empordà Km0,24.71,32.94,2026-04-21 09:27:58
4182,4eb601e9-7189-40c2-944c-339df787ba36,VINYA ALBALI Caixa de vi negre DO Valdepeñas,20.94,23.34,2026-04-21 09:27:58
4183,663b25a4-124e-4be9-b8bb-6c0f2b721d2e,CLOT D'ENCIS Caixa de vi blanc km0,26.7,29.7,2026-04-21 09:27:59
4184,92ae9fa6-3b43-4e94-b90d-b5917dbda91e,EL COTO Caixa vi negre DOQ Rioja criança,35.7,38.1,2026-04-21 09:27:59
4185,73ea5455-4650-432f-a9e0-6ba3c259702f,TAL COM RAJA Caixa de vi negre DO Terra Alta Km0,27.11,41.7,2026-04-21 09:27:59
4186,d373b2d9-c6a7-46ad-b34d-ee2b7399c6de,TORRES CASTA Caixa vi rosat DO Catalunya De Casta Km0,25.74,30.54,2026-04-21 09:27:59
4187,a9602da9-34d7-4ebf-8a4a-4e2781706ec6,CABRÓ Caixa vi blanc DO Catalunya Km0,31.74,29.94,2026-04-21 09:28:00
4188,8dda0c87-224b-49fe-9d1c-f26fa6926895,CABRÓ Caixa vi negre selecció DO Catalunya ecològic Km0,31.74,29.94,2026-04-21 09:28:00
4189,7002e838-86a9-41ff-a35a-9fdf031fba85,"DON SIMON ""Tinto de verano"" amb llimona en ampolla",1.85,1.49,2026-04-21 09:28:00
4190,bd0eda0c-9329-43b0-9b75-fadb18ad9e94,NITS DE BOIRA Caixa vi negre DO Catalunya Km0 ecològic,21.54,23.94,2026-04-21 09:28:00
4191,ceb0a4ae-b751-4d45-996a-4bb7104d815c,RAIMAT ABADIA Caixa de vi negre ecològic  DO Costers del Segre Km0,49.5,32.18,2026-04-21 09:28:00
4192,fcb73ee9-1b42-4646-a44c-6117f186f6b7,TAL COM RAJA Caixa de vi blanc DO Terra Alta Km0,27.11,41.7,2026-04-21 09:28:00
4193,e4fa4614-c703-4d98-9504-f2ccfc59df0c,CLOT D'ENCÍS Caixa vi negre DO Terra Alta Km0,26.7,29.7,2026-04-21 09:28:01
4194,52ace6cb-324b-46c6-ac49-4fe050f7b6d5,"DON SIMON ""Tinto de verano"" clàssic en ampolla",1.85,1.49,2026-04-21 09:28:01
4195,62165af5-da85-4e3f-a7ef-f5d7251476c0,IMUS Caixa vi negre DO Montsant Km0,35.7,26.78,2026-04-21 09:28:01
4196,85aaa712-e897-4b33-a0f7-5b5624cdb2ee,SANTES Caixa vi negre DO Montsant Km0,41.94,47.94,2026-04-21 09:28:01
4197,314322b9-fd30-42a7-9506-5b7c53c0992c,SINOLS Caixa de vi rosat DO Empordà km0,24.71,32.94,2026-04-21 09:28:01
4198,7d465572-0da3-4dc3-be77-cf2dca42c75f,VIÑA ESMERALDA Caixa vi blanc DO Penedès Km0,47.94,50.94,2026-04-21 09:28:01
4199,97295174-1e1f-4408-bccf-a54090dc01f6,ALTOS TAMARON Caixa de vi negre DO Tierras Castilla,26.94,23.94,2026-04-21 09:28:02
4200,6cefe56c-3807-4e91-8a10-9afa15d33e3f,COMPTA OVELLES Caixa de vi blanc Do Penedès ecològic Km0,26.96,35.94,2026-04-21 09:28:02
4201,9c184013-f7e3-4611-9507-1b1c5c581e4d,COMPTA OVELLES Caixa de vi negre DO Penedès ecològic  Km0,26.96,35.94,2026-04-21 09:28:02
4202,d70d29ad-6719-4831-8bbc-810cbec086a6,ERMITA D'ESPIELLS Caixa de vi blanc Penedès ecològic Km0,53.34,58.74,2026-04-21 09:28:02
4203,faae7f86-dad6-4255-973c-fe630ef52c7d,I TANT Caixa de vi negre DO Montsant Km0,47.94,43.74,2026-04-21 09:28:02
4204,a00c9564-457d-4c5e-931d-c0219beb8256,M.CACERES Caixa vi negre DO Rioja criança,43.5,47.34,2026-04-21 09:28:02
4205,fe8a640c-a3c2-4fd3-b7fd-ec23d7f615ed,PROTOS Caixa 6u. de vi blanc Verdejo DO Rueda,41.94,47.94,2026-04-21 09:28:02
4206,5a63654a-a0cb-4d50-9668-d74734473293,RAIG DE RAÏM Caixa de vi blanc km0,27.26,41.94,2026-04-21 09:28:02
4207,37d34417-2c40-4d1f-9e40-399fe9c85233,VIA TERRA Caixa de vi blanc DO Terra Alta,35.78,47.7,2026-04-21 09:28:02
4208,3153fa9e-d393-434d-9992-c2ef719869ef,VIA TERRA Caixa de vi negre DO Terra Alta Km0,35.78,47.7,2026-04-21 09:28:02
4209,62d42db8-3676-495b-96a6-120542cff667,CAMPO VIEJO Caixa vi negre criança DO Rioja,26.33,35.1,2026-04-21 09:28:03
4210,6249844c-a84a-49e1-aded-4397d63f7ffa,COTO DE IMAZ Caixa 6u. vi negre Rioja reserva,47.7,51.9,2026-04-21 09:28:03
4211,b85c103c-6765-4194-9c6e-a429cbe7b9f7,EL COTO Caixa 6u. vi blanc DOQ Rioja,23.7,25.5,2026-04-21 09:28:03
4212,42a093bd-69dd-465c-b129-0ef736e9dad7,LA BOSCANA Caixa de vi negre DO Costers del Segre Km0,35.78,47.7,2026-04-21 09:28:03
4213,54cdaf96-4cb3-4f8a-81d6-a10f7d1f2157,MATEUS Caixa 6u. vi rosat d'agulla de Portugal,20.66,27.54,2026-04-21 09:28:03
4214,2634c485-8b46-410c-b5b4-83b78fa733c7,PROTOS Caixa vi negre DO Ribera Duero,53.94,59.7,2026-04-21 09:28:03
4215,a6e24e17-77b1-41de-bcd3-f4a007d0a5c2,SANGRE DE TORO Caixa 6u. vi negre DO Catalunya Km0,25.74,30.3,2026-04-21 09:28:03
4216,b9d1db7d-9927-4748-bc7c-24603fd221c0,SINOLS Caixa de vi negre DO Empordà km0,41.34,31.01,2026-04-21 09:28:03
4217,02757f7f-e5fe-4912-ae18-9bfea9c146c2,TEMPS DE FRUITS Caixa de vi negre Eco DO Penedès Km0,38.81,59.7,2026-04-21 09:28:03
4218,e23925e3-6efa-4d1f-9959-8e56034383bf,BOVER Caixa 12u. de vi negre DO Catalunya Km0,32.28,35.88,2026-04-21 09:28:04
4219,7d20e1f3-127a-4018-8c13-7b433ada55dd,BUSCA RAONS Caixa vi negre DO Costers del Segre Km0,44.96,59.94,2026-04-21 09:28:04
4220,f442569e-07a3-43e6-94ca-647173d971d6,CASTELL DE RAIMAT Vi blanc eco DO Costers del Segre Km0,49.5,32.18,2026-04-21 09:28:04
4221,1ebd413e-2780-4e38-882c-9f5bb79d2a70,DINARELLS Caixa 6u. vi negre DO Empordà,25.74,29.1,2026-04-21 09:28:04
4222,190f9387-154e-4a51-83da-9465a16d0605,PANSA BLANCA Caixa de vi blanc DO Alella Km0,53.94,59.7,2026-04-21 09:28:04
4223,97eafce5-7257-4ed9-b6ac-5a53d30b8f41,TERRA ENDINS Caixa de vi negre ecològic DO Catalunya,22.46,29.94,2026-04-21 09:28:04
4224,32743078-4b0d-4716-9776-09592b75c0e7,CUNE Caixa 6u. vi rosat DO Rioja,32.1,24.08,2026-04-21 09:28:05
4225,2df4b29b-6a9f-4bff-a134-4022896f6424,CURIOSA Caixa de vi rosat ecològic DO Penedès Km0,50.94,56.94,2026-04-21 09:28:05
4226,6c4d8d79-474a-497f-80cc-e8a58de04353,EMENDIS FLOS Vi blanc DO Penedès ecològic  Km0,35.51,47.34,2026-04-21 09:28:05
4227,8de105ab-bbc5-45d1-a7ad-ff279ed15338,GARNATXA FOSCA Caixa de vi negre DO Priorat Km0,70.16,93.54,2026-04-21 09:28:05
4228,909912ad-a8db-4a5c-bc7c-bac53c863153,REFORJAT Caixa 6u. vi blanc DO Terra Alta km0,37.5,28.13,2026-04-21 09:28:05
4229,ed1c3cb1-a936-481b-9ee1-98b64a569fea,ROUREDA Caixa 6u. vi rosat Km0 DO Tarragona,27.9,17.51,2026-04-21 09:28:05
4230,5da1aa81-0569-4de4-a86f-f9f3d37ec9bc,822 Caixa 6u. vi negre Do Ribera del Duero,70.5,64.5,2026-04-21 09:28:06
4231,68281d4b-4798-411e-aeac-3aa7b9a06511,ALTOS TAMARÓN Caixa de vi negre reserva DO Ribera del Duero,59.94,53.94,2026-04-21 09:28:06
4232,2ac051c6-2e76-46be-8eb5-6011efbe95ad,BACH Caixa de vi blanc DO Catalunya Km0,29.94,35.7,2026-04-21 09:28:06
4233,d8a6bc37-b544-467a-aa6d-6d6944869bdd,BARON DE LEY Caixa vi negre DO Rioja,53.94,62.7,2026-04-21 09:28:06
4234,97285be2-f1c1-4f97-913c-c47da47570b9,DINARELLS Caixa 6u. vi blanc Do Empordà,25.74,29.1,2026-04-21 09:28:06
4235,c6056cba-4cd3-4e52-8ac3-83d0965da54e,EL XITXAREL·LO Caixa de vi blanc Do Penedès Km0,59.7,44.78,2026-04-21 09:28:06
4236,9ad53b67-02f5-4fad-9472-83fb1c7b03da,GRAN BUSCA RAONS Caixa de vi blanc ecològic DO Costers del Segre,44.96,59.94,2026-04-21 09:28:06
4237,ba416b33-73c9-47ff-b494-54b84f42f386,JAN BLANC Caixa de vi blanc DO Costers del Segre Km0,41.94,47.94,2026-04-21 09:28:06
4238,159583b7-6f26-4110-9622-d9fb8e4d535d,JAN PETIT Caixa 6u. vi negre DO Costers del Segre,41.94,47.94,2026-04-21 09:28:06
4239,64781441-5bf3-4078-82c7-3732a2a1697b,MARQUÉS DE CÁCERES Caixa 6u. vi negre reserva DO Rioja,73.5,65.7,2026-04-21 09:28:06
4240,ca822bfd-8308-4022-8f43-c501407e7354,MARTA VIOLET Caixa de vi blanc DO Penedès ecològic,59.7,53.7,2026-04-21 09:28:06
4241,f72989ae-0c5c-4f83-931d-6b0b5024b394,MINVANT Caixa de vi negre DO Terra Alta,59.7,38.81,2026-04-21 09:28:06
4242,f93ee6a7-263c-4108-ae4a-598b60134e3d,RAIMAT Caixa de vi negre DO Costers del Segre Km0,53.94,59.7,2026-04-21 09:28:06
4243,00023b3c-10c0-4eea-9a0d-a406744d4bc9,VIÑA ESMERALDA Caixa 6u. vi rosat DO Catalunya Km0,47.94,50.94,2026-04-21 09:28:06
4244,00ad88c9-fac6-40d1-a908-1b35bed688cd,AUZELLS Caixa de vi blanc DO Costers del Segre ecològic Km0,75.9,71.7,2026-04-21 09:28:07
4245,f2b5124a-c6ce-4e05-ae7b-1c21fb05af50,CELESTE ROBLE Caixa de vi negre DO Ribera del Duero,53.94,58.74,2026-04-21 09:28:07
4246,56641330-3db3-4357-831c-c54a588dd4a8,CURIOS Caixa de vi blanc ecològic DO Penedès Km0,50.94,56.94,2026-04-21 09:28:07
4247,cfcb8526-cb8c-4933-992e-269e0f744618,ELS NANOS Caixa de vi blanc DO Conca de Barberà ecològic Km0,44.1,28.67,2026-04-21 09:28:07
4248,78b72774-92ed-4a2e-8f51-7b515113ba78,ELS NANOS Caixa de vi negre DO Conca de Barberà ecològic Km0,44.1,28.67,2026-04-21 09:28:07
4249,5de2753a-a314-4793-b216-81f7900838e8,FREIXENET Caixa de vi blanc DO Catalunya,40.74,30.56,2026-04-21 09:28:07
4250,f2d02088-d328-49ea-b228-987e7d0650db,GARBO Caixa 6u. vi negre DO Montsant,53.7,40.28,2026-04-21 09:28:07
4251,13f3e288-8460-4e9d-b0ef-aba98ff33f97,GLÁRIMA Caixa 6u. vi rosat DO Somonato Km0,23.94,29.7,2026-04-21 09:28:07
4252,8401bfc7-2e53-451f-b010-dab362bb0ee6,MASIA OLIVEDA Caixa 6u. vi rosat DO Empordà Km0,29.94,26.94,2026-04-21 09:28:07
4253,5bee50ed-49b0-4b36-a580-d1c58f5cdc67,MASIA OLIVEDA Caixa de vi blanc DO Empordà Km0,29.94,26.94,2026-04-21 09:28:07
4254,00bcb8de-06a3-4b83-94c8-7faf83587355,MIREIA PINORD Caixa 6u. vi blanc DO Penedès ecològic Km0,59.94,53.94,2026-04-21 09:28:07
4255,e574e9d4-e91a-47c8-a891-391dcf7b3b93,ORIOL Caixa de vi blanc DO Empordà Km0,41.94,50.94,2026-04-21 09:28:07
4256,339131eb-742c-4759-b3bc-ac1d1811a973,PROTOS Caixa vi negre DO Ribera Duero,125.0,114.0,2026-04-21 09:28:07
4257,bf47c21c-085c-4715-b7d1-039e8496ffbf,PUNTILS Caixa 6u. vi negre DO Empordà Km0,40.74,35.94,2026-04-21 09:28:07
4258,9f2c49e8-504e-4e3e-9863-0aec31b9117c,RAIMAT Caixa de vi rosat ecològic DO Costers del Segre Km0,49.5,32.18,2026-04-21 09:28:07
4259,5521d249-70f5-4637-898f-87ac996712be,COLORS Caixa de vi negre DO Costers del Segre ecològic Km0,68.94,65.34,2026-04-21 09:28:08
4260,b317a28e-63c8-4b6e-b612-b7a0a5d78e37,CÉRVOLES Caixa de vi negre ecològic DO Costers del Segre Km0,138.0,147.0,2026-04-21 09:28:08
4261,190b184d-fedf-4562-8523-e55207da5e20,LA BÈSTIA NEGRA Caixa de vi negre DO Empordà Km0,43.14,47.94,2026-04-21 09:28:08
4262,d82768b0-e934-4940-97ea-72232ba809fa,MASIA OLIVEDA Caixa de vi negre DO Empordà Km0,29.94,26.94,2026-04-21 09:28:08
4263,ce01e0d3-6c27-4bf9-b8b6-f6b12ad52663,RAIMAT Caixa de vi blanc DO Costers del Segre Km0,53.94,59.7,2026-04-21 09:28:08
4264,a85ec85f-65b3-41f0-80bc-c1f1bf11ca40,REFORJAT Caixa vi negre DO Terra Alta Km0,37.5,28.13,2026-04-21 09:28:08
4265,6c8b86a6-ed7c-4829-88ff-6e3fe94eb0ce,SOMMOS Caixa 6u. vi blanc DO Somontano Km0,56.7,65.34,2026-04-21 09:28:08
4266,0907bb9d-6e7b-4bb0-b488-bc44e4556b62,VIÑA POMAL Caixa 6u.vi negre DO Rioja Reserva,95.7,77.94,2026-04-21 09:28:08
4267,ce277ca2-e64a-4e59-a431-293c54aac166,ANNA CODORNÍU Cava Brut Nature guarda caixa,47.94,59.7,2026-04-21 09:28:10
4268,5291218f-6727-43a0-b0ee-fee5de716ea4,CODORNÍU CUVÉE Cava Brut Nature guarda ecològic,7.25,6.25,2026-04-21 09:28:10
4269,1201125e-2ac4-4656-94ca-ffb699a5b39c,FREIXENET CAR.NEVADA Cava Brut guarda,7.45,6.95,2026-04-21 09:28:10
4270,ed741f92-852a-4908-9fb6-90a59a691d97,FREIXENET CAR.NEVADA Cava semisec guarda,7.45,6.95,2026-04-21 09:28:10
4271,b310e26f-4aa8-41e8-a1eb-9d6fb0994141,JAUME SERRA ICE Cava rosat Brut guarda caixa,33.54,37.5,2026-04-21 09:28:10
4272,1ea1a8f2-7f6f-4277-beac-d0e431d42e6a,LACRIMA B. HERETAT Cava Brut guarda ecològic caixa,35.94,26.96,2026-04-21 09:28:10
4273,20cb4a20-5555-4a38-9cdb-227002d1303d,LACRIMA BACCUS Cava rosat Brut guarda caixa,35.94,26.96,2026-04-21 09:28:10
4274,c86d6565-dd09-4b7a-a811-61f5b1487b63,PARXET Cava Brut guarda caixa,62.78,83.7,2026-04-21 09:28:10
4275,3b2f7247-b666-4996-a735-8ff772ee7654,ANNA CODORNÍU Cava Brut guarda caixa,47.94,59.7,2026-04-21 09:28:11
4276,be0dbdf2-f91b-4779-934a-e80f98de0c0b,CODORNÍU CUVEÉ Cava semisec guarda ecològic,7.25,6.25,2026-04-21 09:28:11
4277,84680261-eb32-4120-ad61-c505fe1c2d86,CODORNÍU CUVÉE Cava Brut guarda ecològic,7.25,6.25,2026-04-21 09:28:11
4278,d481ccd5-f4b3-4700-94de-80cce1de508b,CODORNÍU CUVÉE Cava rosat Brut guarda ecològic,7.25,6.25,2026-04-21 09:28:11
4279,1e4ad963-0d73-4d8a-9c4c-9e4bb3a30f26,CODORNÍU Cava Brut guarda ecològic caixa,43.5,37.5,2026-04-21 09:28:11
4280,e608c42b-3845-4d2a-9f2d-ee43c301eaad,ESCOFET ROSELL Cava Brut guarda superior reserva caixa,59.94,44.96,2026-04-21 09:28:11
4281,29db5d6e-49a8-4bc7-bb5c-41d9d2496524,FREIXA RIGAU Cava Brut Nature guarda superior reserva caixa,47.94,53.94,2026-04-21 09:28:11
4282,b4c8207c-6f05-43ac-be4f-6ac05521a1ea,JUVÉ CAMPS Cava Brut Nature guarda superior gran reserva ecològic caixa,123.0,128.0,2026-04-21 09:28:11
4283,2c2e25a1-078d-4f71-b8ff-091dcf279d41,JUVÉ CAMPS ESSENTIAL Cava Brut guarda superior reserva ecològic caixa,88.14,83.34,2026-04-21 09:28:11
4284,bc42d76b-37a2-4f56-aabb-0b16190f35bb,PARXET Cava Brut guarda caixa,89.7,77.94,2026-04-21 09:28:11
4285,90dc1ec6-cfa0-4a43-bef0-67611403fe83,CASTELL RE. LA CUVÉE Cava Brut Nature guarda superior reserva caixa,59.94,64.5,2026-04-21 09:28:12
4286,6c43ccba-d170-4891-96b8-7edf3cf41e74,CODORNÍU CUVÉE Cava semi sec ecològic caixa,43.5,37.5,2026-04-21 09:28:12
4287,2931276a-8927-457b-ae57-e4c82a2192e5,BEEFEATER Ginebra,13.45,14.49,2026-04-21 09:28:14
4288,3f856a6e-f45b-40cb-ba53-a88f197a8bf6,L'HÒSTIA Ratafia,12.95,11.95,2026-04-21 09:28:14
4289,6b1583dc-e4a6-479b-9379-ca2cfd5cffcf,LARIOS Ginebra Mediterrània,12.45,12.19,2026-04-21 09:28:14
4290,0e3d3063-7c3a-43fb-b34b-22b2073f060f,MAGNO Brandi de Xerès Solera Reserva,11.95,12.69,2026-04-21 09:28:14
4291,a22c48e0-abfc-48a2-b119-a22f318eab37,HAVANA CLUB Rom anyenc Origen,14.95,13.95,2026-04-21 09:28:15
4292,653d5ca3-bd00-4aa9-9ccd-583d0b7cf45f,SOLERA 1866 Brandi Solera 1866,50.99,54.4,2026-04-21 09:28:15
4293,cc062739-7a7d-4e4b-9bbc-92a0d6f83539,ALPRO Beguda de civada sense sucre en cartró,4.99,1.99,2026-04-21 09:28:17
4294,8297a61d-9fe5-4bd8-abc2-5a5b545e42c9,BONPREU Calamar trossejat,3.75,4.49,2026-04-21 09:28:19
4295,e983172c-a3b2-4088-b4dd-522c419101bf,MCCAIN Patates fregides Forno Express,3.59,3.95,2026-04-21 09:28:22
4296,de8effa0-ee1c-4586-b37f-23ac6ecd5e4b,MCCAIN Patates rústiques,3.49,3.79,2026-04-21 09:28:23
4297,87deeb8b-bf06-4982-8229-fc73133c8493,PICKERS MCCAIN Anelles de ceba,3.06,3.19,2026-04-21 09:28:25
4298,8560e79c-70f2-46ed-9567-8d0023cf7e6a,RISTORANTE Pizza 4 formatges,3.95,9.99,2026-04-21 09:28:27
4299,9a0b0ea7-747b-4d3e-8e87-a90ec2e9daa9,RISTORANTE Pizza Barbacoa,3.95,9.99,2026-04-21 09:28:27
4300,0b0e0ac6-dab5-4d7c-ad03-b597725a1d18,RISTORANTE Pizza Funghi,3.95,9.99,2026-04-21 09:28:27
4301,16de0115-50b7-4f70-bffa-5074d3f13fdb,RISTORANTE Pizza Hawaii,3.95,9.99,2026-04-21 09:28:27
4302,f5bfe03c-c795-4bfe-a9ae-957edf569f00,RISTORANTE Pizza Speciale,3.95,9.99,2026-04-21 09:28:27
4303,f1f5da7b-9d3d-47a1-899b-79c4d321bf64,RISTORANTE Pizza bolonyesa,3.95,9.99,2026-04-21 09:28:27
4304,030b937e-6e37-4392-88ca-c5663a41d643,RISTORANTE Pizza d'espinacs,3.95,9.99,2026-04-21 09:28:27
4305,4609b1e5-7ea3-4012-8bde-e3c02c58342b,RISTORANTE Pizza de mozzarella,3.95,9.99,2026-04-21 09:28:27
4306,db165d50-8bb1-492b-89af-260721888f72,RISTORANTE Pizza de pernil dolç i formatge,3.95,9.99,2026-04-21 09:28:27
4307,adb631bc-ed8e-4421-95fa-bcaa48168e92,RISTORANTE Pizza de tonyina,3.95,9.99,2026-04-21 09:28:27
4308,ae08cd2c-29ea-4dfc-b9df-21e459f94fd3,RISTORANTE Pizza vegana,3.95,9.99,2026-04-21 09:28:27
4309,7b2917b8-1d34-43f9-81cc-b1cebb3a03a0,RISTORANTE Pizza vegetal,3.95,9.99,2026-04-21 09:28:27
4310,d99a8451-e077-4228-af4b-96bff56ef1c9,HAAGEN-DAZS Gelat de cookies & cocoa,7.49,9.99,2026-04-21 09:28:28
4311,31422517-0df5-4aa0-b439-0eb749b75fa4,HÄAGEN-DAZS Gelat Cookies & Cream,7.49,9.99,2026-04-21 09:28:28
4312,f28a630c-a7ac-4d3f-a5a0-1b881dc7b6d4,HÄAGEN-DAZS Gelat Salted Caramel,7.49,9.99,2026-04-21 09:28:28
4313,a6a0623e-08e9-4a73-b98b-24a77f13260a,HÄAGEN-DAZS Gelat Strawberry Cheesecake,7.49,9.99,2026-04-21 09:28:28
4314,65c9029d-6cb7-4bb3-827c-cdfcf7e570f5,HÄAGEN-DAZS Gelat de dolç de llet,7.59,9.99,2026-04-21 09:28:28
4315,ed48a92d-5261-4959-a01a-5c574421d2bf,HÄAGEN-DAZS Gelat de maduixa i nata,7.49,9.99,2026-04-21 09:28:28
4316,d7f284d7-2624-4b7b-ad0e-27b0f3e8e164,HÄAGEN-DAZS Gelat de mango i gerds,7.59,9.99,2026-04-21 09:28:28
4317,c82d31d8-af7b-4853-b709-3d2cc3f134e8,HÄAGEN-DAZS Gelat de vainilla,7.59,9.99,2026-04-21 09:28:28
4318,45100858-157c-4caf-a61c-c7b0f5f9d408,HÄAGEN-DAZS Gelat de vainilla i nous de Macadàmia,7.49,9.99,2026-04-21 09:28:28
4319,c3cd373d-d1c9-46ea-a3dc-95c3916685de,HÄAGEN-DAZS Gelat de xocolata Brownie,7.49,9.99,2026-04-21 09:28:28
4320,20a43697-4d7f-425d-b12a-a2cf232599d7,HÄAGEN-DAZS Gelat de xocolata belga,7.49,9.99,2026-04-21 09:28:28
4321,922b283e-1d0f-4274-be84-4f8bb4241bcb,HÄAGEN-DAZS Gelat te matxa,7.49,9.99,2026-04-21 09:28:28
4322,0fee34a3-89d0-4b73-a296-1900b70f03ca,ARDO Mango,2.65,2.75,2026-04-21 09:28:33
4323,185dff90-616a-4c7a-a2be-bcdf47f4bad2,DANONE La Copa de nata i xocolata,1.99,3.29,2026-04-21 09:28:43
4324,49730233-1f90-403a-9d0a-75f1d8f43e1d,YOPRO Postres làcties Pudding de xocolata,2.99,1.49,2026-04-21 09:28:43
4325,9e980783-d064-473e-9481-c54b4eb465d1,BO DE DEBÒ Coulant de xocolata,2.49,2.65,2026-04-21 09:28:44
4326,c561fc68-ca10-4316-8c10-da620d0f711f,DANONE Iogurt grec natural,1.49,3.29,2026-04-21 09:28:45
4327,58efb4bd-0a58-49b6-ad2f-c42181de514a,DANONE Iogurt natural Original,1.99,3.29,2026-04-21 09:28:45
4328,e172067b-848d-451f-a735-754a7cca789c,ALPRO Producte vegetal de llima i llimona,2.99,2.25,2026-04-21 09:28:46
4329,4657cdf4-7f60-4d93-a507-056f8ef84eac,ALPRO Producte vegetal de soja amb coco,2.29,2.25,2026-04-21 09:28:46
4330,bd5f57a5-2f1e-43ca-bd79-43512739754d,ALPRO Producte vegetal de soja amb nabius,2.29,2.25,2026-04-21 09:28:46
4331,5a302dd7-ab43-4fc4-a809-b42ca4bbe938,DANONE Iogurt natural,2.99,1.0,2026-04-21 09:28:46
4332,14e37e88-5620-4462-b230-377e8e523901,ALPRO Producte vegetal de soja amb cirera,2.29,2.25,2026-04-21 09:28:47
4333,f8824b8a-1cbb-4c4f-aaf6-32736d575544,ALPRO Producte vegetal de soja amb civada,2.29,2.25,2026-04-21 09:28:47
4334,7a4ddc45-1ed8-49b8-b9af-325e5dfc31d6,ALPRO Producte vegetal de soja amb maduixa,2.29,2.25,2026-04-21 09:28:47
4335,28eff7d5-b1c7-46e5-8fcd-6ae5aa5ab566,ALPRO Producte vegetal de soja amb vainilla,2.29,2.25,2026-04-21 09:28:47
4336,8b2611df-41fb-44f0-ad8d-10d053063c29,ALPRO Producte vegetal de soja amb préssec,2.29,2.25,2026-04-21 09:28:48
4337,509e45aa-cc90-4adb-8a17-7cd33e81770e,BONPREU Ous frescos de gallines soltes en el galliner M,2.99,5.99,2026-04-21 09:28:52
4338,71d79e52-ef9c-4f49-8e84-40fd3fb23d50,BONPREU Ous frescos de gallines soltes en el galliner M,2.99,5.99,2026-04-21 09:28:52
4339,d9fc6a27-c4f9-4f92-8f0e-1b1e41f053a5,BONPREU Ous frescos de gallines soltes en el galliner M,2.99,5.99,2026-04-21 09:28:52
4340,69ff4f40-a33f-4b90-a7d9-9f90f7a74491,TENA Pants incontinència per a Home L/XL,12.15,11.95,2026-04-21 09:29:31
4341,51e64744-c0d8-4309-9110-86cbe8bc4c60,AUSONIA Compresa ultrafina de nit amb ales,1.99,1.72,2026-04-21 09:29:32
4342,e7c1220f-d3bf-4a68-b6ec-e134a6f6ca2a,AUSONIA Compresa ultrafina normal amb ales,1.99,1.72,2026-04-21 09:29:32
4343,3e196477-ba1f-42c9-9121-39051ca2555c,AUSONIA Compresa ultrafina súper amb ales,1.99,1.72,2026-04-21 09:29:33
4344,21ffb704-6d84-45d2-b321-53b55c224192,NIVEA Loció corporal reafirmant,6.25,5.95,2026-04-21 09:29:34
4345,cca42c6c-6528-416a-8649-f9e799298a11,TENA Compresa extra per a incontinència,7.99,8.15,2026-04-21 09:29:34
4346,90043387-2433-4001-905a-f41f2c30ce5e,TENA Compresa maxi per a incontinència,7.99,8.05,2026-04-21 09:29:34
4347,b8b8e40a-ebaa-4d76-afea-8910a49ea214,TENA Compresa normal per a incontinència,7.99,8.15,2026-04-21 09:29:34
4348,6e870c14-27d1-4f3f-a482-2b55f43f24b7,BONPREU Paper de cuina compacte 2 capes 2 un.,1.55,14.99,2026-04-21 09:29:49
4349,39d6c52d-7025-46ee-abba-9b93f391e428,COLON Detergent líquid de 34 dosis,9.99,15.49,2026-04-21 09:29:53
4350,19cb7daa-cf62-44f0-819b-d26472a67286,DIXAN Detergent líquid blau de 40 dosis,13.99,8.79,2026-04-21 09:29:53
4351,4eb7b764-8b68-4fe3-8615-9c9a0e2136bf,FLOR Suavitzant concentrat Blau de 59 dosis,3.99,15.49,2026-04-21 09:29:53
4352,33903413-dd4f-4262-98ec-9d3483aaca00,VERNEL Suavitzant concentrat Cel Blau de 55 dosis,13.99,3.49,2026-04-21 09:29:53
4353,d9bd2f52-43f0-4828-a9a5-4deac6532c6d,FINISH Abrillantador per a rentavaixelles,4.95,15.49,2026-04-21 09:29:59
4354,eaa5709c-e7c0-4ab7-b006-796353c28572,FINISH ULTIMATE PLUS Rentavaixella all in 1 de 30 dosis,9.99,15.49,2026-04-21 09:29:59
4355,034034d4-2148-4c2f-8f7a-541502f3ee34,SOMAT Detergent rentavaixelles llima-llimona de 40 dosis,13.99,7.15,2026-04-21 09:29:59
4356,123bd47c-d3a5-41c2-8c1d-0e6b7a1e7b9a,CILLIT BANG Netejador de taques d'humitat,5.35,4.99,2026-04-21 09:30:02
4357,dc0483e8-2d89-48ec-9166-af80032f53d6,BREF WC Netejador WC Power Active Natura Pi,13.99,2.95,2026-04-21 09:30:05
4358,a9682707-1bb4-46ee-90f4-db429ecce2cb,CILLIT BANG Netejador de bany ultra lluentor,5.35,4.99,2026-04-21 09:30:05
4359,3e06a297-2e75-4b32-92de-ffb888f67281,CEGASA Llum emergència geolocalitzable V16,34.99,39.99,2026-04-21 09:32:08
4360,579f2589-29a3-4b7b-a9d8-5f217aafa135,GOURMET SOUP Snack líquid de Salmó per a gat,0.85,1.0,2026-04-21 09:32:18
4361,fc30cc55-4406-4d1e-8665-fe1539a5d9bd,GOURMET SOUP Snack líquid de pollastre per a gat,0.85,1.0,2026-04-21 09:32:18
4362,fc684d1b-5ca3-4378-ad42-be7016df9c82,PURINA ONE Menjar Terrine de bacallà per a gat esterilitzat,0.92,2.76,2026-04-21 09:32:18
4363,6daa1183-85d3-4f3e-b7f9-496fac54403b,PURINA ONE Menjar Terrine de gall dindi per a gat esterilitzat,0.92,2.76,2026-04-21 09:32:18
4364,989c935d-3211-46cf-922c-b9a9f3b72fd7,FELIX Snack amb gust de salmó per a gat adult,1.99,1.0,2026-04-21 09:32:21
4365,93a93a8e-d878-4dea-af70-d2125e51ae37,MY CAT Sorra aglomerant daurada perfumada per a gat,3.69,2.99,2026-04-21 09:32:23
4366,9e52d879-b886-40d5-acf7-6926b623de9a,NAN SUPREME PRO Llet de creixement  en pols,25.25,26.65,2026-04-21 09:32:31
4367,ed6facfc-12bf-4e64-ad74-f2bd33bb7aef,NAN SUPREME PRO Llet de continuació en pols,26.95,27.89,2026-04-21 09:32:32
4368,ebfb2e83-76a6-4b34-9703-3164637f599e,KANDOO Paper higiènic humit amb aroma a meló,5.85,5.49,2026-04-21 09:32:34
4369,91b269a6-8fc5-47c1-b472-ad73ff397690,SEBAMED Tovalloletes humides per a nadó,7.49,9.99,2026-04-21 09:32:34
4370,f07726b3-3024-4e11-a955-de85819aeb1e,COMPEED Apòsit de mida mitjana per a talons,13.95,10.99,2026-04-21 09:32:38
4371,1174ccec-b289-44b7-83d3-f46ebcd0f058,COMPEED Apòsit per a butllofes mitjanes,8.39,6.69,2026-04-21 09:32:38
4372,1df4d4b4-f44d-4889-878c-2fa0f2ea98f0,COMPEED Apòsit per a butllofes petites,8.39,6.69,2026-04-21 09:32:38
4373,c535c4e6-a766-47a0-b8c7-7f9e9086e8ed,COMPEED Apòsit per a herpes labial,12.95,10.35,2026-04-21 09:32:38
4374,d0c9f52e-c842-4737-8ad6-90b7d821d48a,COMPEED Apòsit per galindons,6.49,5.19,2026-04-21 09:32:38
4375,a92d8c07-b128-44de-837e-5df39122bee8,COMPEED Apòsit protector Sport,8.65,6.89,2026-04-21 09:32:38
4376,22bd6faa-4da9-4066-a2b9-4d7b1e9c4b25,COMPEED Apòsit protector durícies mitjans,6.45,5.15,2026-04-21 09:32:38
4377,58ffa7f6-e011-4c04-94d0-478f52cc17d3,COMPEED Apòsits per a butllofes als dits dels peus,7.69,6.15,2026-04-21 09:32:38
4378,3c16eb4c-e5e9-406c-820e-f98fb735b511,COMPEED Assortiment d'apòsits per a butllofes,8.39,6.69,2026-04-21 09:32:38
4379,6fafa8b1-b231-4382-a45c-67aabab09a62,COMPEED Stick anti-fricció,9.35,7.45,2026-04-21 09:32:38
4380,21ba3fb7-bc59-4bef-8d4b-beb24415f3f0,SEBAMED Gel bany escuma bebé,9.99,13.45,2026-04-21 09:32:50
4381,413d8e8c-f9bc-4892-92ff-d8f9a1870cc5,SEBAMED Gel bany escuma bebé,14.89,19.89,2026-04-21 09:32:50
4382,46eebb5f-8d3e-40c0-b651-a5a798eb375c,SEBAMED Tovalloletes humides nadó,4.49,5.99,2026-04-21 09:32:50
4383,ea21b6e2-7757-4a71-ac4e-8963ec4a87a3,SEBAMED Llet corporal per bebé,9.89,13.25,2026-04-21 09:32:51
4384,39d6c52d-7025-46ee-abba-9b93f391e428,COLON Detergent líquid de 34 dosis,15.49,14.99,2026-04-21 21:14:02
4385,4eb7b764-8b68-4fe3-8615-9c9a0e2136bf,FLOR Suavitzant concentrat Blau de 59 dosis,15.49,14.99,2026-04-21 21:14:02
4386,d9bd2f52-43f0-4828-a9a5-4deac6532c6d,FINISH Abrillantador per a rentavaixelles,15.49,14.99,2026-04-21 21:14:09
4387,eaa5709c-e7c0-4ab7-b006-796353c28572,FINISH ULTIMATE PLUS Rentavaixella all in 1 de 30 dosis,15.49,14.99,2026-04-21 21:14:09
4388,3853d9e0-17e1-488e-a6f9-a69f2fb171bc,LA COLLITA Bròcoli 1 u.,1.99,1.59,2026-04-22 09:23:17
4389,a2a1a4ca-d68c-4ac7-bfc3-569da723a9de,Banana 1 u.,0.22,0.23,2026-04-22 09:23:18
4390,9df0f800-9f4a-4a56-a0fc-13d506437240,Moniato ecològic en safata de 700 g,2.99,3.29,2026-04-22 09:23:20
4391,bda196fe-8cdb-4aa3-ae5e-05ef2a8ac5d8,Seitó (costa),1.4,1.2,2026-04-22 09:24:03
4392,26ec419c-4b63-4354-8364-21c57db84538,Sardina (de costa).,1.4,1.2,2026-04-22 09:24:04
4393,9f1a58e3-4eea-419e-a4fe-2c91395bb3f3,Sardina grossa,3.5,3.0,2026-04-22 09:24:04
4394,923a381f-e4bc-4eb8-a26c-17dc7077f4e7,PONT Cafè mòlt natural Aràbic Km0,5.29,5.89,2026-04-22 09:24:53
4395,92e79ff2-c057-41f4-9887-2485507a4330,PRIMA Quètxup Original,1.79,1.59,2026-04-22 09:26:03
4396,777b3c53-efd8-405b-80b0-bae35f59b03a,"LA COLLITA Plàtan ""Plátano de Canarias IGP"" extra 1 u.",0.59,0.63,2026-04-23 09:25:58
4397,252cc25d-6fb7-4217-885f-06e45ba343b1,Tomàquet madur 1 u.,0.46,0.43,2026-04-23 09:26:00
4398,554af9b0-4e64-4d81-a0d6-350923dbc110,Carxofa Baix Llobregat Km0 1u,0.51,0.54,2026-04-23 09:26:01
4399,9cd0ed15-1b0a-4ab3-badd-7a6a88858b97,Carxofa Delta del Ebre Km0 1 u.,0.45,0.48,2026-04-23 09:26:04
4400,25787fbf-0c4b-4efc-99ac-4d2a8db1728b,"TANQUERAY Beguda amb gust a ginebra alcohol 0,0%",14.65,16.49,2026-04-23 09:28:36
4401,794035cf-5225-46ec-94d4-26ded5d5a988,JOHNNIE WALKER Whisky escocès Black Label,25.95,28.89,2026-04-23 09:29:08
4402,165521f5-ba47-48a1-83b6-95704fdfe7b9,LA FAGEDA Iogurt natural desnatat,1.99,2.05,2026-04-23 09:29:43
4403,c68cdee0-bbaa-4670-9f26-0b1f34050196,LA FAGEDA Iogurt desnatat de llimona,1.99,2.05,2026-04-23 09:29:46
4404,bef52d46-75fa-47a1-8ab1-7f6cb7df1a65,LA FAGEDA Iogurt desnatat de maduixa,1.99,2.05,2026-04-23 09:29:46
4405,e1e4d5ee-b90b-4917-8052-6b560a642093,NIVEA SUN Llet solar hidratant FPS 50 molt alta,16.49,15.95,2026-04-23 09:30:37
4406,07e0f816-d77b-43d5-b845-1ce2227f2f0f,S3 Aigua de colònia,3.49,3.75,2026-04-23 09:30:43
4407,742b6692-4487-4801-b786-1890b8121401,DETERSOLÍN Detergent líquid de 37 dosis,5.85,5.45,2026-04-23 09:30:57
4408,17948fe0-ecaa-42ca-bf6c-c36f1b46bc80,DETERSOLÍN Detergent líquid rentat mixte de 37 dosis,5.85,5.45,2026-04-23 09:30:57
4409,af60bb1a-a3f4-4da1-ae91-6ca7a884a3d5,PUNTOMATIC Detergent en pastilla roba blanca,0.99,1.0,2026-04-23 09:30:57
4410,c7003ef0-4cc8-4c23-bc41-09afd330af76,DETERSOLIN Detergent líquid esport  de 37 dosis,5.85,5.45,2026-04-23 09:30:58
4411,9ad2ba80-8723-451b-8f49-14c0dac95f79,BONPREU Baieta de pal microfibra,2.8,2.7,2026-04-23 09:31:08
4412,b9cac90b-1a41-467f-b50c-4359320168e4,"TATAY Mànega per a regar extensible 7,5m",14.95,17.95,2026-04-23 09:33:02
4413,165b1c27-4835-4105-8e60-86f4603a3590,BONPREU Tovalloletes humides aqua,1.8,1.69,2026-04-23 09:33:47
4414,6f0f76e4-2d60-4f4c-a179-d663e3471487,Bròquil verd Km0 1 u.,2.29,2.69,2026-04-23 21:09:50
4415,ec77b175-e841-4cce-8c2d-e2b01d7b8a0c,"LA COLLITA Plàtan ""Plátano de Canarias IGP"" manat 800 grams",2.89,3.39,2026-04-24 09:51:55
4416,a0f830ca-fb1e-4cf7-a517-5f7cea6582ea,"LA COLLITA Plàtan ""Plátano de Canarias IGP"" Extra en cinta",2.8,2.97,2026-04-24 09:51:57
4417,36792cc9-abef-4815-821a-feab4f317255,FUENCAMPO Ceba dolça 1 u.,0.87,0.83,2026-04-24 09:51:59
4418,9f1a58e3-4eea-419e-a4fe-2c91395bb3f3,Sardina grossa,3.0,3.5,2026-04-24 09:52:30
4419,baeac763-a587-46f6-9acf-2ae52fcfc7f5,Cua de Lluç (unitat).,17.99,14.99,2026-04-24 09:52:31
4420,8680fae6-dfdb-451b-a076-4dc16678c460,Sípia bruta,13.19,11.99,2026-04-24 09:52:31
4421,22f9494d-0119-4e05-9ecf-6f69ebd3e3ad,Llamàntol blau (unitari),36.99,32.99,2026-04-24 09:52:32
4422,1553f184-cfa0-40c9-b2f5-5106a7309c61,BONPREU Espirals amb vegetals,0.78,0.79,2026-04-24 09:53:35
4423,e2926827-9369-4d80-834e-4424d835ff5e,BONPREU Macarrons amb vegetals,0.89,0.79,2026-04-24 09:53:37
4424,fb950f25-5721-46c1-9cf4-0e6d06fae05a,CERTERO Vi negre reserva DOQ Rioja,4.65,4.39,2026-04-24 09:54:42
4425,b9013263-1a97-48a3-ae00-46bad8176807,CHARTREUSE Licor d'herbes verd,37.95,38.35,2026-04-24 09:54:54
4426,bec7da9f-cdd9-4ae0-8b14-7a1d9be75c34,NESTLÉ MAXIBON Gelat de galeta,5.99,6.59,2026-04-24 09:55:08
4427,da661492-a094-433c-ac1a-3f89bf0ce3f8,BONPREU DE L'ERA Secret de porc,15.69,3.51,2026-04-25 09:05:45
4428,9f1a58e3-4eea-419e-a4fe-2c91395bb3f3,Sardina grossa,3.5,3.0,2026-04-25 09:05:59
4429,7693b815-33a5-48f4-9a6b-648511ff1d8f,CERELIA Base per a Pizza sense gluten,2.47,1.79,2026-04-25 09:07:37
4430,1ca71933-cb0e-4381-8a41-1192175a7750,CERELIA Base de Pasta de Full sense gluten,2.79,1.99,2026-04-25 09:07:39
4431,5c42bd83-bea1-465d-bb16-b779ac7ea5cb,CERELIA Masa brisa quebrada fresca,1.1,0.89,2026-04-25 09:07:40
4432,e8ea7296-2953-48c4-a409-8f4e68a638d4,BALLANTINE'S Whisky,19.95,19.99,2026-04-25 09:09:24
4433,62de3df3-bf45-4d54-b0a5-88ee693a63af,BALLANTINE'S Whisky escocès,13.49,13.19,2026-04-25 09:09:24
4434,73b95cc1-8df1-43c2-b87b-7258d31ff8ba,FOUR ROSES Whisky Bourbon,18.65,18.75,2026-04-25 09:09:24
4435,5ecb18b9-65c1-459b-9000-92b4ad97ec2b,MALIBU Combinat pinya colada,2.55,2.65,2026-04-25 09:09:24
4436,b69771b6-b053-4b9e-9bfd-f29e35612d03,RUAVIEJA Licor d'herbes,10.55,10.75,2026-04-25 09:09:24
4437,0017a98c-ed60-4cd6-acb8-58a680ad9683,ABSOLUT Vodka,15.29,15.59,2026-04-25 09:09:25
4438,2931276a-8927-457b-ae57-e4c82a2192e5,BEEFEATER Ginebra,14.49,13.45,2026-04-25 09:09:25
4439,0a64c0a0-1540-43c9-8a5a-e09ebf7d28ef,HAVANA CLUB Rom blanc anyenc 3 anys,13.9,13.95,2026-04-25 09:09:25
4440,54063e3b-0b8c-45cb-98d1-0d403d29edcf,ABSOLUT Vodka gust chili Tabasco,15.29,15.59,2026-04-25 09:09:26
4441,d4fad087-c1d2-4dd2-ba1d-7d3da073cdbc,CHIVAS REGAL Whisky escocès de 12 anys,29.49,31.89,2026-04-25 09:09:26
4442,a22c48e0-abfc-48a2-b119-a22f318eab37,HAVANA CLUB Rom anyenc Origen,13.95,14.95,2026-04-25 09:09:26
4443,ac55b3c3-11ef-4cfe-96cb-1717ba815f1c,MALIBU Rom amb coco,12.69,13.35,2026-04-25 09:09:26
4444,e18c63ec-10f1-40a1-a915-dc5fbca15a80,RICARD Aperitiu anissat de Marsella,17.95,18.25,2026-04-25 09:09:26
4445,c6241968-5a05-423a-8acc-92c0417f9384,ABSOLUT Combinat de gerds i llimona,2.55,2.65,2026-04-25 09:09:27
4446,2397ea7d-8e04-4717-9218-543f417b1fc4,PASTIS 51 Anissat,17.45,17.75,2026-04-25 09:09:28
4447,6f92a039-daf6-4d93-b880-535426f50d27,INFISPORT Proteïna Iso Pro-T gust a xocolata,59.95,58.95,2026-04-25 09:16:34
4448,a2a1a4ca-d68c-4ac7-bfc3-569da723a9de,Banana 1 u.,0.23,0.22,2026-04-27 10:10:36
4449,da661492-a094-433c-ac1a-3f89bf0ce3f8,BONPREU DE L'ERA Secret de porc,3.51,15.69,2026-04-27 10:11:00
4450,c2220035-0228-4fba-b437-71a50a5d6b14,BARRANCO Tripes de vedella,3.65,3.89,2026-04-27 10:11:24
4451,01310260-66a1-4133-a085-31050accc048,BONPREU Ceba fregida cruixent,1.15,1.19,2026-04-27 10:11:28
4452,33246986-de3c-4ab9-934f-d6df716d0638,LES CABANES Oli d'oliva verge extra Km0,42.95,38.5,2026-04-27 10:11:33
4453,385cc757-34f6-49cb-8642-6d69f308c5b1,LES CABANES Oli d'oliva verge extra Km0,19.85,16.5,2026-04-27 10:11:33
4454,c3ebcf66-2b77-4e6d-9002-44b155dbb803,BONPREU Supremes de salmó de Noruega sense pell,9.29,9.49,2026-04-27 10:13:36
4455,e716af93-ca11-4e20-9fb1-90a78ff9226e,ARKOPHARMA Complement alimentari Arkosterol Plus,24.59,22.95,2026-04-27 10:18:04
4456,9cdf1115-b264-4d6b-a373-41cbda753dcc,LA COLLITA Taronges malla de 2 kg,2.59,2.89,2026-04-28 10:12:06
4457,55ccd20a-9e83-4683-a79d-066375a180ed,Carbassó ecològic en safata de 600 g,2.99,2.49,2026-04-28 10:12:08
4458,534842d5-0a85-48b1-a91c-1fe354a097a4,Taronja 1 u.,0.5,0.53,2026-04-28 10:12:09
4459,c436118d-907e-478b-9a95-aa13b14ecb8f,LA COLLITA Gírgoles Pleorotus en safata de 250 g,2.05,1.99,2026-04-28 10:12:10
4460,2b41944a-c7ca-40a5-948b-b03b27921837,Meló sencer 1 u.,5.48,5.98,2026-04-28 10:12:13
4461,d2feb177-66ee-46ef-98c3-54705c78be0c,Supremes de Salmó,25.99,6.25,2026-04-28 10:12:53
4462,9f1a58e3-4eea-419e-a4fe-2c91395bb3f3,Sardina grossa,3.0,3.5,2026-04-28 10:12:55
4463,2f44ca83-8309-403b-8ff3-9a741b0fa579,IFA Oli d'oliva suau,4.09,3.9,2026-04-28 10:13:23
4464,93d7786e-b14c-405b-be36-cef7cb989e24,BONPREU Patates fregides a la paella,1.9,1.8,2026-04-28 10:13:30
4465,f45187b8-d7d6-494b-aae6-1c784cab7176,TWININGS Te Earl Grey,4.89,4.69,2026-04-28 10:13:44
4466,57dd2854-c8f9-459d-862c-7a7352bdfdc0,TWININGS Te English Breakfast,4.89,4.69,2026-04-28 10:13:45
4467,6b4f031f-5de6-4d50-b6fa-5cacd11ebaf5,SANTIVERI Coquetes d'espelta ecològiques,2.05,1.99,2026-04-28 10:14:21
4468,e72313b2-f175-4871-ae8e-01a3abe2c56e,SUMMUM Gaspatxo en cartró d'1 litre,1.89,1.79,2026-04-28 10:14:56
4469,30bc846a-eb22-4f12-936b-9a02349e215b,ECOBASICS Mill pelat ecològic,2.27,2.25,2026-04-28 10:15:15
4470,4aa20891-b631-4a81-94d2-86915529d2f8,SAN MIGUEL Cervesa especial en llauna,0.55,0.74,2026-04-28 10:15:44
4471,2a3422cc-e3ec-4384-ac15-1fd2cd843f9c,BONPREU Vi blanc,0.99,0.95,2026-04-28 10:15:58
4472,26347d84-e5b6-4151-969d-f32ee213c280,BONPREU Vi negre,1.19,1.15,2026-04-28 10:15:58
4473,714ce84a-7a2c-48c6-8a67-e80067ffb8a3,NUXE REVE DE MIEL Crema de mans i bàlsam labial,9.5,8.99,2026-04-28 10:18:05
4474,9eb4e30f-4537-4a7a-8a31-7cf040e7bdb2,NUXE REVE DE MIEL Crema de mans i ungles,14.9,11.89,2026-04-28 10:18:05
4475,be81ecdf-dde2-4eef-9cf9-aa85d5207588,NATIVA 1 Llet per a lactants en pols,11.7,12.95,2026-04-28 10:22:10
4476,b3e5e850-13b2-4331-b753-4f00b540b142,NATIVA 2 Llet de continuació en pols,11.95,12.95,2026-04-28 10:22:10
4477,adec7f45-0ed4-4673-a446-6604cdc328a2,NATIVA 3 Llet de creixement en pols,10.95,11.69,2026-04-28 10:22:10
4478,73155deb-f394-4ce4-8395-16c666a8a440,NIDINA 1 Llet per a lactants en pols,14.0,14.95,2026-04-28 10:22:11
4479,7043eaae-e912-4cf4-8486-3238727e60df,NUXE Oli sec multifuncions,21.49,16.99,2026-04-28 10:22:58
4480,3fe61618-e419-4317-8ad4-5f71e4e420f1,NUXE Oli floral multifuncions,32.49,24.95,2026-04-28 10:22:59
4481,e84d96df-68ce-40e6-a82d-57434d798527,NUXE Oli sec multifuncions,32.49,24.95,2026-04-28 10:22:59
4482,58c40a1f-2624-4f8e-9139-a1138575c143,NUXE Oli sec Or en Roll-on Prodigieuse,33.95,26.95,2026-04-28 10:23:01
4483,85ce62fc-e8bf-40dc-9449-87d868396e36,NUXE Oli sec en Roll-on Prodigieuse,27.95,21.99,2026-04-28 10:23:01
4484,b739e874-afc5-4bba-9905-de74bcb16bf9,ZEALIA Tagliatelle de fajol ecològic sense gluten,3.64,3.65,2026-04-28 10:23:23
4485,deb1fc87-d317-4aae-b589-de67d2dc69c1,PROZIS Barreta energètica xocolata negra,1.37,1.29,2026-04-28 10:23:47
4486,db56f8a5-8254-46e6-959c-d1ced4b8350d,PROZIS Barreta energètica crunch cookies,1.37,1.29,2026-04-28 10:23:48
4487,56b18e4c-d4c2-422e-ad05-5ad1f07f472c,Mongeta perona en malla de 500 g,1.99,2.69,2026-04-29 10:05:19
4488,47ff51ee-b482-4513-9f2c-6bd3c5bb1acf,Pebrot dolç vermell 1 u.,1.08,0.97,2026-04-29 10:05:22
4489,7dd1518a-55a2-44e0-8f35-a9eace27d55e,Cogombre 1 u.,0.67,0.62,2026-04-29 10:05:23
4490,a602983c-9e87-4907-88d1-a96ad519191b,"LA COLLITA Plàtan ""Plátano de Canarias IGP"" ecològic en cinta",2.53,2.59,2026-04-29 10:05:25
4491,2b41944a-c7ca-40a5-948b-b03b27921837,Meló sencer 1 u.,5.98,6.48,2026-04-29 10:05:30
4492,bda196fe-8cdb-4aa3-ae5e-05ef2a8ac5d8,Seitó (costa),1.2,1.4,2026-04-29 10:06:27
4493,baeac763-a587-46f6-9acf-2ae52fcfc7f5,Cua de Lluç (unitat).,14.99,11.99,2026-04-29 10:06:30
4494,22f9494d-0119-4e05-9ecf-6f69ebd3e3ad,Llamàntol blau (unitari),32.99,29.99,2026-04-29 10:06:30
4495,cd1dbe3a-c8d0-4045-b08c-e0dbf257c5ec,Salmó superior sencer,32.48,34.98,2026-04-29 10:06:30
4496,5153f0af-e564-4d76-bfe9-4b116bb7278e,Supremes de Salmò (unitat),3.89,3.29,2026-04-29 10:06:30
4497,a4042069-2337-4159-9c5a-04b1115e5dc9,COINTREAU Licor de taronja,18.59,18.95,2026-04-29 10:10:53
4498,a9a113c1-2526-46ec-9032-7b1b2c0535e7,ORIG.TASTE Licor Mojito 4º,1.65,1.55,2026-04-29 10:10:55
4499,8ce6aa8d-622e-4654-bb3e-ec8e6f0b40ac,NENUCO Xampú suau infantil,3.99,4.25,2026-04-29 10:12:26
4500,a5158818-705f-4d6a-bf84-2db20f4018e8,GARNIER Aigua micel·lar Tot en 1 format viatge,1.75,1.95,2026-04-29 10:12:43
4501,d7a4a3f3-748f-462b-8428-d12f666d4f46,L'OREAL MEN EXPERT Crema hidratant Vita Lift,8.95,9.95,2026-04-29 10:12:43
4502,d4ab35c6-3d4c-4cdd-bd74-a780e0123297,MAYBELLINE Pintallavis líquid to 115 Super Stay Matte Ink,8.0,8.95,2026-04-29 10:13:03
4503,befdfb50-1824-4899-8ad8-73127684b11b,MAYBELLINE Pintallavis líquid to 150 Super Stay Matte Ink,8.0,8.95,2026-04-29 10:13:03
4504,05a8b45c-8b18-47be-91c5-23d4cbc74623,MAYBELLINE Pintallavis líquid to 125 Super Stay Matte Ink,8.0,8.95,2026-04-29 10:13:04
4505,2946e6b7-e4bb-40ce-8e73-387e42b0f4e7,MAYBELLINE Pintallavis líquid to 140 Super Stay Matte Ink,8.0,8.95,2026-04-29 10:13:06
4506,23a9b34e-c797-40a9-b5da-5c1b8fae853e,MAYBELLINE Pintallavis líquid to 118 Super Stay Matte Ink,8.0,8.95,2026-04-29 10:13:07
4507,60417490-f11c-4ea1-8925-28a8e2114bec,MAYBELLINE Pintallavis líquid to 155 Super Stay Matte Ink,8.0,8.95,2026-04-29 10:13:07
4508,92cd4307-bc97-4ff0-8026-dd4abf45d763,TALQUISTINA Crema hidratant per a pells sensibles,21.15,19.95,2026-04-29 10:13:41
4509,6d0fa06f-6bec-4088-bb21-b1b75d32275d,BONPREU Paper d'alumini de 50 m,3.49,3.65,2026-04-29 10:14:01
4510,66fd8dbb-8a0f-4410-a274-c6604a452013,BONPREU Detergent líquid marsella i espígol de 32 dosis,3.75,3.99,2026-04-29 10:14:08
4511,d34de14d-e9ab-477f-bd71-2e8a1905764c,BONPREU Suavitzant concentrat clàssic de 30 dosis,1.17,1.29,2026-04-29 10:14:08
4512,95c9e8d9-0944-41bc-a9b7-3a0a6fcb5133,BONPREU Suavitzant concentrat ecològic de 60 dosis,2.65,2.75,2026-04-29 10:14:08
4513,43714738-6728-4dc8-9746-6f1471b72f49,BONPREU Detergent líquid Rosa Mosqueta de 32 dosis,3.75,3.99,2026-04-29 10:14:10
4514,983b341b-afd7-44e4-be19-b2c4369d7280,BONPREU Rentavaixelles fruites vermelles,1.39,1.45,2026-04-29 10:14:19
4515,2be9d3a5-5f6a-452c-a3e5-d880209b1286,AIR WICK + REC Ambientador elèctric i recanvi cirera,5.79,5.89,2026-04-29 10:14:20
4516,124cc19d-d78c-4bfd-aab1-56dde4206f4c,AIR WICK Ambientador i recanvi nenuco,6.49,7.25,2026-04-29 10:14:20
4517,13e7013a-79a5-4c20-9bbb-b80220425e97,AIR WICK Ambientador recanvi cirera,6.49,6.99,2026-04-29 10:14:20
4518,3a0fe3a5-c936-4da0-ab6f-f80814185179,AIR WICK Ambientador recanvi nenuco,6.49,6.99,2026-04-29 10:14:20
4519,1a3d76f7-385e-4d44-9269-4abd96fb0949,AIR WICK Recanvi per a ambientador aroma cirera,6.99,7.49,2026-04-29 10:14:20
4520,292cae7c-3295-4808-aa05-08a4154c6250,BONPREU Netejavidres ecològic,2.25,2.35,2026-04-29 10:14:24
4521,02c49aa5-535e-4c3c-bffd-39a96966e83c,BONPREU Bosses d'escombraries 30 L,1.29,1.49,2026-04-29 10:14:32
4522,944a16de-9a4e-4a35-b82f-1dec78f2fffb,BONPREU Bosses d'escombraries 30 L,1.25,1.45,2026-04-29 10:14:32
4523,e92e2f6e-2557-4d94-a5b0-3543b42ef01b,BONPREU Bosses d'escombraries grans 50 L,1.05,1.15,2026-04-29 10:14:32
4524,ccec67d7-cd00-424c-8354-43af42eef29b,BONPREU Bosses d'escombraries mini 10 L,0.99,1.09,2026-04-29 10:14:32
4525,afa8578a-a0a1-41ff-92ed-f10afb4b823c,BONPREU Bosses d'escombraries perfumades 30 L,1.45,1.59,2026-04-29 10:14:32
4526,86ac2ecf-8cae-4e5e-9e45-9935a1762f75,BONPREU Bosses escombraries antibacteris 30 L,1.55,1.75,2026-04-29 10:14:32
4527,11e6273a-d81b-41f9-a8cc-d9f520831d01,BONPREU Bosses escombraries envasos 30 L,1.65,1.79,2026-04-29 10:14:32
4528,3a703565-9394-465c-9008-0327d5942667,IFA Bosses d'escombraries mini 5L,1.3,1.4,2026-04-29 10:14:33
4529,8e54bd94-6ed6-43f7-9b40-fad777ac328c,BONPREU Bosses d'escombraries cubell alt 30 L,1.85,1.99,2026-04-29 10:14:36
4530,dd420755-0914-4b52-a504-3eb0ed0cc4e3,AIR WICK Recanvi ambientador el. white bouquet,5.79,5.89,2026-04-29 10:14:44
4531,3e9c48e7-8f76-4306-bd66-eebf2f27bf40,AIR WICK Recanvi ambientador elèctric Flor,5.79,5.89,2026-04-29 10:14:44
4532,a6386405-64c2-45f3-92ed-53a333f7fbe2,AIR WICK Ambientador recanvi d'espígol i lliri,6.49,6.99,2026-04-29 10:14:45
4533,03697647-d232-4e6a-8c61-00db1be55bbf,AIR WICK Ambientador recanvi gessamí,6.49,6.99,2026-04-29 10:14:45
4534,fbaa8f0b-fed5-465a-b125-467f7300a3dc,AIR WICK Recanvi ambientador elèctric cirera,5.79,5.89,2026-04-29 10:14:45
4535,b998d55d-f97d-456a-af66-3da61b18469b,AIR WICK Recanvi ambientador elèctric espígol,5.79,5.89,2026-04-29 10:14:45
4536,8513f6d5-7e50-4c71-83ef-c09900098c43,AIR WICK Recanvi d'ambientador Flor,5.99,6.09,2026-04-29 10:14:45
4537,456ac1a6-f821-4fc6-9d7b-b4060d1d1ba0,AIR WICK Recanvi d'ambientador elèctric lliri de lluna i setí de seda,5.99,6.09,2026-04-29 10:14:45
4538,a72e130e-4e5e-4cc3-97b9-7631ff94e51f,AIR WICK Recanvi per a ambientador aroma cítric,6.99,7.49,2026-04-29 10:14:45
4539,1cfb4880-b830-4253-85f5-1f47bb634efa,AIR WICK Ambientador amb difusor,12.99,13.25,2026-04-29 10:14:46
4540,9a6f5d65-402c-4135-83d1-42a2aeec9a26,AIR WICK Ambientador i recanvi Nenuco,9.25,9.99,2026-04-29 10:14:46
4541,627a0cf8-778f-452f-a0e2-17203ee9aafd,AIR WICK Recanvi ambientador Delícies d'Estiu Freshmatic,5.99,6.09,2026-04-29 10:14:46
4542,c63b73fb-e315-4eea-a795-662280b01155,AIR WICK Recanvi per a ambientador aroma espígol,6.99,7.49,2026-04-29 10:14:46
4543,adec7f45-0ed4-4673-a446-6604cdc328a2,NATIVA 3 Llet de creixement en pols,11.69,11.95,2026-04-29 10:18:49
4544,20fc5077-2cbe-4897-a75c-629b9ff1d2c3,NENUCO Sabó líquid ultra suau,2.95,3.15,2026-04-29 10:18:51
4545,8f842456-bd3f-4048-a393-90f459d7a716,NENUCO Llet corporal hidratant infantil,3.99,4.25,2026-04-29 10:18:52
4546,8ce9b6e6-e778-4852-b615-242f960a3006,NENUCO Motxilla de passeig granota,14.95,14.99,2026-04-29 10:18:54
4547,3b80029a-dd30-43cc-93fc-126ac36973f1,LACER Raspall dental i crema dental,4.95,4.25,2026-04-29 10:19:15
4548,141121ea-aed2-4426-a9fd-544340e2bdb4,Taronja 1 u.,0.59,0.55,2026-04-30 10:08:52
4549,0081730f-0c82-4d18-befe-59b1aa8e7c7b,Ceba rosada en malla d'1 kg,1.99,2.49,2026-04-30 10:08:53
4550,d05fdccc-bc96-4b13-b36a-046947aeea49,LA COLLITA Mandarines en malla de 2 kg,3.99,3.89,2026-04-30 10:08:55
4551,0cc68ca9-0c9d-4add-9d6e-ee3a0b0965c9,BONPREU Pit d'indiot cuit Bonpreu en talls de 200 grams,2.66,2.6,2026-04-30 10:09:09
4552,bb87b947-6bc8-4f19-a4ff-34cc3c713a7d,Gamba llistada (mida mitjana),10.0,39.99,2026-04-30 10:09:36
4553,7f7ad012-5f6c-4052-8638-9bbf52042ef0,BONPREU Oli d'oliva sabor intens,4.35,4.15,2026-04-30 10:10:00
4554,dd845f39-15cb-4492-a545-ea6f6efb8794,BONPREU Oli d'oliva sabor suau,4.1,3.9,2026-04-30 10:10:00
4555,dd61a82e-d444-4282-b9b8-c0af81510725,BONPREU Oli d'oliva suau,8.19,7.79,2026-04-30 10:10:00
4556,5d1b262e-b682-486b-aee7-26b2e79fbed2,BONPREU Oli d'oliva intens,8.69,8.3,2026-04-30 10:10:02
4557,fb0c1098-1182-4a85-8837-13ad7617bf18,BONPREU Oli d'oliva verge extra ecològic,4.65,4.75,2026-04-30 10:10:02
4558,6542813e-a9b1-48db-a048-93b0bfb9b05b,L'OR Càpsules de cafè Ristretto,8.15,7.89,2026-04-30 10:10:19
4559,4626148f-77bf-4028-9a70-25c4efc3abed,BONPREU Cafè molt descafeïnat de torrat natural,2.7,2.65,2026-04-30 10:10:20
4560,35133cef-f7d0-43e1-9705-05d6ae4271ea,L'OR Càpsules de cafè Colombia Andes,8.15,7.89,2026-04-30 10:10:20
4561,7d23bcb8-1656-4047-99b3-ca33cbe6f13b,L'OR Càpsules de cafè descafeïnat Ristretto,8.15,7.89,2026-04-30 10:10:20
4562,55f9226a-7eee-4158-9067-aef3609fcf3c,L'OR Càpsules de cafè Selection Barista,8.15,7.89,2026-04-30 10:10:21
4563,8ec607e8-492c-4773-b7f7-b7ab8566ca24,L'OR Càpsules de cafè Sontuoso,8.15,7.89,2026-04-30 10:10:21
4564,d36e905e-a4d4-4986-b898-4f4324398415,BONKA Cafè en gra natural,10.29,10.45,2026-04-30 10:10:22
4565,b733dd44-d11a-46ed-b1cf-12d0863221a1,BONPREU Càpsules de cafè amb llet,3.55,3.45,2026-04-30 10:10:22
4566,d34fac5a-bfeb-488b-8258-5d15aa6ec231,L'OR Càpsules de cafè Onyx,8.15,7.89,2026-04-30 10:10:22
4567,89b30e81-22e9-4733-9ff1-db8d44b31ec5,L'OR Càpsules de cafè Lungo Profondo,8.15,7.89,2026-04-30 10:10:23
4568,e22e5281-f874-4988-8366-3801c8772669,L'OR Càpsules de cafè Splendente,8.15,7.89,2026-04-30 10:10:25
4569,558af804-49e4-40de-a01a-7153b4b9619a,LA MASROJANA Olives amb pinyol,1.99,1.49,2026-04-30 10:11:23
4570,807c02f9-26bb-4ab9-9ea6-abc4abc0a671,TERRA I TAST Gaspatxo,2.99,2.85,2026-04-30 10:11:24
4571,bab05bd5-ccff-4a48-9a6c-28f9c5c0f981,BEZOYA Aigua mineral natural 8 L,3.75,3.55,2026-04-30 10:11:49
4572,f7fbacd3-c83d-4546-a29a-b253fe8b9613,LAIMON Refresc de llima-llimona amb menta en llauna,0.85,0.93,2026-04-30 10:11:54
4573,30344f64-78fe-4d0b-a20b-971207298d22,ESTRELLA GALICIA Cervesa sense gluten en llauna,0.9,0.95,2026-04-30 10:12:05
4574,2a617928-9d2c-4a5a-892d-d95a9ae65afd,MOLEN BIER Cervesa lager en ampolla,1.05,0.99,2026-04-30 10:12:05
4575,3b2f7247-b666-4996-a735-8ff772ee7654,ANNA CODORNÍU Cava Brut guarda caixa,59.7,58.5,2026-04-30 10:12:28
4576,075fda2b-fd81-4fa8-85e1-90be1d140054,ANNA CODORNÍU Cava Brut guarda,9.95,9.75,2026-04-30 10:12:29
4577,93d18fa9-3e67-4c1f-8c3a-fc9c6bbd0959,JB Whisky escocès,11.95,11.79,2026-04-30 10:12:32
4578,1b7e6115-26de-454e-9900-1f699dfe77ef,JAGERMEISTER Licor d'herbes,15.25,14.25,2026-04-30 10:12:34
4579,9cea0490-829f-45c8-91f6-af0287e8e48e,BONPREU Beguda d'ametlles en cartró,1.15,1.1,2026-04-30 10:12:37
4580,ed24dc24-ccf1-42be-82c8-9f56fd019af8,BONPREU Beguda d'arròs en cartró d'1 litre,1.1,1.05,2026-04-30 10:12:37
4581,dc5fab3a-7ce4-4909-9b82-ad3ef6e5c878,BONPREU Beguda de soja ecològica en cartró d'1 litre,1.19,1.14,2026-04-30 10:12:37
4582,3ac938fc-a74e-4626-a24a-5b049172d721,YOSOY Beguda d'arròs i coco en cartró,2.1,2.15,2026-04-30 10:12:37
4583,8db733ad-95f0-4091-b074-bcfe733d66a4,BONPREU Beguda d'arròs  6x1L en cartró,6.6,6.3,2026-04-30 10:12:38
4584,2f3fb389-e151-44dd-a17c-5e5ff58d8998,YOSOY Beguda d'arròs i coco 6x1L en cartró,12.6,12.9,2026-04-30 10:12:38
4585,cfdbdc84-4047-4db1-919e-f2576af3aabd,BONPREU Llet desnatada UHT sense lactosa,0.93,0.91,2026-04-30 10:13:02
4586,0fbbf7ec-018e-4d03-83cc-1f120580fdca,BONPREU Llet sense lactosa desnatada UHT 6x1L en cartró,5.58,5.46,2026-04-30 10:13:02
4587,8eae6d3b-326a-4cd8-91f2-8465df8d8c11,BONPREU Beguda d'ametlla 6x1L en cartró,6.9,6.6,2026-04-30 10:13:06
4588,b82b533d-8602-4fd7-8f53-7e398ca18eb6,IFA Llet condensada sencera,2.59,2.55,2026-04-30 10:13:06
4589,19c0dc06-5501-45d0-8f29-0ec6ed265c9a,IFA Llet condensada desnatada,2.59,2.55,2026-04-30 10:13:07
4590,8df3a3b6-5292-418a-bbce-7dd4e1ba3566,PULEVA OMEGA 3 Llet desnatada amb civada en cartró,1.95,1.93,2026-04-30 10:13:07
4591,120a43d9-dc4e-47b5-b09a-94da074fa44f,ASTURIANA Nata líquida per cuinar,2.85,2.65,2026-04-30 10:13:08
4592,6a810b23-c66f-4205-be43-d4bf309ad701,ASTURIANA Nata líquida per muntar,2.85,2.65,2026-04-30 10:13:08
4593,3aa6b33a-ddde-4345-87d9-9ac0f767a00f,ATO Nata líquida UHT per cuinar,3.05,2.99,2026-04-30 10:13:08
4594,e84606d4-bd70-4d4a-bd19-445e84b37817,ATO Nata líquida UHT per cuinar,1.65,1.49,2026-04-30 10:13:08
4595,205ac32f-478d-4aba-b329-62a019d3da2c,ASTURIANA Nata líquida per cuinar,4.99,4.89,2026-04-30 10:13:09
4596,9b14ca83-b205-499c-9835-aa9e7c4b112d,ATO Nata líquida per cuinar,1.75,1.69,2026-04-30 10:13:09
4597,b18e516d-e43a-427e-a3ff-8ef0e138e9da,DANONE Iogurt natural,1.99,1.7,2026-04-30 10:13:15
4598,a6dd0059-4260-416f-9502-42f2ac6fdd72,DANONE Iogurt natural ensucrat,1.99,1.7,2026-04-30 10:13:18
4599,93410ba3-2e9e-491e-af53-0df10cd3399c,BONPREU Ous frescos de guatlla,1.25,1.19,2026-04-30 10:13:23
4600,b24d5f9c-14b7-477b-8dd3-259aecee724d,NATURVITAL Xampú Arbre del te Happy Kids,3.75,3.99,2026-04-30 10:13:35
4601,28ef4b42-3915-453d-94d6-209156f3dc69,BATISTE Xampú en sec volum immediat,3.85,3.99,2026-04-30 10:13:36
4602,ea30a50f-986d-461d-8393-28f6111b2dd1,NATURVITAL Xampú anticaiguda cabell gras,4.29,4.89,2026-04-30 10:13:36
4603,46c6541d-a8c3-4e12-a3e0-9cc55dc46d5e,NATURVITAL Xampú anticaiguda cabell normal,4.29,4.89,2026-04-30 10:13:40
4604,028af1ff-34c7-4932-95be-618c2bcb1830,NATURVITAL Esprai capil·lar Arbre del te Happy Kids,5.8,6.19,2026-04-30 10:13:42
4605,ec0e3d7f-9528-4005-b2b5-88148c07ef61,SAPLEX Fundes guarda-roba,2.29,2.49,2026-04-30 10:14:52
4606,e567ea48-8fad-4e79-aca7-eb46387d4ac0,SAPLEX Tendal salvapluges,2.19,2.39,2026-04-30 10:14:53
4607,cd69186d-36e4-4054-95d3-8ac4f18f28fb,SAPLEX Bosses Mini Plus Saplex 10 L 15 unitats,1.45,1.65,2026-04-30 10:15:03
4608,aaac5143-9f47-44a4-aea8-70604453c2f9,SAPLEX Sac escombraries jardí 100 L,4.39,4.85,2026-04-30 10:15:04
4609,3f44c6a6-3ab9-4e3b-807f-57095dd901e5,Síndria Fashion 1 u.,14.28,16.34,2026-04-30 21:18:33
4610,59e1c263-c4ce-49a2-8c44-4d34633761bb,Sticks de moniato,2.19,2.49,2026-05-01 10:04:48
4611,5890a3b6-3b13-4b3b-a419-5ef4a457b892,BURGO DE ARIAS Formatge fresc amb proteïna,2.49,3.4,2026-05-01 10:05:06
4612,ea83a002-ac08-41ef-ba3b-83c506d85781,SUCREBO Sucre blanc,1.0,0.9,2026-05-01 10:06:03
4613,eb1b10f7-9b7e-44bb-bb59-b3defe32d97d,BONPREU Xocolata amb llet,1.49,1.29,2026-05-01 10:06:24
4614,4d8a9a1c-b060-4891-a890-4fb126c93083,BONPREU Xocolata negra amb avellanes,2.75,2.4,2026-05-01 10:06:24
4615,5e476cb0-4023-4022-8a82-cba49a71e543,BONPREU Xocolata amb llet i ametlles,1.65,1.49,2026-05-01 10:06:25
4616,46df0ae2-35f9-41a8-9b5c-97788050f7fb,BONPREU Xocolata blanca,1.15,1.05,2026-05-01 10:06:25
4617,954cd843-6d18-4c4a-8c6a-f9ffd746c63d,BONPREU Xocolata negra 70 % cacau amb ametlles senceres,2.99,2.85,2026-05-01 10:06:25
4618,2e5a8eff-c651-4d72-a05c-c816225e65c0,IFA Bombons de xocolata negra assortits,2.89,2.85,2026-05-01 10:06:27
4619,6be8afda-e498-4737-9451-992c17db7a64,LACASITOS Dragees de xocolata de colors,3.29,2.99,2026-05-01 10:06:28
4620,491d1a19-c891-49cd-81a4-d1ed8448c7ab,LACASITOS Xocolata amb llet i Lacasitos,2.39,1.99,2026-05-01 10:06:28
4621,bcdd5e3f-6d18-45e2-bacc-25ea4ae2db2b,SCHÄR Pa de motlle amb cereals sense gluten,2.49,2.69,2026-05-01 10:06:34
4622,10d37957-855f-4d5d-8a73-e136eb7c9ee2,PHOSKITOS Pastisset de cacau,2.99,3.79,2026-05-01 10:06:37
4623,bfbedc21-effd-4f5b-85ca-b1b1232c4cf8,BRILLANTE Arròs basmati,1.34,1.29,2026-05-01 10:06:44
4624,d84ff134-f8bc-4003-9569-1892e314a626,BRILLANTE Arròs integral,1.25,1.2,2026-05-01 10:06:44
4625,f058f6c1-cade-4eaa-95cd-c527a7b26bb2,BRILLANTE Arròs rodó tradicional,1.25,1.2,2026-05-01 10:06:44
4626,7d56c88c-cfe9-46dd-ab90-5419af50ed4f,HUERTAS Tripes,3.25,4.35,2026-05-01 10:07:04
4627,97f5ce4e-91a0-4a39-92bb-b9c027cad592,BONPREU Brou de pollastre ecològic,3.49,3.59,2026-05-01 10:07:08
4628,a43d0c28-0ee6-453d-89e4-a595be1469c3,BONPREU Brou d'escudella ecològic,3.49,3.59,2026-05-01 10:07:09
4629,28e40628-e746-4646-bd95-e800565ec3b8,BONPREU Brou de verdures ecològic,3.49,3.59,2026-05-01 10:07:09
4630,c391ce84-dc94-486c-b723-8a0da70660f2,VAHINÉ Espelmes Harry Potter,4.65,2.55,2026-05-01 10:07:21
4631,a66c73f6-a1ce-4497-878c-81615e24ff3a,"DON SIMON ""Tinto de verano"" sense alcohol",1.39,1.55,2026-05-01 10:07:59
4632,461a83b9-a69d-439a-a7cb-9429f77700f2,"DON SIMON ""Tinto de verano"" sense alcohol",1.39,1.55,2026-05-01 10:07:59
4633,7002e838-86a9-41ff-a35a-9fdf031fba85,"DON SIMON ""Tinto de verano"" amb llimona en ampolla",1.49,1.85,2026-05-01 10:08:01
4634,52ace6cb-324b-46c6-ac49-4fe050f7b6d5,"DON SIMON ""Tinto de verano"" clàssic en ampolla",1.49,1.85,2026-05-01 10:08:01
4635,82f13d09-70c0-4c7b-a8ff-6c4c47195925,YZAGUIRRE Vermut negre,8.35,8.59,2026-05-01 10:08:12
4636,be2958af-80ad-463f-9a2b-b3a6d8063b77,BARCELO Rom anyenc,15.45,15.95,2026-05-01 10:08:13
4637,e8c5fe15-3ea1-4660-9685-916ce474e428,TERRY Beguda espirituosa Centenario,7.1,7.25,2026-05-01 10:08:13
4638,ac4fb472-9836-4ec4-a319-721cf8fa7a1a,YZAGUIRRE Vermut blanc,8.35,8.59,2026-05-01 10:08:13
4639,760ec03e-94df-48b5-bb6d-b069bc7c1325,YZAGUIRRE Vermut negre reserva,12.2,12.45,2026-05-01 10:08:13
4640,72cfeeaa-94f2-4c97-860b-6c6d7278e51b,KICK THE RULES Crema de maduixa amb tequila,10.89,10.95,2026-05-01 10:08:14
4641,31ec8d93-13ce-40cc-b5b2-ad48d7916a7b,KICK THE RULES Crema de mango amb tequila,10.89,10.95,2026-05-01 10:08:14
4642,bbc4a5d7-841a-4c23-8dbd-dc2dade5149f,MOSKOVSKAYA Vodka,10.75,11.15,2026-05-01 10:08:14
4643,6b77fa26-503c-46ff-b6df-c80c9acf999b,BARCELÓ Rom Imperial,29.95,29.99,2026-05-01 10:08:15
4644,5f1aae86-f89a-4759-9e08-c5e2107bbb2c,FIREBALL Licor de whisky,13.85,13.95,2026-05-01 10:08:15
4645,12766704-20d5-4f26-8bb5-d8cf91a9e2c1,GIN MARE Ginebra,39.25,39.99,2026-05-01 10:08:15
4646,6a4a306a-ca50-446f-99a5-f55440865beb,HENDRICK'S Ginebra,33.9,34.49,2026-05-01 10:08:15
4647,b65449aa-b618-4c03-8acd-ef52beae48ec,KICK THE RULES Crema de síndria amb tequila,10.89,10.95,2026-05-01 10:08:15
4648,c36da6c8-f0c1-4041-9943-74b0cb0a67f9,MONKEY SHOULDER Whisky,28.89,29.49,2026-05-01 10:08:15
4649,8fcd86d7-61d5-4cc2-960a-e929ac91ca27,GLENFIDDICH Whisky escocès,42.95,44.55,2026-05-01 10:08:16
4650,08a3778b-7588-410e-a9b6-6c58b5db6fff,BONPREU Gelat sandvitx de nata,2.09,1.99,2026-05-01 10:08:32
4651,6a9647dc-a1c3-48fb-835d-f650eec13709,BONPREU Gelats de gel de llimona i taronja,2.69,2.55,2026-05-01 10:08:32
4652,38cd9044-02d2-4fbf-ac7b-adf31adddd5e,MARNYS Oli de coco,13.25,10.79,2026-05-01 10:09:19
4653,876d1dfa-b8d5-4b93-875a-f99c6e16fa27,DIADERMINE Càpsules Lift Flash Effect,9.25,9.39,2026-05-01 10:09:23
4654,6416f549-4fd7-42f3-ab6e-5758b85a9613,DIADERMINE Llet netejadora suau,5.75,5.85,2026-05-01 10:09:23
4655,4a76599d-3221-4f95-bfe9-72f43930c561,DIADERMINE Tires netejadores purificants,6.59,6.69,2026-05-01 10:09:24
4656,4a7cab43-402a-452d-89a8-fa29d3d19447,DIADERMINE Tònic netejador,5.75,5.85,2026-05-01 10:09:24
4657,945b7443-b5af-4f5c-95c2-9f7fa6884be2,MARNYS Oli de ricí per a pestanyes,11.79,12.39,2026-05-01 10:09:26
4658,01baab13-8ce9-4ad5-8dc7-7106d9065493,WILLIAMS Loció after shave,4.65,4.79,2026-05-01 10:09:54
4659,690423dd-95f8-434c-b3f8-a88b7c6d3a2f,WILLIAMS Desodorant per a home Ice Blue,3.79,3.95,2026-05-01 10:09:55
4660,2e2ba4d3-75eb-464b-a7ba-c2871fa6026c,WILLIAMS Gel afaitar amb Àloe Vera,4.29,4.39,2026-05-01 10:09:57
4661,e1196fc7-0766-4f99-a21f-32c04a5672ac,S-3 Aigua de colònia,3.99,4.15,2026-05-01 10:10:03
4662,f8573c1a-a767-4068-9316-c822a3e427ae,S3 Aigua de colònia,3.35,3.45,2026-05-01 10:10:03
4663,31cd9331-7eb3-4161-b7c9-d9f7cb4ad3cf,ROYAL AMBREE Aigua de colònia,5.65,5.95,2026-05-01 10:10:04
4664,4f9f22ad-e88b-41e7-8f52-90b613055f7f,ROYAL AMBREE Colònia per a home,10.59,10.75,2026-05-01 10:10:04
4665,8c4cd63f-6e54-43b1-9264-6bf983f46d89,MARNYS Difusor de bambú d'olis essencials,49.95,54.35,2026-05-01 10:10:35
4666,f2a71a56-9882-464e-8133-dd1186569ae3,MARNYS Maca andina ecològica,14.75,15.59,2026-05-01 10:13:39
4667,2c25ceb9-e4ea-43b5-95b3-41fc732c3a04,VALLESOL Magnesi i vitamines,5.1,4.89,2026-05-01 10:13:40
4668,7e493325-403b-410d-bc8b-e35df6b0a142,MARNYS Complement alimentari de Ginseng Coreà,17.25,18.19,2026-05-01 10:13:41
4669,b6e9ea75-9376-482f-812e-d4ef8f70e63b,MARNYS Complex B,13.19,13.85,2026-05-01 10:13:41
4670,ed334e32-ed9f-436d-bfa8-390cd57bab7d,MARNYS Complement alimentari de Vitamina C,17.49,18.39,2026-05-01 10:13:42
4671,f61523f9-b1d9-4967-9ccd-54dce776177b,MARNYS Complement alimentari Propolsaft,8.75,9.25,2026-05-01 10:13:43
4672,56939654-a7f1-4e88-b7df-605cb124eb3d,MARNYS Lecitina de soja,9.85,10.35,2026-05-01 10:13:43
4673,ec645946-7d95-47fd-9cdd-0c4c32d871fc,MARNYS Vitamina D líquida,7.95,8.35,2026-05-01 10:13:43
4674,bfca4711-5fe8-41b2-bf7f-4bb1f286abc3,MARNYS Pròpolis 1000 mg amb equinàcia,18.19,19.15,2026-05-01 10:13:44
4675,cbecd74e-c7ab-47f7-8a65-90ea65aa4372,MARNYS Tensiomar,10.49,10.99,2026-05-01 10:13:44
4676,34d0662e-e65f-4497-91cd-300ca1d4b83e,MARNYS Oli d'ametlles dolces,9.85,10.65,2026-05-01 10:14:04
4677,1006da3d-12b5-44c6-a3be-65ec0e25f5b4,MARNYS Oli de coco,6.95,7.35,2026-05-01 10:14:04
4678,bce1aa76-13bd-4e1a-9cc3-804930d4bf44,MARNYS Oli de Rosa Mosqueta,17.29,18.15,2026-05-01 10:14:05
4679,8c069185-61db-4d6e-a192-755b196e3982,MARNYS Oli d'argan ecològic,13.89,14.59,2026-05-01 10:14:06
4680,d251aa4a-cd74-473c-a391-e84f882b8de8,MARNYS Oli de jojoba,10.49,10.99,2026-05-01 10:14:06
4681,3c4b0eeb-454e-4bad-8d9c-e110feb651ff,MARNYS Complex estimulant natural,1.65,1.69,2026-05-01 10:14:12
4682,b1f92df5-46ec-447f-b0a5-cfeebd5ea697,MARNYS Vitamines,1.39,1.49,2026-05-01 10:14:12
4683,cae9e555-db78-4acd-88a5-4a861f46b48c,MARNYS Oli essencial d'alcanflor,5.85,6.19,2026-05-01 10:14:15
4684,8ff41d43-44e7-45d0-8bc7-190c27b731fb,MARNYS Oli essencial d'arbre de te,9.69,10.19,2026-05-01 10:14:15
4685,4fc56ff1-911d-4729-8956-ea2ce78af101,MARNYS Oli essencial d'espígol,12.6,13.25,2026-05-01 10:14:15
4686,c725ff7a-81ab-4942-a253-3c51a9281dde,MARNYS Oli essencial d'eucaliptus,5.39,5.69,2026-05-01 10:14:15
4687,60d3f592-41bb-459a-b84d-efdf79d7b65f,MARNYS Oli essencial d'orenga,12.6,13.25,2026-05-01 10:14:15
4688,d6906db3-643c-4b17-a83f-c88dfd533abf,MARNYS Oli essencial de Citronella,5.85,6.19,2026-05-01 10:14:15
4689,113930d7-0fc0-4612-a4ec-e4014100a8a2,MARNYS Oli essencial de Clau,9.69,10.19,2026-05-01 10:14:15
4690,2ca5368c-31db-4196-b19b-852ab598ee46,MARNYS Oli essencial de Lavandí,5.85,6.19,2026-05-01 10:14:15
4691,11471a96-07e9-4ba3-bcdc-3008665097f5,MARNYS Oli essencial de Ravintsara,9.69,10.19,2026-05-01 10:14:15
4692,a9abceaa-117b-41cc-893a-2bd7ce63808b,MARNYS Oli essencial de Ylang Ylang,12.6,13.25,2026-05-01 10:14:15
4693,12590da7-a20d-4658-b159-16b92fe794e1,MARNYS Oli essencial de bergamota,9.69,10.19,2026-05-01 10:14:15
4694,60bc2555-edda-4c70-ae32-7716db24b386,MARNYS Oli essencial de canyella,9.69,10.19,2026-05-01 10:14:15
4695,d76f59d9-12b1-4e6b-b529-09746e5a20ac,MARNYS Oli essencial de gingebre,9.69,10.19,2026-05-01 10:14:15
4696,5313cc63-e227-4942-ba6c-60e851237a7e,MARNYS Oli essencial de llimona,5.39,5.69,2026-05-01 10:14:15
4697,54c2e60a-4582-4176-9ead-b6e2542d662e,MARNYS Oli essencial de mandarina,5.39,5.69,2026-05-01 10:14:15
4698,ca5e52dc-88e0-4293-99c5-2e944e9f45ca,MARNYS Oli essencial de menta Arvensis,5.85,6.19,2026-05-01 10:14:15
4699,445feb0e-e2af-49cd-8554-ae09b5f83106,MARNYS Oli essencial de menta piperita,5.85,6.19,2026-05-01 10:14:15
4700,710aab35-7e8b-424e-a52d-ab6024e48387,MARNYS Oli essencial de pi,5.85,6.19,2026-05-01 10:14:15
4701,f2ae18dc-46b6-447c-b8f3-be01a7685aec,MARNYS Oli essencial de romaní,5.85,6.19,2026-05-01 10:14:15
4702,37a73e12-7c3a-4386-a9ba-cc47e51184f1,MARNYS Oli essencial de taronja,5.39,5.69,2026-05-01 10:14:15
4703,faeadeee-1b56-4092-8e5f-e1a0df73b258,SCHÄR Pa de motlle clàssic sense gluten,2.49,2.69,2026-05-01 10:14:37
4704,a15feccd-42a7-4aed-a384-553f9eda25ea,GRANT'S Whisky,16.55,16.89,2026-05-01 10:16:16
4705,f21ca94c-2824-45c0-a65f-dad74d7a2403,TERRA I TAST Mongetes cuites,1.25,1.99,2026-05-02 09:23:32
4706,64d7a731-ae44-4f32-93a0-ee1173f4b16b,BONPREU Xocolata negra amb ametlles senceres,2.5,2.6,2026-05-04 10:22:56
4707,3e06a297-2e75-4b32-92de-ffb888f67281,CEGASA Llum emergència geolocalitzable V16,39.99,34.99,2026-05-04 10:28:32
4708,b6e9ea75-9376-482f-812e-d4ef8f70e63b,MARNYS Complex B,13.85,8.99,2026-05-04 10:29:15
4709,ec645946-7d95-47fd-9cdd-0c4c32d871fc,MARNYS Vitamina D líquida,8.35,5.49,2026-05-04 10:29:15
4710,a8b30228-2a98-4d5b-877c-574eea7839d0,SAN PELLEGRINO Aigua amb gas mineral  natural 6x1 L,8.34,5.56,2026-05-04 21:29:57
4711,a0968875-3a8b-486b-aeae-9cc30cdb5b8a,SAN PELLEGRINO Aigua amb gas mineral natural 1 L en ampolla,1.39,5.56,2026-05-04 21:29:57
4712,f84eea7a-fe1b-46c4-ab8b-6bc705457989,LA COLLITA Alls secs en malla de 250 g,1.99,3.0,2026-05-05 09:59:03
4713,2d9c9b56-716a-4a67-a4b4-0ce7bbcb6ed6,LA COLLITA Maduixot en terrina de 500 g,2.35,3.5,2026-05-05 09:59:03
4714,131d18e4-3864-4d87-a2e0-891893851e0e,Nespres 1 u.,0.59,6.99,2026-05-05 09:59:03
4715,47ff51ee-b482-4513-9f2c-6bd3c5bb1acf,Pebrot dolç vermell 1 u.,0.97,2.69,2026-05-05 09:59:03
4716,c63df707-3c76-462e-886d-a71c1ef5b3d3,Poma Km0 Golden Rústica 1 un,0.47,2.49,2026-05-05 09:59:03
4717,9392b333-2687-49d5-b1e3-c010b373018a,Pruna vermella 1 u.,0.71,5.29,2026-05-05 09:59:03
4718,5ec1984a-0570-4d52-9efc-6945a94c57a7,Carbassó 1 u.,1.75,0.74,2026-05-05 09:59:04
4719,18a9ef95-81e7-4939-95b0-5dccf9f08fd0,LA COLLITA Ceba seca Km0  en malla d'1 kg,5.99,1.49,2026-05-05 09:59:04
4720,6362f7c3-5018-4a7f-b3d1-90b142351fac,LA COLLITA Patata per fregir bossa 2 kg,5.99,3.59,2026-05-05 09:59:04
4721,cdd65141-b495-4a6a-adb5-a014a79e7860,LA COLLITA Nabius en terrina de 500 g,6.49,5.99,2026-05-05 09:59:05
4722,73830e9b-cfc9-46ad-882c-228c072cecf0,Albergínia negra 1 u.,2.19,0.92,2026-05-05 09:59:06
4723,12df1f37-1fdb-419f-aae9-cdb5c33f74f8,LA COLLITA Bledes Km0 en bossa de 650 g,1.59,1.69,2026-05-05 09:59:06
4724,746c6ded-1d1d-4040-8c81-bf97b0122114,LA COLLITA Espàrrecs verds gruixuts en manat de 300 g,3.79,3.89,2026-05-05 09:59:06
4725,66a263fc-fdb6-4215-8565-adf7e2c4bec8,LA COLLITA Mango 1 u.,6.0,4.69,2026-05-05 09:59:06
4726,9df0f800-9f4a-4a56-a0fc-13d506437240,Moniato ecològic en safata de 700 g,3.29,3.39,2026-05-05 09:59:06
4727,0b092559-df9d-492d-90bc-7b3b577cd85b,Poma vermella 1u.,2.25,0.43,2026-05-05 09:59:07
4728,70a46ef1-207b-4a2c-b2b1-56f179d5e4d9,LA COLLITA Cabdells d'enciam ECO en terrina de 300 grams,1.33,1.99,2026-05-05 09:59:08
4729,cb6b2b48-7c05-43f7-a87a-5dc6b8b5b4ba,LA COLLITA Espinacs Km0 en bossa de 350 g,1.99,2.19,2026-05-05 09:59:08
4730,9a0f1809-d914-44cc-a98a-86b7aaabf68e,LA COLLITA Julivert Km0 1 manat,0.95,0.99,2026-05-05 09:59:08
4731,f56b1264-f4ef-4cca-8363-6bb3c03bf896,LA COLLITA Espàrrecs verds ecològics en manat,2.99,3.19,2026-05-05 09:59:09
4732,6bbd0ff4-08fc-477c-9a0b-dbdc7b7fa337,Taronja Premium 1 u.,0.83,0.78,2026-05-05 09:59:09
4733,fdb1cbea-a8cd-46c4-bfdb-95eec80e693e,Tomàquet branca,1.22,1.26,2026-05-05 09:59:09
4734,612e6516-16e5-4629-ad2c-b53a05b65146,ALEJANDRO Xoriço Alejando en talls de 100 grams,2.6,25.95,2026-05-05 09:59:11
4735,adab5557-66fe-4e2a-a5d8-7f451d2633b8,ARGAL Pernil cuit Bonnatur,3.15,15.75,2026-05-05 09:59:11
4736,f8a008a4-f928-41b3-99c5-f8558b8e1736,CAMPOFRIO Pernil cuit extra Campofrio en talls de 200 grams,3.0,14.99,2026-05-05 09:59:11
4737,1cd951c3-5514-466a-add0-b03fe2cb8889,LA SELVA Llom curat amb pebre La Selva en talls de 100 grams,3.0,29.95,2026-05-05 09:59:11
4738,a69671af-48e3-41ae-a8ad-0af5138a0a38,REVILLA Xoriço tradició extra Revilla en talls de 100 grams,1.7,16.99,2026-05-05 09:59:11
4739,78a3bb0f-1b43-42c2-a7e9-1257f2396d03,CASA CRUELLS Botifarra negra Casa Cruells en peça de 350 grams,5.2,14.85,2026-05-05 09:59:12
4740,e00bb8b8-49bb-497f-ae8a-309a4c7e4154,CASA TARRADELLAS Cintes de bacó,2.1,1.99,2026-05-05 09:59:12
4741,700585f0-e411-4d8c-b7c7-d2a32bc59a4f,LA SELVA Xop de porc a la llauna La Selva en talls de 150 grams,1.72,11.49,2026-05-05 09:59:12
4742,0c81284d-dba3-464c-8ca8-80df4ad34fa9,VILLAR Espatlla enceball 50% ibèrica en estoig,34.49,11.49,2026-05-05 09:59:15
4743,ef8ac54f-f09f-4cb1-b2c5-bd0a434cbf4b,CAMPOFRIO Salami gegant Campofrío en talls de 150 grams,15.99,2.4,2026-05-05 09:59:17
4744,c579cba6-ce15-4d84-ae3d-8814823d8d1e,PEDRAGOSA Llonganissa axoriçada Km0 Pedragosa en talls de 150 grams,19.95,2.99,2026-05-05 09:59:17
4745,3e86e925-3533-45be-b621-430954e61201,CUIT'S Paté amb ceba caramel·litzada Cuit's en porcion de 150 grams,17.25,2.59,2026-05-05 09:59:18
4746,bf0823b2-0c5b-4134-ac24-f3de5193b25b,ARLA Formatge havarti al tall llescat,5.23,14.95,2026-05-05 09:59:19
4747,7cce0e0b-5041-4667-9071-22b977d2deac,CADÍ Formatge Urgèlia DOP Alt Urgell-Cerdanya al tall en porció,4.45,17.79,2026-05-05 09:59:19
4748,ea47f024-7420-4d79-a242-737a2f1f31db,BOFFARD Formatge vell d'ovella reserva al tall en porció,7.13,28.5,2026-05-05 09:59:20
4749,7c34e45e-f68f-410d-a12b-f54ebc470033,CAMBOZOLA Formatge blau Champignon al tall,4.8,23.99,2026-05-05 09:59:20
4750,59fa088c-2ff3-4136-bdb5-ff0d7229674f,FLOR DE ESGUEVA Formatge d'ovella sec al tall en porció,5.67,28.35,2026-05-05 09:59:20
4751,c386a82a-fab5-4bc4-81e8-ab97b94d3376,GARCIA BAQUERO Formatge de barreja semicurat amb tòfona al tall en porció,4.38,21.9,2026-05-05 09:59:20
4752,647086ed-d182-4aae-8f5f-c9ddfa046669,GARCíA BAQUERO Formatge curat al tall en porció,2.69,17.9,2026-05-05 09:59:20
4753,41711d34-70e4-4e9c-8d56-e88f28cb546b,LEONARDI Formatge gorgonzola servit en terrina,4.36,19.39,2026-05-05 09:59:20
4754,ff97eab3-6371-4636-90c9-82632350939c,OLD AMSTERDAM Formatge de vaca al tall en porció,3.28,21.89,2026-05-05 09:59:20
4755,6a961533-7052-49e5-be2e-fa3af6ae9ac6,RONKARI Formatge d'ovella DOP al tall en porció,4.14,27.59,2026-05-05 09:59:20
4756,684b4665-0683-4924-bfe3-79d3e64fa106,SOMBRERO DE COPA Formatge maasdam al tall en porció,5.36,13.39,2026-05-05 09:59:20
4757,5890a3b6-3b13-4b3b-a419-5ef4a457b892,BURGO DE ARIAS Formatge fresc amb proteïna,3.4,2.49,2026-05-05 09:59:23
4758,d03e244f-d209-48ba-8a04-2375903d6653,BONPREU Formatge curat al tall en porció,12.69,3.81,2026-05-05 09:59:25
4759,ca205379-5e13-4f07-8dde-b3d8a63a5ec8,BONPREU Formatge de cabra al tall en porció,16.99,3.4,2026-05-05 09:59:25
4760,39d23b43-deb1-4344-aca8-fbceb36536f1,EL PASTOR Formatge d'ovella amb tòfona al tall en porció,28.75,5.75,2026-05-05 09:59:25
4761,3386e97b-5c9e-4be8-bd96-c746d2779266,GARCíA BAQUERO Formatge curat reserva al tall en porció,21.3,4.69,2026-05-05 09:59:25
4762,5793d6a1-a0be-486a-a176-fb284366f55a,GARCíA BAQUERO Formatge semicurat al tall en porció,16.99,5.1,2026-05-05 09:59:25
4763,6c8468de-8b77-4336-9cd4-47bc812d5701,FRICO Formatge gouda de cabra al tall en porció,22.95,5.74,2026-05-05 09:59:26
4764,b1fe296f-de8c-41e2-acf3-d87bef41b51d,GRAN CAPITAN Formatge barreja semicurat,34.49,11.49,2026-05-05 09:59:26
4765,38a8a800-96da-4079-8b63-684e28de0e20,GRAN CAPITAN Formatge semicurat al tall en porció,15.85,3.49,2026-05-05 09:59:26
4766,7339dc97-afe5-4712-a98d-f220a4383c33,PAZO QUEIXO Formatge tetilla DOP al tall,13.59,4.08,2026-05-05 09:59:26
4767,9eb62d34-0150-470c-a8fb-40689712becf,CHAUMES Formatge madurat al tall,29.89,4.48,2026-05-05 09:59:27
4768,f1f34664-71b1-4772-8589-c6dc70dd175c,BON PREU Ales de pollastre adobades,3.14,8.25,2026-05-05 09:59:28
4769,37482fde-fe21-49d9-87d8-4a23774cf92f,BONPREU Carn magra del coll,3.98,8.85,2026-05-05 09:59:28
4770,b449a248-69df-440d-9ef1-512dbecefd97,BONPREU DE L'ERA Entrecot de vedella sense os,9.11,33.75,2026-05-05 09:59:28
4771,da661492-a094-433c-ac1a-3f89bf0ce3f8,BONPREU DE L'ERA Secret de porc,15.69,4.31,2026-05-05 09:59:28
4772,29a001ab-f994-471d-a0b5-aa9535920aa4,BONPREU DE L'ERA Xurrasco de vedella ecològic,5.51,15.75,2026-05-05 09:59:28
4773,90ba02c5-2298-465c-a9c0-c1292d0c1d57,BONPREU Magret d'ànec,26.99,10.12,2026-05-05 09:59:28
4774,b7511c17-dde0-4f80-8093-c56b1dfb998d,BONPREU Galta de porc tallada amb os,7.6,11.69,2026-05-05 09:59:29
4775,2ece3e6f-498c-4401-81af-0230e39f2a29,BONPREU Xai del país,22.52,26.49,2026-05-05 09:59:29
4776,c60ddf9b-c90d-4de9-9228-e9b65f8ba42a,BONPREU Botifarra elaborada a la Plana de Vic,8.45,8.11,2026-05-05 09:59:31
4777,db387d10-d396-4c15-9169-3304b8f2a96d,BONPREU DE L'ERA Llom de porc 50% Duroc,10.99,0.82,2026-05-05 09:59:31
4778,8d175267-4b46-4472-b926-13f8ce4f19cd,BONPREU Cansalada de porc fresca,8.95,3.13,2026-05-05 09:59:32
4779,aad4b4dc-7d89-4932-a586-d90959977846,BONPREU Tira de costella de porc,7.35,5.88,2026-05-05 09:59:32
4780,3d8a6b4c-5651-4fb4-b489-d17f59a885e5,BONPREU Mig conill meitats,10.49,5.51,2026-05-05 09:59:33
4781,e1b28a9f-0112-4640-a563-35cbcb8641bd,BONPREU Peus de porc precuinats,7.59,6.98,2026-05-05 09:59:33
4782,f8321cb1-4dcc-4a52-88b9-badad0b0b58b,BONPREU DE L'ERA Entrecot amb os de vedella,29.99,12.0,2026-05-05 09:59:36
4783,1c3d45a2-85d8-4c59-91fe-8531f1202686,AGUINAMAR Amanida Pintxo a la Donostiarra,3.45,7.99,2026-05-05 09:59:37
4784,da03084b-a8d7-453b-9a55-35a0423e6fb4,AGUINAMAR Cues de llagostins a l'allet,3.39,7.99,2026-05-05 09:59:37
4785,38bdcace-6223-45dd-841a-e62ce2ffb5e8,Filet de Gallineta Oceànica,1.87,14.99,2026-05-05 09:59:37
4786,1473431d-29c8-4e34-96af-e1a42ab79ac1,KRISSIA Surimi fresc en barretes,2.99,7.99,2026-05-05 09:59:37
4787,1e464f91-cb21-485a-90ed-b937c263cc4f,Llom super,8.4,23.99,2026-05-05 09:59:37
4788,dc1576e2-29fe-4f13-b198-c2ec4629cfda,Preparat tonyina Aleta Groga aromatitza.,5.99,5.79,2026-05-05 09:59:37
4789,b0a34367-d6db-4239-9855-7f49ec205a7d,ROYAL Taquets de salmó fumat,4.99,4.39,2026-05-05 09:59:37
4790,cd1dbe3a-c8d0-4045-b08c-e0dbf257c5ec,Salmó superior sencer,34.98,13.99,2026-05-05 09:59:37
4791,8680fae6-dfdb-451b-a076-4dc16678c460,Sípia bruta,11.99,19.99,2026-05-05 09:59:37
4792,2a902762-dbed-4a39-9ca4-98eac77f75e9,Llagostí Vannamei cuit,12.99,3.25,2026-05-05 09:59:38
4793,f9ef945a-cbf3-4b90-8514-6c394ba37102,Orada (unitat),4.59,4.69,2026-05-05 09:59:38
4794,aa34d52e-c2d3-475a-844e-896dfd310ea8,Sípia faraònica neta,16.99,7.65,2026-05-05 09:59:39
4795,8552ee01-39f6-47e9-a8e8-80b22e1014e3,Bacallà esqueixat salat,24.99,6.25,2026-05-05 09:59:40
4796,7ca81e82-76f6-46f8-8751-70783288ba47,Cua de rap,29.99,27.99,2026-05-05 09:59:40
4797,cad8a847-0f82-40d1-8fc9-7cba2ccf9c7b,Cueta de rap (ració),11.9,11.05,2026-05-05 09:59:40
4798,bb87b947-6bc8-4f19-a4ff-34cc3c713a7d,Gamba llistada (mida mitjana),39.99,10.0,2026-05-05 09:59:40
4799,b6a1403d-e197-4cb8-bf54-3db83f317bb2,Rap sencer,14.99,13.99,2026-05-05 09:59:40
4800,9dc1506b-39ce-409e-b182-884a8a9ff344,NOEL Pollastre estil rostidor,8.95,10.95,2026-05-05 09:59:48
4801,0228960a-47dc-4021-8d16-7fcd66017611,TERRA I TAST Ensalada russa,4.95,10.95,2026-05-05 09:59:48
4802,3e26644d-4153-4ae9-b996-d6893816c91c,TERRA I TAST Macarrons a la bolonyesa,4.59,10.95,2026-05-05 09:59:48
4803,0031d404-a78c-4f52-8878-c3bb9d223f77,PRIORDEI Oli d'oliva verge extra Vincles,3.35,47.99,2026-05-05 09:59:56
4804,723a2fc8-8e3e-41e2-9caa-96d5dd73d111,HOJIBLANCA Oli d'oliva verge extra,8.69,8.25,2026-05-05 09:59:57
4805,6071c021-0157-4ace-9f38-8df06708f9fe,FRIT RAVICH Patates fregides casolanes,6.95,2.19,2026-05-05 10:00:04
4806,c92a69f7-aefa-4e38-8c32-ba02b5197a11,LAY'S Patates fregides Mediterrànies,1.99,9.95,2026-05-05 10:00:04
4807,724b5ac0-8db2-40fa-9131-f51895513814,LAY'S Patates fregides al punt de sal,2.89,2.49,2026-05-05 10:00:04
4808,9ae26a37-d51a-4d53-8f91-342469c5522d,PLESH Boles d'ametlla i xocolata amb llet,1.79,3.0,2026-05-05 10:00:04
4809,a32067fe-5553-4d40-8e7b-8f981af394e5,FRIT RAVICH Còctel fruita seca Top 5,6.95,2.75,2026-05-05 10:00:05
4810,19af8720-4346-40f3-8edc-079ff7fdc190,GUBLINS Gublins tijuana,1.39,1.69,2026-05-05 10:00:09
4811,6bb08745-1d9c-4c8b-a9a1-c49408c550b0,MARCILLA Càpsules de cafè Intens,13.99,14.89,2026-05-05 10:00:13
4812,80c3efb1-2dfd-4948-8066-3bc3d51377b5,MARCILLA Càpsules de cafè Ristretto,13.99,14.89,2026-05-05 10:00:14
4813,ac767fac-21c0-4495-9af6-32a6e6aad371,NESCAFÉ Cafè soluble amb gust de caramel,5.4,5.65,2026-05-05 10:00:16
4814,d2822f97-5fca-406d-9916-535018c3d2cf,NESCAFÉ Cafè soluble amb gust d'avellana,5.4,5.65,2026-05-05 10:00:17
4815,60c649b1-d1fa-4c2b-82a0-b37364c37538,KÖLLN Cereals de civada cruixent,4.25,5.95,2026-05-05 10:00:20
4816,ed2174f7-6193-45e1-9f59-e4f590af81db,OREO Galetes de cacau farcides de crema,1.7,1.6,2026-05-05 10:00:20
4817,95a988c5-3d52-48e0-bc84-f83b675d2a79,PLESH Barreta de xocolata amb llet i caramel,1.79,3.0,2026-05-05 10:00:20
4818,fa987e83-0926-4bef-a26c-da1b15b639b5,FONTANEDA Galetes integrals MarieLu,3.9,3.75,2026-05-05 10:00:22
4819,4ef0d4c5-07c5-44bb-802d-ea129482d8ad,OREO Galetes de cacau farcides de crema,2.72,2.6,2026-05-05 10:00:23
4820,88312f50-4bd1-4c12-a8cc-8ce0078ac3b3,"PAGESA ""Morenitas"" civada",3.35,3.25,2026-05-05 10:00:23
4821,38560446-5e56-4104-9458-ef5e2c6a06b0,LINDT EXCELLENCE Xocolata negra 85%,5.49,5.95,2026-05-05 10:00:27
4822,2ff4b958-046a-45b6-b411-aa0aecb64e39,MILKA Xocolata amb llet i galeta,4.49,3.95,2026-05-05 10:00:31
4823,be11683a-ac0f-443a-a538-cbaefa0362f5,BONPREU Biscotes mini,0.75,7.99,2026-05-05 10:00:35
4824,583c8d77-c0d5-4ab1-a521-bfaf5978e66a,SNATT'S Bastonets de pa minis amb pipes,2.75,2.65,2026-05-05 10:00:35
4825,743e582c-5eda-4a0a-a96d-41afe58230f1,BARILLA Macarrons Nº73,1.69,4.84,2026-05-05 10:00:43
4826,afe3ef14-b627-4e9b-8da0-00bb3bd2e672,NOMEN Arròs rodó,5.95,1.89,2026-05-05 10:00:44
4827,48b5d67b-7d4b-4a9a-8173-f000d65b419d,DE CECCO Macarrons Nº41,5.95,2.39,2026-05-05 10:00:45
4828,4cd7f367-fa48-441d-84d9-aaa4941e03ab,SCHÄR Preparat per a rebosteria sense gluten,5.39,5.45,2026-05-05 10:00:49
4829,52cff3ca-35d0-486f-962b-16ec41bdc897,BONPREU Patates cuites de primera,1.99,4.99,2026-05-05 10:00:51
4830,1ad5b056-6673-42a8-b3bc-1a4d08706a34,MAGGI Fideus orientals Noodles Classic Fusian,1.99,1.95,2026-05-05 10:00:51
4831,62898cde-dc79-403a-b531-fade451c9ac5,DANI Cloïsses blanques del Nord al natural,2.99,9.95,2026-05-05 10:00:52
4832,60671475-bbc0-4c9b-a554-9733693e6398,ISABEL Musclos en escabetx petits,3.99,9.95,2026-05-05 10:00:52
4833,bebbbb3b-ce97-43c2-9760-f3e61e671708,SERPIS Olives farcides d'anxova,6.95,2.15,2026-05-05 10:00:53
4834,3c410129-405e-476d-81e4-b392485d8882,ANDROS Postres de poma,3.09,3.1,2026-05-05 10:00:58
4835,86fa1ccd-8fe2-41da-8825-5ebad70e54d2,ANETO Brou de pollastre,5.95,4.3,2026-05-05 10:01:05
4836,0753c115-ad6b-4609-91b2-689bdacf1b6c,GALLINA BLANCA Brou casolà de pollastre,3.99,4.09,2026-05-05 10:01:05
4837,90bf08a4-b73c-4d14-938b-4db9bf533b4e,GALLINA BLANCA Brou casolà de verdures,3.99,4.09,2026-05-05 10:01:05
4838,6b1f5fc7-11bd-4109-a279-aac670cc7a5d,GALLINA BLANCA Crema casolana de carbassa,3.99,1.99,2026-05-05 10:01:05
4839,84b4b2b7-c187-4cf3-8962-a6a5a0040156,GALLINA BLANCA Crema casolana de pollastre i verdures,3.99,1.99,2026-05-05 10:01:05
4840,7fbe5837-38e9-4b9f-b234-7343beb77c92,GALLINA BLANCA Crema de xampinyons i pollastre,3.99,1.99,2026-05-05 10:01:05
4841,90269990-288a-4c32-98e1-caf8531de04f,GALLINA BLANCA Crema casolana de verdures,3.99,1.99,2026-05-05 10:01:06
4842,af9c9068-88a3-49ee-9cad-86c530559a30,GALLINA BLANCA Crema d'espàrrecs amb pernil,3.99,1.99,2026-05-05 10:01:06
4843,5a9cc1f5-281e-4f4c-8478-011eb0e639b7,CHOVI Allioli en morter,0.85,4.59,2026-05-05 10:01:08
4844,7150a15f-4dc8-4465-bc03-0e22c4ee0a07,HEINZ Quètxup,3.79,3.99,2026-05-05 10:01:08
4845,59950a16-4c32-4aaf-bb25-04a6e5e7c106,SOLIS Tomàquet fregit,5.95,1.49,2026-05-05 10:01:08
4846,68f39567-510c-4cd4-aa6e-9d55f4940580,BICENTURY Coquetes de llenties al punt de sal,2.29,5.95,2026-05-05 10:01:16
4847,4348485b-215d-4867-808f-0faf9da8ec12,CHUPA CHUPS Caramel dur,1.0,0.45,2026-05-05 10:01:23
4848,a8b30228-2a98-4d5b-877c-574eea7839d0,SAN PELLEGRINO Aigua amb gas mineral  natural 6x1 L,5.56,8.34,2026-05-05 10:01:24
4849,a0968875-3a8b-486b-aeae-9cc30cdb5b8a,SAN PELLEGRINO Aigua amb gas mineral natural 1 L en ampolla,5.56,1.39,2026-05-05 10:01:24
4850,99f4086e-e769-42d4-99cf-9ca0b8faf601,PERRIER Aigua amb gas 1 L,1.54,1.55,2026-05-05 10:01:25
4851,984add71-0975-42db-8ade-427483dbf16f,COCA-COLA Refresc de cola Zero sucre llima en ampolla,1.55,1.0,2026-05-05 10:01:27
4852,0fc8bd50-8fd7-49c3-9de4-6fbad89efb3f,NESTEA Refresc de te amb llimona en ampolla,3.99,2.05,2026-05-05 10:01:27
4853,75c2ef4e-c7cf-4652-99f4-52dc613e3614,VITAE Te Kombutxa de llimona i gingebre Km0,4.93,4.79,2026-05-05 10:01:27
4854,f5c10a9c-7491-4d99-8ac5-ca4a1f7d6d34,VITAE Te Kombutxa de mango i maduixa Km0 en ampolla,4.93,4.79,2026-05-05 10:01:27
4855,37b10bf4-ee35-42a8-a0fc-a1613ed045c9,VITAE Te kombutxa de fruits del bosc amb açaí Km0 en ampolla,4.93,4.79,2026-05-05 10:01:27
4856,405da06c-d737-4861-9125-a9d0a2fc88ee,COCA-COLA Refresc de cola zero sucre en ampolla,5.95,1.55,2026-05-05 10:01:28
4857,9ed17f9f-348a-439a-9991-04cc5748804a,TRINA Refresc de taronja sense gas en llauna,0.66,0.68,2026-05-05 10:01:28
4858,73342622-a225-40ca-a18c-bf686dcb4951,TRINA Refresc de llimona sense gas en llauna,0.66,0.68,2026-05-05 10:01:29
4859,93efc486-d684-43c3-b83a-47ffb4547d20,MONSTER ENERGY Beguda energètica en llauna,7.08,6.99,2026-05-05 10:01:31
4860,25787fbf-0c4b-4efc-99ac-4d2a8db1728b,"TANQUERAY Beguda amb gust a ginebra alcohol 0,0%",16.49,13.95,2026-05-05 10:01:32
4861,cba47a1f-5847-4589-b889-d1c6a1e1cc26,GRANINI Beguda de préssec en ampolla,1.99,1.45,2026-05-05 10:01:33
4862,2ed673d9-f3d9-4148-b47d-3057039da7f0,GRANINI Nèctar de pinya en ampolla,1.99,1.45,2026-05-05 10:01:33
4863,3e9df693-6548-45a2-903f-bc6105bdf676,GRANINI Nèctar de taronja en ampolla,1.99,1.45,2026-05-05 10:01:33
4864,12988a2a-39ea-4378-94b3-c88128d0e5e0,DAMM LEMON Cervesa amb llimona,6.95,0.82,2026-05-05 10:01:37
4865,421abcf7-7183-493f-b08e-37ebc3f8d4e4,DESPERADOS Cervesa mojito amb llima en ampolla,1.36,1.33,2026-05-05 10:01:37
4866,42622593-4e80-4f64-a54a-a6a15b9ca205,DESPERADOS Cervesa mojito en ampolla,1.36,1.33,2026-05-05 10:01:37
4867,e7d8355e-b9f8-49c9-b794-2741bebf2802,ESTRELLA DAMM Cervesa especial 6x20 cl ampolla,9.99,3.69,2026-05-05 10:01:37
4868,52003a24-379a-4260-aeef-fd3d7498579f,ESTRELLA GALICIA Cervesa especial 6 x 20 cl en ampolla,3.84,7.95,2026-05-05 10:01:37
4869,f8c61862-392f-4f33-b5b3-03761e4ba4a2,VOLL DAMM Cervesa doble malta 6x25 cl ampolla,5.52,5.32,2026-05-05 10:01:37
4870,e8295fb4-808a-4407-b888-60b5b1722b5c,MORITZ Cervesa especial en ampolla,1.29,1.38,2026-05-05 10:01:38
4871,7c2f1a04-a8f6-44bc-afe7-8812daeb8fe6,BLANC PESCADOR Caixa de vi blanc d'agulla Km0,23.7,26.1,2026-05-05 10:01:42
4872,7c8725a5-0a53-47e9-88f2-65c46bac9ded,CABRÓ Vi blanc DO Catalunya Km0,5.29,9.99,2026-05-05 10:01:42
4873,267e317b-6cb0-4372-9c8f-1abcb6c1d1f9,CABRÓ Vi negre selecció DO Catalunya Km0,5.29,9.99,2026-05-05 10:01:42
4874,67884d54-7ad5-4f15-a623-4fa008077806,GOTIM BRU Caixa de vi negre DO Costers del Segre km0,57.54,53.94,2026-05-05 10:01:42
4875,62165af5-da85-4e3f-a7ef-f5d7251476c0,IMUS Caixa vi negre DO Montsant Km0,26.78,35.7,2026-05-05 10:01:42
4876,faf80405-abcf-4043-a08b-014051653791,MASIA FREYE Caixa de vi blanc DO Penedès ecològic Km0,49.14,36.86,2026-05-05 10:01:42
4877,13ae1e9e-b6ee-40d6-b05f-a50c6e3315a4,PERELADA Vi negre criança DO Empordà 3 Finques Km0,7.59,7.79,2026-05-05 10:01:42
4878,270f3c0c-2cb0-4a86-8fce-a8fe54f7db10,RAIG DE RAÏM Vi negre DO Terra Alta Km0,34.49,6.99,2026-05-05 10:01:42
4879,ceb0a4ae-b751-4d45-996a-4bb7104d815c,RAIMAT ABADIA Caixa de vi negre ecològic  DO Costers del Segre Km0,32.18,37.13,2026-05-05 10:01:42
4880,fcb73ee9-1b42-4646-a44c-6117f186f6b7,TAL COM RAJA Caixa de vi blanc DO Terra Alta Km0,41.7,31.28,2026-05-05 10:01:42
4881,73ea5455-4650-432f-a9e0-6ba3c259702f,TAL COM RAJA Caixa de vi negre DO Terra Alta Km0,41.7,31.28,2026-05-05 10:01:42
4882,0376dd3f-ef59-4361-9fa1-58473083edd4,TAL COM RAJA Vi blanc DO Terra Alta Km0,12.95,6.95,2026-05-05 10:01:42
4883,a9602da9-34d7-4ebf-8a4a-4e2781706ec6,CABRÓ Caixa vi blanc DO Catalunya Km0,29.94,31.74,2026-05-05 10:01:43
4884,c66bc1fe-d429-4905-8479-8bec4fdc7d7a,CHIVITE Caixa 6u. vi rosat Chivite,69.9,81.9,2026-05-05 10:01:43
4885,6cefe56c-3807-4e91-8a10-9afa15d33e3f,COMPTA OVELLES Caixa de vi blanc Do Penedès ecològic Km0,35.94,26.96,2026-05-05 10:01:43
4886,921496a7-2acb-4dab-9f92-448c5944a6e8,LA PICOSSA Caixa de vi blanc DO Terra Alta Km0,31.16,35.96,2026-05-05 10:01:43
4887,ea3dc87f-beb2-470a-bbb6-82fa735706b7,LA PICOSSA Caixa de vi negre DO Terra Alta Km0,31.16,35.96,2026-05-05 10:01:43
4888,f72989ae-0c5c-4f83-931d-6b0b5024b394,MINVANT Caixa de vi negre DO Terra Alta,38.81,59.7,2026-05-05 10:01:43
4889,95b6d4af-b6be-4ca1-a8d3-457f7c93f380,MONTBLANC Caixa de vi negre DO Conca de Barberà Km0,26.94,20.21,2026-05-05 10:01:43
4890,1b17fe92-c649-41b6-afe4-5aab780a3c1a,PERELADA Caixa de vi blanc DO Catalunya Km0,26.78,35.7,2026-05-05 10:01:43
4891,ea470fc9-8eeb-4914-94b9-8d72ccd812b0,PERELADAJARDINS Caixa de vi negre DO Empordà Km0,26.78,35.7,2026-05-05 10:01:43
4892,b9d1db7d-9927-4748-bc7c-24603fd221c0,SINOLS Caixa de vi negre DO Empordà km0,31.01,41.34,2026-05-05 10:01:43
4893,6deb0c0f-4c9e-4a47-8e6c-7e0df85cc6d1,BLUME Caixa 6u. vi blanc DO Rueda,33.9,23.94,2026-05-05 10:01:44
4894,00fb0470-a755-48ad-85d1-d52eae2edff0,BUSCA RAONS Caixa de vi rosat DO Costers del Segre Km0,32.94,24.71,2026-05-05 10:01:44
4895,4e70f704-c494-44f7-9b79-083e9d0eef4a,BUSCA-RAONS Caixa vi negre DO Costers del Segre,32.94,24.71,2026-05-05 10:01:44
4896,8dda0c87-224b-49fe-9d1c-f26fa6926895,CABRÓ Caixa vi negre selecció DO Catalunya ecològic Km0,29.94,31.74,2026-05-05 10:01:44
4897,f442569e-07a3-43e6-94ca-647173d971d6,CASTELL DE RAIMAT Vi blanc eco DO Costers del Segre Km0,32.18,37.13,2026-05-05 10:01:44
4898,32743078-4b0d-4716-9776-09592b75c0e7,CUNE Caixa 6u. vi rosat DO Rioja,24.08,32.1,2026-05-05 10:01:44
4899,f571a152-be7c-4588-88d3-38c0b6afd0cc,EDERRA Caixa de vi negre DO Rioja criança,47.7,35.94,2026-05-05 10:01:44
4900,e9a1ce7e-8b22-466b-aee9-e5e40b44def2,GR 65-5 Caixa de vi negre DO Montsant km0,47.7,53.7,2026-05-05 10:01:44
4901,c0af3b3b-2e00-4a7d-9ccd-e1883e596a0a,INDISPENSABLE Caixa de vi blanc DO Empordà Km0,35.7,41.7,2026-05-05 10:01:44
4902,42a093bd-69dd-465c-b129-0ef736e9dad7,LA BOSCANA Caixa de vi negre DO Costers del Segre Km0,47.7,35.78,2026-05-05 10:01:44
4903,a0e04a27-32f4-49fc-bdf4-50493041fd59,LOPEZ DE HARO Caixa vi negre DO Rioja,42.9,50.34,2026-05-05 10:01:44
4904,ca822bfd-8308-4022-8f43-c501407e7354,MARTA VIOLET Caixa de vi blanc DO Penedès ecològic,53.7,59.7,2026-05-05 10:01:44
4905,adfa9f25-f4df-48b1-8838-b6374d161512,MONTBLANC Caixa de vi blanc DO Conca de Barberà Km0,26.94,20.21,2026-05-05 10:01:44
4906,ef796dc8-0dca-47e3-8080-38579b5f5a71,NOSTRAT Caixa de vi blanc Do Penedès ecològic Km0,41.7,31.28,2026-05-05 10:01:44
4907,10b9104a-704a-4438-92d3-d6274f53709c,PERELADA Caixa de vi negre DO Empordà 3 Finques Km0,39.54,46.74,2026-05-05 10:01:44
4908,5a63654a-a0cb-4d50-9668-d74734473293,RAIG DE RAÏM Caixa de vi blanc km0,41.94,31.46,2026-05-05 10:01:44
4909,0a0fa0bc-9c63-4e17-bbb4-00cd6d62e6a8,TINES DE ROQUETA Caixa de vi negre Cabernet DO Catalunya Km0,35.94,26.96,2026-05-05 10:01:44
4910,d897a12f-99ce-4d6e-8dcb-88922b4f472d,TINES DE ROQUETA Caixa de vi negre DO Catalunya Km0,35.94,26.96,2026-05-05 10:01:44
4911,37d34417-2c40-4d1f-9e40-399fe9c85233,VIA TERRA Caixa de vi blanc DO Terra Alta,47.7,35.78,2026-05-05 10:01:44
4912,97295174-1e1f-4408-bccf-a54090dc01f6,ALTOS TAMARON Caixa de vi negre DO Tierras Castilla,23.94,26.94,2026-05-05 10:01:45
4913,3e9c1ed1-ad32-4503-bb81-8bbce5aacb4d,CALA PESCADOR Caixa 6u. vi blanc DO Catalunya,22.28,29.7,2026-05-05 10:01:45
4914,9c184013-f7e3-4611-9507-1b1c5c581e4d,COMPTA OVELLES Caixa de vi negre DO Penedès ecològic  Km0,35.94,26.96,2026-05-05 10:01:45
4915,d70d29ad-6719-4831-8bbc-810cbec086a6,ERMITA D'ESPIELLS Caixa de vi blanc Penedès ecològic Km0,58.74,53.34,2026-05-05 10:01:45
4916,55b6b151-1277-44d6-af52-39c963c414a5,FAUSTINO RIVERA Caixa de vi negre DO Rioja,24.9,22.14,2026-05-05 10:01:45
4917,8de105ab-bbc5-45d1-a7ad-ff279ed15338,GARNATXA FOSCA Caixa de vi negre DO Priorat Km0,93.54,70.16,2026-05-05 10:01:45
4918,f03fcb3b-0991-46bc-b415-5693813579e2,GR174 Caixa de vi negre DO Priorat Km0,76.5,89.7,2026-05-05 10:01:45
4919,9108003b-46dc-4ee1-9829-381f613852f6,GRAN FEUDO Caixa de vi rosat DO Navarra,22.28,29.7,2026-05-05 10:01:45
4920,faae7f86-dad6-4255-973c-fe630ef52c7d,I TANT Caixa de vi negre DO Montsant Km0,43.74,47.94,2026-05-05 10:01:45
4921,fc01a236-da9e-4c0f-90dd-149317ce3427,MASIA FREYE Caixa de vi negre DO Penedès ecològic Km0,49.14,36.86,2026-05-05 10:01:45
4922,21209f0f-698b-47af-9dd6-5f33c7c22edf,MATSU EL PICARO Caixa vi negre DO Toro,56.34,48.9,2026-05-05 10:01:45
4923,fcf139ed-5a69-4d42-915c-84334b33dcb3,NOSTRAT Caixa de vi negre DO Penedès ecològic Km0,41.7,31.28,2026-05-05 10:01:45
4924,909912ad-a8db-4a5c-bc7c-bac53c863153,REFORJAT Caixa 6u. vi blanc DO Terra Alta,28.13,37.5,2026-05-05 10:01:45
4925,97eafce5-7257-4ed9-b6ac-5a53d30b8f41,TERRA ENDINS Caixa de vi negre ecològic DO Catalunya,29.94,22.46,2026-05-05 10:01:45
4926,37390059-711e-4f9d-abca-083f42e49074,TINES DE ROQUETA Caixa de vi blanc Garnatxa Blanca DO Catalunya Km0,35.94,26.96,2026-05-05 10:01:45
4927,af34238b-7118-401b-b051-356ef578ce40,TINES DE ROQUETA Caixa de vi negre Tempranillo DO Catalunya Km0,35.94,26.96,2026-05-05 10:01:45
4928,5da1aa81-0569-4de4-a86f-f9f3d37ec9bc,822 Caixa 6u. vi negre Do Ribera del Duero,64.5,70.5,2026-05-05 10:01:46
4929,68281d4b-4798-411e-aeac-3aa7b9a06511,ALTOS TAMARÓN Caixa de vi negre reserva DO Ribera del Duero,53.94,59.94,2026-05-05 10:01:46
4930,00ad88c9-fac6-40d1-a908-1b35bed688cd,AUZELLS Caixa de vi blanc DO Costers del Segre ecològic Km0,71.7,75.9,2026-05-05 10:01:46
4931,18723e83-902d-42bc-bb71-be28ba55d552,BLANC PESCADOR Caixa de vi d'agulla blanc verdejo,29.94,23.7,2026-05-05 10:01:46
4932,f5f7fd75-e982-4293-b3e7-efe52ace339d,BUSCA-RAONS Caixa vi blanc ecològic DO Costers del Segre km0,32.94,24.71,2026-05-05 10:01:46
4933,f97f2bb1-4d1e-443d-94d6-87d6c271a8da,CAP DE COLLA Caixa de vi negre DO Conca de Barberà ecològic,47.7,31.01,2026-05-05 10:01:46
4934,ea92f6cf-5de6-4c3e-b011-25f45b735514,CAP DE RUC Caixa de vi blanc DO Catalunya Km0,31.28,41.7,2026-05-05 10:01:46
4935,c6056cba-4cd3-4e52-8ac3-83d0965da54e,EL XITXAREL·LO Caixa de vi blanc Do Penedès Km0,44.78,59.7,2026-05-05 10:01:46
4936,cfcb8526-cb8c-4933-992e-269e0f744618,ELS NANOS Caixa de vi blanc DO Conca de Barberà ecològic Km0,28.67,44.1,2026-05-05 10:01:46
4937,6c4d8d79-474a-497f-80cc-e8a58de04353,EMENDIS FLOS Vi blanc DO Penedès ecològic  Km0,47.34,35.51,2026-05-05 10:01:46
4938,f2d02088-d328-49ea-b228-987e7d0650db,GARBO Caixa 6u. vi negre DO Montsant,40.28,53.7,2026-05-05 10:01:46
4939,848e2bdb-a160-4ea7-9589-55b5a7265445,GOTIM Caixa de vi blanc DO Costers del Segre Km0,45.3,41.94,2026-05-05 10:01:46
4940,86412dab-98f3-421f-8163-5225fceba5e3,MASIA FREYÉ Caixa de vi rosat DO Penedès ecològic Km0,49.14,36.86,2026-05-05 10:01:46
4941,00bcb8de-06a3-4b83-94c8-7faf83587355,MIREIA PINORD Caixa 6u. vi blanc DO Penedès ecològic Km0,53.94,59.94,2026-05-05 10:01:46
4942,8309ccf3-6e34-45e5-82c8-ab697a4e3332,PACO & LOLA Caixa de vi blanc albarinyo DO Rias Baixas,77.94,83.7,2026-05-05 10:01:46
4943,339131eb-742c-4759-b3bc-ac1d1811a973,PROTOS Caixa vi negre DO Ribera Duero,114.0,125.0,2026-05-05 10:01:46
4944,199049ab-8d65-47ea-b521-dbcfe368a5f3,RAIG DE RAÏM Vi negre DO Terra Alta Km0,41.94,31.46,2026-05-05 10:01:46
4945,fdbc5e23-673a-4806-b254-732472acb495,TINES DE ROQUETA Caixa de vi blanc DO Catalunya Km0,35.94,26.96,2026-05-05 10:01:46
4946,3153fa9e-d393-434d-9992-c2ef719869ef,VIA TERRA Caixa de vi negre DO Terra Alta Km0,47.7,35.78,2026-05-05 10:01:46
4947,de45fc49-19ad-4420-abe1-2e64174bdfd3,ÈTIM Caixa de vi negre DO Montsant criança Km0,47.7,35.78,2026-05-05 10:01:46
4948,e9780f65-a4c2-43fd-8d58-437706e713db,ALADELTA Caixa vi negre vi lliure,23.21,35.7,2026-05-05 10:01:47
4949,59cccef9-3805-4135-a823-a724529000f9,CASTELL DEL REMEI Caixa de vi blanc DO. Costers del Segre Km0 Oda,71.7,65.7,2026-05-05 10:01:47
4950,78b72774-92ed-4a2e-8f51-7b515113ba78,ELS NANOS Caixa de vi negre DO Conca de Barberà ecològic Km0,28.67,44.1,2026-05-05 10:01:47
4951,a33824b6-a2f1-404b-ab23-e3a07a97f288,FINCA CAL JANES Capsa de vi negre DO Penedès Km0 ecològic,41.94,35.94,2026-05-05 10:01:47
4952,44733c26-36e2-4c9a-a9b2-b7d61e34d455,FINCA LA GARRIGA Caixa de vi negre DO Empordà Km0,108.0,120.0,2026-05-05 10:01:47
4953,5de2753a-a314-4793-b216-81f7900838e8,FREIXENET Caixa de vi blanc DO Catalunya,30.56,40.74,2026-05-05 10:01:47
4954,ff6bac24-f03e-48be-bc5d-b6f534d0090c,INDISPENSABLE Caixa de vi negre DO Empordà Km0,35.7,41.7,2026-05-05 10:01:47
4955,8401bfc7-2e53-451f-b010-dab362bb0ee6,MASIA OLIVEDA Caixa 6u. vi rosat DO Empordà,26.94,29.94,2026-05-05 10:01:47
4956,5bee50ed-49b0-4b36-a580-d1c58f5cdc67,MASIA OLIVEDA Caixa de vi blanc DO Empordà Km0,26.94,29.94,2026-05-05 10:01:47
4957,bf47c21c-085c-4715-b7d1-039e8496ffbf,PUNTILS Caixa 6u. vi negre DO Empordà,35.94,40.74,2026-05-05 10:01:47
4958,9f2c49e8-504e-4e3e-9863-0aec31b9117c,RAIMAT Caixa de vi rosat ecològic DO Costers del Segre Km0,32.18,37.13,2026-05-05 10:01:47
4959,ed1c3cb1-a936-481b-9ee1-98b64a569fea,ROUREDA Caixa 6u. vi rosat DO Tarragona,17.51,27.9,2026-05-05 10:01:47
4960,6ab215bc-7115-46bb-a9ea-6c5f1cfe81c8,SCALA DEI Caixa  vi negre DOQ Priorat,89.7,67.28,2026-05-05 10:01:47
4961,fb18445c-48b5-45d8-abea-c8a07a6669aa,ÈTIM Caixa de vi negre dolç Verema Tardana DO Montsant,52.5,39.38,2026-05-05 10:01:47
4962,5521d249-70f5-4637-898f-87ac996712be,COLORS Caixa de vi negre DO Costers del Segre ecològic Km0,65.34,68.94,2026-05-05 10:01:48
4963,20aee3ab-1b4d-4345-a9d6-e4bb0694e635,CUNE Vi blanc verdejo DO Rueda,14.5,6.65,2026-05-05 10:01:48
4964,0bd7dc85-75bd-49bf-922d-40153f04d7e5,CUNE Vi negre Rioja criança,14.5,7.25,2026-05-05 10:01:48
4965,190b184d-fedf-4562-8523-e55207da5e20,LA BÈSTIA NEGRA Caixa de vi negre DO Empordà Km0,47.94,41.7,2026-05-05 10:01:48
4966,d82768b0-e934-4940-97ea-72232ba809fa,MASIA OLIVEDA Caixa de vi negre DO Empordà Km0,26.94,29.94,2026-05-05 10:01:48
4967,a85ec85f-65b3-41f0-80bc-c1f1bf11ca40,REFORJAT Caixa vi negre DO Terra Alta Km0,28.13,37.5,2026-05-05 10:01:48
4968,0907bb9d-6e7b-4bb0-b488-bc44e4556b62,VIÑA POMAL Caixa 6u.vi negre DO Rioja Reserva,77.94,95.7,2026-05-05 10:01:48
4969,74052fda-2e80-4937-b6af-157d59ccd034,GR 65-5 Vi negre DO Montsant km0,9.49,8.95,2026-05-05 10:01:49
4970,eb2636b4-a316-40c1-a512-99afe3b459dd,ROUREDA Vi negre reserva DO Tarragona Km0,5.59,5.99,2026-05-05 10:01:50
4971,9ff8ad74-37e8-4c7a-bb49-28ca73d297fd,ROUREDA Vi blanc DO Tarragona,4.49,4.65,2026-05-05 10:01:51
4972,594c4e10-03d2-4c01-92d2-4526853c8631,ROUREDA Vi rosat DO Tarragona,4.49,4.65,2026-05-05 10:01:52
4973,e39eaa96-64dc-4ab1-9f09-defb87a18f43,KRIPTA FRANC Corpinnat Brut guarda superior reserva ecològic caixa,83.7,71.34,2026-05-05 10:01:55
4974,1ea1a8f2-7f6f-4277-beac-d0e431d42e6a,LACRIMA B. HERETAT Cava Brut guarda ecològic caixa,26.96,32.34,2026-05-05 10:01:55
4975,20cb4a20-5555-4a38-9cdb-227002d1303d,LACRIMA BACCUS Cava rosat Brut guarda caixa,26.96,32.34,2026-05-05 10:01:55
4976,bc42d76b-37a2-4f56-aabb-0b16190f35bb,PARXET Cava Brut guarda caixa,77.94,89.7,2026-05-05 10:01:55
4977,77655748-cf58-4236-8e24-52d67d92e374,ÀNIMA NUA COR VIU Vi blanc ecològic DO Conca de Barberà Km0,7.75,7.99,2026-05-05 10:01:55
4978,6afb3828-8df7-4fe3-8bd9-19d5d9ed5165,ÀNIMA NUA COR VIU Vi negre ecològic DO Conca de Barberà Km0,7.75,7.99,2026-05-05 10:01:55
4979,90dc1ec6-cfa0-4a43-bef0-67611403fe83,CASTELL RE. LA CUVÉE Cava Brut Nature guarda superior reserva caixa,64.5,59.94,2026-05-05 10:01:56
4980,5291218f-6727-43a0-b0ee-fee5de716ea4,CODORNÍU CUVÉE Cava Brut Nature guarda ecològic,6.25,7.25,2026-05-05 10:01:56
4981,6c43ccba-d170-4891-96b8-7edf3cf41e74,CODORNÍU CUVÉE Cava semi sec ecològic caixa,37.5,43.5,2026-05-05 10:01:56
4982,1e4ad963-0d73-4d8a-9c4c-9e4bb3a30f26,CODORNÍU Cava Brut guarda ecològic caixa,37.5,43.5,2026-05-05 10:01:56
4983,2b58ddd2-9fcb-4bf1-96c3-7690ec2a8c12,CONDE DE CARALT Cava Brut Nature guarda caixa,38.94,32.94,2026-05-05 10:01:56
4984,e608c42b-3845-4d2a-9f2d-ee43c301eaad,ESCOFET ROSELL Cava Brut guarda superior reserva caixa,44.96,59.94,2026-05-05 10:01:56
4985,e814c223-611a-4a1a-b7ba-2e445a2be45b,LACRIMA B. HERETAT Cava Brut Nature guarda ecològic caixa,47.94,35.96,2026-05-05 10:01:56
4986,be0dbdf2-f91b-4779-934a-e80f98de0c0b,CODORNÍU CUVEÉ Cava semisec guarda ecològic,6.25,7.25,2026-05-05 10:01:57
4987,84680261-eb32-4120-ad61-c505fe1c2d86,CODORNÍU CUVÉE Cava Brut guarda ecològic,6.25,7.25,2026-05-05 10:01:57
4988,c41b9e76-9ea3-4e9a-8cb8-5d2b8f62fa06,PERELADA Cava rosat Brut guarda,8.99,8.75,2026-05-05 10:01:57
4989,d481ccd5-f4b3-4700-94de-80cce1de508b,CODORNÍU CUVÉE Cava rosat Brut guarda ecològic,6.25,7.25,2026-05-05 10:01:58
4990,aaa1c745-737b-4f81-9455-c89375c4b644,EL BANDARRA Vermut negre,9.39,9.95,2026-05-05 10:01:59
4991,6f6aff0e-a151-43bd-a6e3-30ae40a55f1c,GIRO Ginebra,11.6,10.49,2026-05-05 10:02:00
4992,395e5fb7-e0f9-4a0e-83e7-eda73b51705b,JOHNNIE WALKER Whisky escocès Reb Label,14.45,16.49,2026-05-05 10:02:00
4993,00fbc932-6f84-487b-acb4-084707c72ac6,VETERANO Beguda espirituosa,9.49,8.85,2026-05-05 10:02:00
4994,ad89bfbe-1350-4487-90f3-674e2df58f86,ABSOLUT Vodka,20.4,20.79,2026-05-05 10:02:01
4995,c1327286-11f8-48c5-91be-fb215aea1f58,JAMESON Whisky irlandès,19.99,18.99,2026-05-05 10:02:01
4996,3f856a6e-f45b-40cb-ba53-a88f197a8bf6,L'HÒSTIA Ratafia,11.95,12.95,2026-05-05 10:02:01
4997,6b1583dc-e4a6-479b-9379-ca2cfd5cffcf,LARIOS Ginebra Mediterrània,12.19,12.75,2026-05-05 10:02:01
4998,0e3d3063-7c3a-43fb-b34b-22b2073f060f,MAGNO Brandi de Xerès Solera Reserva,12.69,11.95,2026-05-05 10:02:01
4999,9a341622-f97d-4468-a006-543bc5c9ceb3,NORDES Ginebra,25.99,24.99,2026-05-05 10:02:01
5000,19e4e796-ebae-474e-a1f6-5cc0addb9edf,SEAGRAM'S Ginebra Extra Dry Gin,25.49,25.69,2026-05-05 10:02:01
5001,d7955377-b213-4e96-bc63-a033e62c317b,SUNTORY Ginebra japonesa Gin Roku,25.99,20.95,2026-05-05 10:02:01
5002,5721e7a4-e8d4-4bb0-ae6b-2480c1c98c8e,CAPITAN FRESON Licor de crema amb tequila,10.59,8.95,2026-05-05 10:02:02
5003,b09db204-dea0-434b-93f3-70b122f8ef45,OATLY Beguda de civada Barista en cartró,2.69,2.65,2026-05-05 10:02:05
5004,e277be4a-6c87-4bfd-8a4f-c2e7c491582b,YOSOY Beguda de civada 0% sucre en cartró,1.65,5.95,2026-05-05 10:02:05
5005,54090f0f-f58b-41b8-a6d9-3b6ac36eee10,BONPREU Rodanxes de lluç del Cap,4.95,4.91,2026-05-05 10:02:07
5006,31ff7ffa-683b-4d54-a97a-8248d8e2d2d5,FRIPOZO Porcions de pit de pollastre amb salsa barbacoa Crunchy,2.65,2.69,2026-05-05 10:02:12
5007,1c605a84-7231-422e-adad-1d7f3a42c8c2,PICCOLINIS Mini pizzes de 3 formatges,4.25,7.95,2026-05-05 10:02:14
5008,19d177e8-efef-4500-aa1e-8abe91e19f4e,PICCOLINIS Mini pizzes de frankfurt,4.25,7.95,2026-05-05 10:02:14
5009,5cdea0aa-6538-4467-aba8-78ea6d499ec0,PICCOLINIS Mini pizzes de pernil dolç i formatge,4.25,7.95,2026-05-05 10:02:14
5010,16423ab7-335c-4310-afb3-479234e7788d,PICCOLINIS Mini pizzes de tonyina,4.25,7.95,2026-05-05 10:02:14
5011,8560e79c-70f2-46ed-9567-8d0023cf7e6a,RISTORANTE Pizza 4 formatges,9.99,3.95,2026-05-05 10:02:14
5012,9a0b0ea7-747b-4d3e-8e87-a90ec2e9daa9,RISTORANTE Pizza Barbacoa,9.99,3.95,2026-05-05 10:02:14
5013,0b0e0ac6-dab5-4d7c-ad03-b597725a1d18,RISTORANTE Pizza Funghi,9.99,3.95,2026-05-05 10:02:14
5014,f5bfe03c-c795-4bfe-a9ae-957edf569f00,RISTORANTE Pizza Speciale,9.99,3.95,2026-05-05 10:02:14
5015,030b937e-6e37-4392-88ca-c5663a41d643,RISTORANTE Pizza d'espinacs,9.99,3.95,2026-05-05 10:02:14
5016,4609b1e5-7ea3-4012-8bde-e3c02c58342b,RISTORANTE Pizza de mozzarella,9.99,3.95,2026-05-05 10:02:14
5017,db165d50-8bb1-492b-89af-260721888f72,RISTORANTE Pizza de pernil dolç i formatge,9.99,3.95,2026-05-05 10:02:14
5018,adb631bc-ed8e-4421-95fa-bcaa48168e92,RISTORANTE Pizza de tonyina,9.99,3.95,2026-05-05 10:02:14
5019,16de0115-50b7-4f70-bffa-5074d3f13fdb,RISTORANTE Pizza Hawaii,9.99,3.95,2026-05-05 10:02:15
5020,f1f5da7b-9d3d-47a1-899b-79c4d321bf64,RISTORANTE Pizza bolonyesa,9.99,3.95,2026-05-05 10:02:15
5021,ae08cd2c-29ea-4dfc-b9df-21e459f94fd3,RISTORANTE Pizza vegana,9.99,3.95,2026-05-05 10:02:15
5022,7b2917b8-1d34-43f9-81cc-b1cebb3a03a0,RISTORANTE Pizza vegetal,9.99,3.95,2026-05-05 10:02:15
5023,f28a630c-a7ac-4d3f-a5a0-1b881dc7b6d4,HÄAGEN-DAZS Gelat Salted Caramel,9.99,7.49,2026-05-05 10:02:16
5024,45100858-157c-4caf-a61c-c7b0f5f9d408,HÄAGEN-DAZS Gelat de vainilla i nous de Macadàmia,9.99,7.49,2026-05-05 10:02:16
5025,20a43697-4d7f-425d-b12a-a2cf232599d7,HÄAGEN-DAZS Gelat de xocolata belga,9.99,7.49,2026-05-05 10:02:16
5026,d694a1ed-2d6e-4c30-8f55-331e2914bc37,MAGNUM Gelat Dark 70% cacau,4.99,7.95,2026-05-05 10:02:16
5027,252a2f4b-6a5d-4a70-b326-cef1dd730be3,MAGNUM Gelat de festuc Signature,4.99,7.95,2026-05-05 10:02:16
5028,84a0a5dd-23b8-4701-9cf2-a4847ce87184,MAGNUM Gelat de llimona Euphoria Pink Lemonade,4.99,7.95,2026-05-05 10:02:16
5029,06640897-f0e7-49ca-a300-4f3a86163ed4,MAGNUM Gelat de préssec Signature,4.99,7.95,2026-05-05 10:02:16
5030,4323d287-0355-49d8-a102-806b092bec82,MAGNUM Gelat de xocolata blanca amb galeta,4.99,7.95,2026-05-05 10:02:16
5031,19fa3d65-978c-4431-93ca-92150f572473,MAGNUM Gelat de xocolata negra amb nata,4.99,7.95,2026-05-05 10:02:16
5032,012cd166-b42f-4592-8ece-2d2434a8b625,TERRITORI Gelat de cacaolat Km0,7.29,6.99,2026-05-05 10:02:16
5033,f957f2a0-dd3a-4d1a-8cf2-34f83410b7f8,TERRITORI Gelat de galetes Trias Km0,7.29,6.99,2026-05-05 10:02:16
5034,b4148332-1e67-432f-ae9e-b46e255692e9,TERRITORI Gelat de pastís de llimona de l'Ebre Km0,7.29,6.99,2026-05-05 10:02:16
5035,dd32acb5-7ab7-438d-81d4-23cc8be86e1b,TERRITORI Gelat de ratafia i carquinyolis Km0,7.29,6.99,2026-05-05 10:02:16
5036,165cc4c0-cf45-4071-b9e6-7941645708c6,TERRITORI Gelat pastís de formatge i gerds Xisqueic Km0,7.29,6.99,2026-05-05 10:02:16
5037,d99a8451-e077-4228-af4b-96bff56ef1c9,HAAGEN-DAZS Gelat de cookies & cocoa,9.99,7.49,2026-05-05 10:02:17
5038,31422517-0df5-4aa0-b439-0eb749b75fa4,HÄAGEN-DAZS Gelat Cookies & Cream,9.99,7.49,2026-05-05 10:02:17
5039,a6a0623e-08e9-4a73-b98b-24a77f13260a,HÄAGEN-DAZS Gelat Strawberry Cheesecake,9.99,7.49,2026-05-05 10:02:17
5040,65c9029d-6cb7-4bb3-827c-cdfcf7e570f5,HÄAGEN-DAZS Gelat de dolç de llet,9.99,7.59,2026-05-05 10:02:17
5041,ed48a92d-5261-4959-a01a-5c574421d2bf,HÄAGEN-DAZS Gelat de maduixa i nata,9.99,7.49,2026-05-05 10:02:17
5042,d7f284d7-2624-4b7b-ad0e-27b0f3e8e164,HÄAGEN-DAZS Gelat de mango i gerds,9.99,7.59,2026-05-05 10:02:17
5043,c82d31d8-af7b-4853-b709-3d2cc3f134e8,HÄAGEN-DAZS Gelat de vainilla,9.99,7.59,2026-05-05 10:02:17
5044,c3cd373d-d1c9-46ea-a3dc-95c3916685de,HÄAGEN-DAZS Gelat de xocolata Brownie,9.99,7.49,2026-05-05 10:02:17
5045,922b283e-1d0f-4274-be84-4f8bb4241bcb,HÄAGEN-DAZS Gelat te matxa,9.99,7.49,2026-05-05 10:02:17
5046,37017c40-bb47-46dd-8786-905908641219,MILKA Gelat cucurutxo de bola,7.65,7.79,2026-05-05 10:02:19
5047,fdfb850b-58fe-40f3-9ab3-81fd2952257f,MILKA Gelat mini cucurutxo de vainilla i xocolata,5.95,5.99,2026-05-05 10:02:19
5048,06d7fe0b-2027-4e59-8c88-d241490aadb8,NESTLÉ Gelat cucurutxo de vainilla i xocolata 0% sucres afegits,7.49,7.69,2026-05-05 10:02:20
5049,1488f47c-69ed-4327-b2ec-96af6eb93f9f,PASCUAL Llet semidesnatada sense lactosa 6x1L en cartró,9.0,9.3,2026-05-05 10:02:26
5050,3c280a63-0d88-470b-804a-301a015aa687,PASCUAL Llet semidesnatada sense lactosa en cartró,1.5,1.55,2026-05-05 10:02:26
5051,185dff90-616a-4c7a-a2be-bcdf47f4bad2,DANONE La Copa de nata i xocolata,3.29,1.99,2026-05-05 10:02:32
5052,c561fc68-ca10-4316-8c10-da620d0f711f,DANONE Iogurt grec natural,3.29,1.49,2026-05-05 10:02:34
5053,58efb4bd-0a58-49b6-ad2f-c42181de514a,DANONE Iogurt natural Original,3.29,1.99,2026-05-05 10:02:34
5054,509e45aa-cc90-4adb-8a17-7cd33e81770e,BONPREU Ous frescos de gallines soltes en el galliner M,5.99,2.99,2026-05-05 10:02:40
5055,71d79e52-ef9c-4f49-8e84-40fd3fb23d50,BONPREU Ous frescos de gallines soltes en el galliner M,5.99,2.99,2026-05-05 10:02:40
5056,d9fc6a27-c4f9-4f92-8f0e-1b1e41f053a5,BONPREU Ous frescos de gallines soltes en el galliner M,5.99,2.99,2026-05-05 10:02:40
5057,15347011-b820-4af1-80cf-29ad2c2270ca,KLORANE Xampú desenredant per nens,11.45,13.49,2026-05-05 10:02:56
5058,d38a6224-c060-444e-95f8-b5a133fcfb08,ORAL B Dentifrici blanquejament saludable,3.49,16.99,2026-05-05 10:03:14
5059,9f0f3f0c-df01-464a-a733-02027a673ae1,GUM Arcs dentals Easy Flossers,4.89,3.89,2026-05-05 10:03:16
5060,c7816a96-4427-4d3f-918d-dcbecebd4c39,GUM Necesser de viatge d'higiene bucal Activital,6.25,5.29,2026-05-05 10:03:16
5061,58482549-4265-422a-8d96-48e112de36fb,GUM Necesser de viatge d'higiene bucal Ortho,7.35,6.25,2026-05-05 10:03:16
5062,1e1dd536-4379-4572-999e-de94fe7e8ce7,GUM Necesser de viatge d'higiene bucal White,6.19,5.25,2026-05-05 10:03:16
5063,bcae7b41-58fb-48cd-8c5f-535c52932d90,GUM Raspall de dents Pro Sensitive suau,5.15,4.09,2026-05-05 10:03:16
5064,009bda8c-97c5-41d3-abe4-1a6e5746707c,GUM Raspall de dents Technique Pro Medium,5.15,4.09,2026-05-05 10:03:16
5065,fb0e55e3-6820-4c26-8fc5-9465586759ec,GUM Raspall de dents Technique Pro suau,5.15,4.09,2026-05-05 10:03:16
5066,855248a8-4f75-476c-9aa3-0d54821a5762,GUM Raspall de dents a piles Sonic Daily,12.45,10.59,2026-05-05 10:03:16
5067,baa5019f-f244-4da6-9dc5-2423c31415c9,GUM Raspall de dents infantil,3.99,3.19,2026-05-05 10:03:16
5068,52c3a214-ee8d-49bd-b499-f450992785a4,GUM Raspall de dents junior amb llum,4.19,3.35,2026-05-05 10:03:16
5069,fa4179c6-ab47-4b2a-b689-11ab5645919f,GUM Raspall interdental Soft Picks Pro llarg,6.19,4.95,2026-05-05 10:03:16
5070,17309009-13b1-472d-a83f-90167138c1ba,GUM Raspall interdental Soft Picks Pro mitjà,6.19,4.95,2026-05-05 10:03:16
5071,02f825d3-735d-4c63-a2e8-43da4968748c,GUM Raspall interdental Soft Picks Pro petit,6.19,4.95,2026-05-05 10:03:16
5072,96938950-ecdd-4aeb-b463-79e8f3f85469,GUM Recanvi Raspall de dents a piles Sonic Daily,6.19,5.25,2026-05-05 10:03:16
5073,1b9f3269-6e95-4b81-96b9-9ae55a888bcd,EVAX Compresa súper amb ales Cottonlike,4.35,4.2,2026-05-05 10:03:23
5074,69ff4f40-a33f-4b90-a7d9-9f90f7a74491,TENA Pants incontinència per a Home L/XL,11.95,12.15,2026-05-05 10:03:30
5075,c88416b4-1b83-41a9-83b8-1da6e51351de,NENUCO Aigua de colònia,3.99,4.59,2026-05-05 10:03:34
5076,8a8e3a1f-05b5-4209-85e2-89a4318d1085,FRESHLY Protector solar mineral FPS 50+,19.95,13.95,2026-05-05 10:03:38
5077,6e870c14-27d1-4f3f-a482-2b55f43f24b7,BONPREU Paper de cuina compacte 2 capes 2 un.,14.99,1.55,2026-05-05 10:03:40
5078,3b647532-e921-43e1-be37-507c0d3ec6c3,ARIEL Detergent líquid total de 30 dosis,7.99,16.99,2026-05-05 10:03:44
5079,4eb7b764-8b68-4fe3-8615-9c9a0e2136bf,FLOR Suavitzant concentrat Blau de 59 dosis,14.99,3.99,2026-05-05 10:03:44
5080,fd031df7-039a-4b02-8dae-8ed5f4626fce,LENOR Perles de perfum roba Unstoppables,7.49,16.99,2026-05-05 10:03:44
5081,39d6c52d-7025-46ee-abba-9b93f391e428,COLON Detergent líquid de 34 dosis,14.99,9.99,2026-05-05 10:03:45
5082,2be9d3a5-5f6a-452c-a3e5-d880209b1286,AIR WICK + REC Ambientador elèctric i recanvi cirera,5.89,5.79,2026-05-05 10:03:51
5083,124cc19d-d78c-4bfd-aab1-56dde4206f4c,AIR WICK Ambientador i recanvi nenuco,7.25,6.49,2026-05-05 10:03:51
5084,13e7013a-79a5-4c20-9bbb-b80220425e97,AIR WICK Ambientador recanvi cirera,6.99,6.49,2026-05-05 10:03:51
5085,3a0fe3a5-c936-4da0-ab6f-f80814185179,AIR WICK Ambientador recanvi nenuco,6.99,6.49,2026-05-05 10:03:51
5086,1a3d76f7-385e-4d44-9269-4abd96fb0949,AIR WICK Recanvi per a ambientador aroma cirera,7.49,6.99,2026-05-05 10:03:51
5087,e5f40122-33ea-4d96-9d56-382d02446195,FAIRY Sabó rentavaixelles llimona Poder 3 en 1 en esprai,5.99,16.99,2026-05-05 10:03:51
5088,d9bd2f52-43f0-4828-a9a5-4deac6532c6d,FINISH Abrillantador per a rentavaixelles,14.99,4.95,2026-05-05 10:03:51
5089,eaa5709c-e7c0-4ab7-b006-796353c28572,FINISH ULTIMATE PLUS Rentavaixella all in 1 de 30 dosis,14.99,9.99,2026-05-05 10:03:51
5090,5a9ea6d2-5754-4c8d-8f89-74febbaa938e,FROSCH Netejador vitroceràmica taronja ecològic,5.35,4.95,2026-05-05 10:03:52
5091,123bd47c-d3a5-41c2-8c1d-0e6b7a1e7b9a,CILLIT BANG Netejador de taques d'humitat,4.99,5.35,2026-05-05 10:03:53
5092,55c39457-01f6-4950-b105-e2bb7e8d88e4,BREF Netejador WC Blue Active Floral,4.15,3.85,2026-05-05 10:03:56
5093,468eb86d-9039-4407-b245-8bb61fb1e531,BREF Netejador WC Moments Relax Armonía,4.15,3.85,2026-05-05 10:03:56
5094,010eb7df-fa35-416e-a389-9a6d69b30d52,BREF Netejador WC Moments Relax Serenitat,4.15,3.85,2026-05-05 10:03:56
5095,f838c16c-267f-4d12-9679-f9187e3faec5,BREF Netejador wc oceà àrtic,4.15,3.85,2026-05-05 10:03:56
5096,850ae4f5-aff4-490a-a77e-79020366e380,BREF WC Netejador WC Blue Active,4.15,3.85,2026-05-05 10:03:56
5097,a9682707-1bb4-46ee-90f4-db429ecce2cb,CILLIT BANG Netejador de bany ultra lluentor,4.99,5.35,2026-05-05 10:03:56
5098,90a6c78f-8deb-4e38-87d5-bc7a6ec9233a,DON LIMPIO Netejador bany,3.99,16.99,2026-05-05 10:03:56
5099,1cfb4880-b830-4253-85f5-1f47bb634efa,AIR WICK Ambientador amb difusor,13.25,12.99,2026-05-05 10:04:00
5100,a6386405-64c2-45f3-92ed-53a333f7fbe2,AIR WICK Ambientador recanvi d'espígol i lliri,6.99,6.49,2026-05-05 10:04:00
5101,03697647-d232-4e6a-8c61-00db1be55bbf,AIR WICK Ambientador recanvi gessamí,6.99,6.49,2026-05-05 10:04:00
5102,627a0cf8-778f-452f-a0e2-17203ee9aafd,AIR WICK Recanvi ambientador Delícies d'Estiu Freshmatic,6.09,5.99,2026-05-05 10:04:00
5103,dd420755-0914-4b52-a504-3eb0ed0cc4e3,AIR WICK Recanvi ambientador el. white bouquet,5.89,5.79,2026-05-05 10:04:00
5104,3e9c48e7-8f76-4306-bd66-eebf2f27bf40,AIR WICK Recanvi ambientador elèctric Flor,5.89,5.79,2026-05-05 10:04:00
5105,fbaa8f0b-fed5-465a-b125-467f7300a3dc,AIR WICK Recanvi ambientador elèctric cirera,5.89,5.79,2026-05-05 10:04:00
5106,b998d55d-f97d-456a-af66-3da61b18469b,AIR WICK Recanvi ambientador elèctric espígol,5.89,5.79,2026-05-05 10:04:00
5107,8513f6d5-7e50-4c71-83ef-c09900098c43,AIR WICK Recanvi d'ambientador Flor,6.09,5.99,2026-05-05 10:04:00
5108,456ac1a6-f821-4fc6-9d7b-b4060d1d1ba0,AIR WICK Recanvi d'ambientador elèctric lliri de lluna i setí de seda,6.09,5.99,2026-05-05 10:04:00
5109,a72e130e-4e5e-4cc3-97b9-7631ff94e51f,AIR WICK Recanvi per a ambientador aroma cítric,7.49,6.99,2026-05-05 10:04:00
5110,c63b73fb-e315-4eea-a795-662280b01155,AIR WICK Recanvi per a ambientador aroma espígol,7.49,6.99,2026-05-05 10:04:00
5111,467b5fb1-cb68-43c3-bb77-8811c9bc4e00,AIR WICK Recanvi ambientador automàtic Nenuco,10.99,11.49,2026-05-05 10:04:01
5112,8877c0d1-feb6-4546-8318-d4651adedf6e,AIR WICK Recanvi ambientador elèctric Nenuco,9.49,10.49,2026-05-05 10:04:01
5113,aa28f3da-12b0-49d9-9b29-8c3bdabc0819,KRAFFT Netejador parabrises elimina insectes,4.95,2.95,2026-05-05 10:05:55
5114,fc684d1b-5ca3-4378-ad42-be7016df9c82,PURINA ONE Menjar Terrine de bacallà per a gat esterilitzat,2.76,0.92,2026-05-05 10:06:09
5115,6daa1183-85d3-4f3e-b7f9-496fac54403b,PURINA ONE Menjar Terrine de gall dindi per a gat esterilitzat,2.76,0.92,2026-05-05 10:06:09
5116,579f2589-29a3-4b7b-a9d8-5f217aafa135,GOURMET SOUP Snack líquid de Salmó per a gat,1.0,0.85,2026-05-05 10:06:10
5117,fc30cc55-4406-4d1e-8665-fe1539a5d9bd,GOURMET SOUP Snack líquid de pollastre per a gat,1.0,0.85,2026-05-05 10:06:11
5118,ebfb2e83-76a6-4b34-9703-3164637f599e,KANDOO Paper higiènic humit amb aroma a meló,5.49,5.85,2026-05-05 10:06:23
5119,6d2d8f03-7aa7-4244-bd7c-499f22e941af,DODOT SENSITIVE Bolquers talla 3 (6-10 kg),25.49,20.95,2026-05-05 10:06:26
5120,f07726b3-3024-4e11-a955-de85819aeb1e,COMPEED Apòsit de mida mitjana per a talons,10.99,13.95,2026-05-05 10:06:31
5121,1174ccec-b289-44b7-83d3-f46ebcd0f058,COMPEED Apòsit per a butllofes mitjanes,6.69,8.39,2026-05-05 10:06:31
5122,1df4d4b4-f44d-4889-878c-2fa0f2ea98f0,COMPEED Apòsit per a butllofes petites,6.69,8.39,2026-05-05 10:06:31
5123,c535c4e6-a766-47a0-b8c7-7f9e9086e8ed,COMPEED Apòsit per a herpes labial,10.35,12.95,2026-05-05 10:06:31
5124,d0c9f52e-c842-4737-8ad6-90b7d821d48a,COMPEED Apòsit per galindons,5.19,6.49,2026-05-05 10:06:31
5125,a92d8c07-b128-44de-837e-5df39122bee8,COMPEED Apòsit protector Sport,6.89,8.65,2026-05-05 10:06:31
5126,22bd6faa-4da9-4066-a2b9-4d7b1e9c4b25,COMPEED Apòsit protector durícies mitjans,5.15,6.45,2026-05-05 10:06:31
5127,58ffa7f6-e011-4c04-94d0-478f52cc17d3,COMPEED Apòsits per a butllofes als dits dels peus,6.15,7.69,2026-05-05 10:06:31
5128,3c16eb4c-e5e9-406c-820e-f98fb735b511,COMPEED Assortiment d'apòsits per a butllofes,6.69,8.39,2026-05-05 10:06:31
5129,6fafa8b1-b231-4382-a45c-67aabab09a62,COMPEED Stick anti-fricció,7.45,9.35,2026-05-05 10:06:31
5130,6db70fd1-c482-4b16-ba1f-097e8342e7c8,PROCELI Baguette rústica sense gluten,1.69,1.75,2026-05-05 10:07:28
5131,0ec4c080-bb60-4696-b4a3-af29da0b0f68,JUST LOADING Barreta energètica de fruits vermells,3.3,3.29,2026-05-05 10:07:34
5132,faf1b06d-75d0-48e9-8dba-f00f9de01cec,JUST LOADING Cacauet desgreixat en pols,2.79,2.99,2026-05-05 10:09:18
5133,73587c2b-670b-4097-af64-b5cb88a767b8,YOSOY Beguda d'ametlles 0% 6x1L en cartró,8.33,11.1,2026-05-05 10:09:24
5134,6d46e052-a9e2-4910-88f3-7db012a7cb5a,BONPREU Filet de vedella sencer,41.99,58.79,2026-05-05 21:16:58
5135,3cb0a454-b336-490c-a61c-b34f4037bf4f,Mango en safata de 2 u.,2.69,2.99,2026-05-06 10:12:50
5136,66a263fc-fdb6-4215-8565-adf7e2c4bec8,LA COLLITA Mango 1 u.,4.69,4.29,2026-05-06 10:12:51
5137,14d1558c-22c4-4a25-913e-8c35c9765eef,Tomàquet de pera 1 u.,0.54,0.49,2026-05-06 10:12:52
5138,3079010e-06cb-4647-8cb5-190219dda77a,Síndria sense llavors 1 u.,15.18,11.31,2026-05-06 10:12:54
5139,e47c25d2-e004-40bf-ba2f-2283d0d87743,BONPREU Xocolata negra 72%,1.79,1.65,2026-05-06 10:14:15
5140,32c7320b-7d85-4887-83b6-67fee4403d08,BONPREU Bocinets amb cacau,1.49,1.52,2026-05-06 10:14:23
5141,aa117829-ad41-428a-a414-a161e658f2df,BONPREU Magdalenes rodones,1.91,1.97,2026-05-06 10:14:23
5142,d15a07f2-4aa5-459d-a3ea-7b993d0e48f3,BONPREU Magdalenes valencianes,1.2,1.23,2026-05-06 10:14:24
5143,fe8a98d3-a7da-4d4c-b80c-b2fdd29267f2,BONPREU Magdalenes rodones,1.29,1.32,2026-05-06 10:14:28
5144,3a34dd8e-b825-4f4d-a3d7-0923875b2b41,BONPREU Arròs extra,1.3,1.19,2026-05-06 10:14:32
5145,d13bdee1-3b52-4fad-902d-7a0db1d2847a,LUIS CAÑAS Vi negre jove DOQ Rioja,7.89,7.99,2026-05-06 10:15:40
5146,f09a0d66-a29a-4dd9-a798-76561338e1b9,ANÍS DEL MONO Anís dolç,8.89,8.45,2026-05-06 10:15:49
5147,fc93dacb-c863-4923-b69c-1562fdd357fe,EUCERIN Gel netejador corrector Dermopure,23.85,18.49,2026-05-06 10:17:04
5148,e09c7518-e18d-494a-b1d5-1b929340cd7a,EUCERIN Fluid matificant Dermopure,22.15,17.75,2026-05-06 10:17:06
5149,14e42685-abea-4b3d-afee-c7c0a7b88e36,EUCERIN Sèrum anti imperfeccions Dermopure,24.19,18.99,2026-05-06 10:17:06
5150,aba4ef7a-f352-4eb2-870b-0bc2e1b88627,EUCERIN Crema corporal anti-pigment,23.59,19.99,2026-05-06 10:17:27
5151,6ee45445-3c6b-499e-8f0b-23aa112d5e6e,BONPREU Tovallons de paper blancs 33x33 cm,1.4,0.89,2026-05-06 10:17:35
5152,729e0898-68cf-42dc-a567-4a835b572f37,EUCERIN Hidroloció calmant AtopiControl,26.45,22.99,2026-05-06 10:21:00
5153,d57d3712-b743-4568-b63a-e53c70546b5d,EUCERIN Loció hidratant atopicontrol,23.25,20.95,2026-05-06 10:21:00
5154,7805a392-a21e-45cc-8f39-b6c6de9af935,EUCERIN Crema gel ultralleugera,13.19,10.49,2026-05-06 10:21:01
5155,2812ba5d-829f-4220-b93b-8ba162eb7972,EUCERIN Gel de bany suau 5% Urea Repair,18.45,14.95,2026-05-06 10:21:01
5156,99c46c7e-a154-40ee-8a07-9c1164ac1c46,EUCERIN Crema de mans Hyaluron elasticity,11.69,9.75,2026-05-06 10:21:02
5157,eaae5c3f-7e64-41c9-8684-b077b9a6ca37,EUCERIN Oleogel bany,19.59,15.49,2026-05-06 10:21:02
5158,80bca4e1-75cc-40fa-a8ca-026f207f7a64,Tomàquet tipus banya 1 u.,0.49,0.45,2026-05-06 21:44:09
5159,123a0ac6-7b1e-49f4-910a-7638c8c61e68,Pebrot dolç verd italià 1 u.,0.69,0.35,2026-05-07 10:23:02
5160,3853d9e0-17e1-488e-a6f9-a69f2fb171bc,LA COLLITA Bròcoli 1 u.,1.59,1.29,2026-05-07 10:23:03
5161,f31cc293-7d26-4dad-8754-522399c9ddcd,LA COLLITA Espàrrecs verds prims en manat de 250g,2.45,2.25,2026-05-07 10:23:03
5162,e33b1376-28db-414d-9de0-2d625abfbae5,LA COLLITA Enciam Iceberg sencer 1 u.,1.09,1.05,2026-05-07 10:23:04
5163,05ab4fa2-999b-424e-8a00-9b02e513f697,Pebrot dolç verd italià 1 u.,0.59,0.46,2026-05-07 10:23:04
5164,14d1558c-22c4-4a25-913e-8c35c9765eef,Tomàquet de pera 1 u.,0.49,0.51,2026-05-07 10:23:05
5165,252cc25d-6fb7-4217-885f-06e45ba343b1,Tomàquet madur 1 u.,0.43,0.4,2026-05-07 10:23:05
5166,12dbdf0c-da66-4bc0-8cfd-ec54356e6143,Tomàquet banya 1 u.,0.93,0.75,2026-05-07 10:23:07
5167,a116294a-f87f-4aff-8ae6-40833c1fc405,Síndria Fashion 1 u.,13.99,11.99,2026-05-07 10:23:09
5168,c37eb4b1-b222-404e-9d3e-7fffcc281362,CASA TARRADELLAS Espetec extra,2.49,2.44,2026-05-07 10:23:11
5169,22f9494d-0119-4e05-9ecf-6f69ebd3e3ad,Llamàntol blau (unitari),29.99,24.99,2026-05-07 10:23:42
5170,df8153d6-45ff-4b3c-bbec-d9da82aab395,ARKOPHARMA Complement alimentari Chitosan Extraforte,27.49,28.49,2026-05-07 10:25:23
5171,f3ccb665-92db-42bb-b92c-31f4b4dc5a48,ARKOPHARMA Complement alimentari carxofa forte Arkofluidos,24.95,23.95,2026-05-07 10:25:23
5172,fd13a18c-7cd6-44e6-9119-6bda17052530,IFA Nèctar de taronja sense sucre,1.05,0.99,2026-05-07 10:25:40
5173,92ae9fa6-3b43-4e94-b90d-b5917dbda91e,EL COTO Caixa vi negre DOQ Rioja criança,38.1,39.54,2026-05-07 10:25:47
5174,b85c103c-6765-4194-9c6e-a429cbe7b9f7,EL COTO Caixa 6u. vi blanc DOQ Rioja,25.5,26.94,2026-05-07 10:25:48
5175,6249844c-a84a-49e1-aded-4397d63f7ffa,COTO DE IMAZ Caixa 6u. vi negre Rioja reserva,51.9,53.1,2026-05-07 10:25:49
5176,d8a6bc37-b544-467a-aa6d-6d6944869bdd,BARON DE LEY Caixa vi negre DO Rioja,62.7,64.5,2026-05-07 10:25:51
5177,93076695-2f62-4d3f-b85c-8e8fefca6346,EL COTO Vi negre DOQ Rioja criança,6.35,6.59,2026-05-07 10:25:52
5178,67b5281e-621a-4d6c-8eb5-77e06bd1d6be,COTO DE IMAZ Vi negre Rioja reserva,8.65,8.85,2026-05-07 10:25:54
5179,a66e17a3-dee1-49de-88b5-59c26fc12c18,EL COTO Vi blanc DOQ Rioja,4.25,4.49,2026-05-07 10:25:56
5180,5c472901-c7b0-4f2b-ba96-5892f2aff8f1,BARON DE LEY Vi negre DO Rioja reserva,10.45,10.75,2026-05-07 10:25:57
5181,77086da7-c82e-4215-89eb-e76e5afef0f2,BENGALA BAY Ginebra London Dry,6.25,5.89,2026-05-07 10:26:05
5182,6d541bb3-d220-45a0-bd9f-1ccd08524f54,CN Alvocat a daus,2.95,2.39,2026-05-07 10:26:15
5183,0ff7199a-9541-4f46-aef6-d7f9637451d4,ARDO Maduixes,2.25,2.69,2026-05-07 10:26:26
5184,10e658c3-1c7e-4aa3-9eb3-fb1b86c30d9e,VALIRA Grill antiadherent d'alumini fos de 28 cm,51.95,54.95,2026-05-07 10:28:20
5185,e44a371b-d778-49a9-b63d-64675d0de33c,VALIRA Paella antiadherent d'alumini fos de 20 cm,31.95,33.95,2026-05-07 10:28:26
5186,6fe79635-f47c-404e-83ea-64f11ef37cc5,VALIRA Paella antiadherent d'alumini fos de 28 cm,45.95,47.95,2026-05-07 10:28:28
5187,06485694-a7d0-4d15-b3bf-dd06d22c086f,VALIRA Paella Wok antiadherent d'alumini fos de,47.95,49.95,2026-05-07 10:28:29
5188,b724b883-77a2-4954-b8f7-6663da9c591d,VALIRA Paella antiadherent d'alumini fos de 26 cm,37.95,39.95,2026-05-07 10:28:29
5189,3414f1fb-9ab3-4798-9741-b71fd2ca022c,VALIRA Crepera antiadherent d'alumini fos de 28 cm,43.95,44.95,2026-05-07 10:28:32
5190,5051b117-55ec-4bfc-9901-af95e6112718,VALIRA Paella antiadherent d'alumini fos de 18 cm,33.95,34.95,2026-05-07 10:28:32
5191,140d0873-b024-40b9-85f0-ecce51c69dee,VALIRA Paella antiadherent d'alumini fos de 24 cm,34.95,35.95,2026-05-07 10:28:32
5192,b2245a88-e374-4cef-91a2-76ca05c24c88,VALIRA Paellera antiadherent d'alumini fos de 30 cm,57.95,59.95,2026-05-07 10:28:32
5193,f88500ac-3b1a-428e-8f36-b16f44270f8b,VALIRA Paella antiadherent d'alumini fos de 22 cm,35.95,39.95,2026-05-07 10:28:34
5194,4f209d3c-6b71-4903-9376-2add486b96ef,VALIRA Paella antiadherent d'alumini fos de 28 cm,41.95,43.95,2026-05-07 10:28:34
5195,bb3abdb2-e628-4f81-8cdd-bddd73aad2f6,ARKOPHARMA Complement alimentari de vitamina C,8.25,8.99,2026-05-07 10:30:50
5196,2d7b8742-d1f9-4271-8d12-b6699e2c6d1e,ARKOPHARMA Esprai de pròpolis,10.35,11.25,2026-05-07 10:30:50
5197,c468c412-291f-4dbb-a747-e4784e633c49,ARKOPHARMA Complement alimentàri Arkosueño son forte 8h,13.49,14.39,2026-05-07 10:30:51
5198,ab8e8f3a-dd6e-400a-b70f-db3ca9320ce2,ARKOPHARMA Gelea reial Arkoreal sense sucre,19.99,20.89,2026-05-07 10:30:51
5199,9eed3fec-d6af-444b-9ae7-9a89e4819de0,ARKOPHARMA Gelea reial amb gingseng sense sucre Arkorea,21.49,20.89,2026-05-07 10:30:51
5200,6c1d986e-32d9-402c-9ba6-a643aad93b44,ARKOPHARMA Complement alimentari Ashwagandha,14.95,15.99,2026-05-07 10:30:52
5201,0b2641af-a380-4461-8a59-37056d5b5a13,ARKOPHARMA Complement alimentari crema greixos Arkofluido,24.95,25.95,2026-05-07 10:30:52
5202,f76eb0e6-a00b-48a3-aed2-0c9176ea985e,ARKOPHARMA Complement alimentari Arkosterol Plus Complete,24.7,25.95,2026-05-07 10:30:53
5203,58932b60-3fdb-4411-805f-f4348b6accf1,ARKOPHARMA Complement alimentari col·lagen Total Arkoflex,29.9,33.49,2026-05-07 10:30:53
5204,46e402cd-97c9-4360-bda2-8fe89b9e6d9b,ARKOPHARMA Caramels Pròpolis de mel i llimona Arkovox,9.95,9.35,2026-05-07 10:31:17
5205,083da38c-98c9-4304-9497-6a76d802ebbb,ARKOPHARMA Complement alimentari col·lagen Sport Arkoflex,26.5,29.99,2026-05-07 10:31:18
5206,cca08be9-8542-4f7d-a115-6d86cb91b345,ARKOPHARMA Complement alimentari col·lagen Sport Arkoflex,39.75,44.95,2026-05-07 10:31:19
5207,f635ca88-1441-45c9-9b21-946277d37007,ARKOPHARMA Complement alimentari col·lagen Total Arkoflex,44.85,49.95,2026-05-07 10:31:19
5208,ef7d7aee-0b23-4c1b-9b1e-c39f5de9f111,CASA TARRADELLAS Fuet extra Espetec,4.95,4.87,2026-05-08 09:20:00
5209,0663985c-f6c8-42be-8aea-50e84b2fc487,AUSA Fuet Creks,3.19,2.99,2026-05-08 09:20:03
5210,0db228bb-2eb1-4ba2-8a9d-99a425bc11fb,BONPREU Entrecot Angus,14.75,13.25,2026-05-08 09:20:29
5211,4745bde5-f690-4c2f-956f-ee8eaae008a5,Cloïssa Japonesa (unitaria),14.99,13.99,2026-05-08 09:20:34
5212,410a304b-8c41-4a14-b3d1-68e90533586a,Llenguado gros,10.8,9.99,2026-05-08 09:20:34
5213,85b1642b-a207-4525-8744-da70effe8b14,SAL COSTA Sal en saler,1.28,0.99,2026-05-08 09:21:01
5214,8e3f64c8-4024-4403-a966-117246d89a9e,ALEMANY Mel de flors ecològica,7.85,8.55,2026-05-08 09:21:12
5215,554197e6-57ce-419e-a432-a083881e8c7c,BONPREU Cafè molt mescla,2.6,2.55,2026-05-08 09:21:14
5216,e1a58aae-e4af-4211-99b4-1143b006899d,BONPREU Cafè molt natural de torrat natural,2.6,2.55,2026-05-08 09:21:14
5217,3f0d75d2-b921-4118-833c-1f19236f2fcf,BONPREU Base fina i rodona per a Pizza,1.25,1.19,2026-05-08 09:21:53
5218,a3164b2b-e93e-4313-8458-97d8e142bbb1,BONPREU Base rodona per a Pizza,1.15,0.99,2026-05-08 09:21:53
5219,ab68dc4a-bf69-4140-941b-df8696e42352,CASTREÑO Licor crema amb Orujo,6.35,6.25,2026-05-08 09:23:26
5220,6c2c2fb7-53a4-4d52-b752-047dd1e3152a,ATO Llet semidesnatada sense lactosa en cartró,1.38,1.4,2026-05-08 09:23:54
5221,f7b2f411-4cf5-4aa7-a34f-fad079e0c650,ATO Llet semidesnatada sense lactosa  6 x1 L en cartró,8.28,8.4,2026-05-08 09:23:55
5222,5c6c6468-7477-438f-90ea-4333448709f8,PULEVA MAX Beguda làctia sense lactosa en cartró,1.95,1.89,2026-05-08 09:23:58
5223,92a9ae8c-faeb-4e5b-990f-ed4cd8e8a286,PULEVA MAX Llet sense lactosa 6x1L en cartró,11.7,11.34,2026-05-08 09:23:58
5224,9b4dd77a-77c2-42a0-8a5b-a0431330119d,BETER Goma cabell colors,2.9,2.45,2026-05-08 09:24:33
5225,d0aff848-69e6-457f-8666-e0e8f462057e,BONPREU Guants de Vinil talla M,0.95,0.99,2026-05-08 09:25:45
5226,b4290521-fc11-4cce-a589-2b1815aadf2f,APISERUM Gelea reial vitaminada,14.99,21.49,2026-05-08 09:28:59
5227,94dae0d0-f54e-4ff6-a10f-d3f97383a0a2,APISERUM Gelea reial vitaminada,22.95,21.49,2026-05-08 09:29:01
5228,dee2b8ca-7a10-49c4-8b90-05650e7238a4,APISERUM Defenses amb gelea reial,22.95,13.95,2026-05-08 09:29:02
5229,cdb2622a-8ef1-4502-8867-cce3535fa8ec,VITASERUM Defenses,13.5,11.95,2026-05-08 09:29:02
5230,f101910e-cc24-4e1c-b5c8-ab970c4e4e3e,ZEALIA Pa de pagès de fajol integral ecològic sense gluten,4.85,4.99,2026-05-08 09:29:45
5231,1b31d0a0-732b-4019-9114-6a8fb9a0969d,ZEALIA Pa de pagès de poble de fajol ecològic sense gluten,4.95,4.99,2026-05-08 09:29:47
5232,b739e874-afc5-4bba-9905-de74bcb16bf9,ZEALIA Tagliatelle de fajol ecològic sense gluten,3.65,3.75,2026-05-08 09:29:47
5233,7ffb2a77-1a5f-495d-a158-01e89e322454,ZEALIA Granola de xocolata ecològic sense gluten,4.99,5.25,2026-05-08 09:29:49
5234,a7a024ea-ed41-424a-aeed-c377a70288ce,ZEALIA Pa proteic Neuro ecològic sense gluten,4.85,4.99,2026-05-08 09:29:51
5235,13a22d11-3a94-482f-b1e9-b5810148dc22,Préssec paraguaià 1 u.,0.67,0.6,2026-05-09 09:47:14
5236,3079010e-06cb-4647-8cb5-190219dda77a,Síndria sense llavors 1 u.,11.31,9.37,2026-05-09 09:47:14
5237,ae2c205e-55b7-4e10-8b84-2d67c0783bea,Préssec blanc 1 u.,1.04,0.91,2026-05-09 09:47:15
5238,c5cc11a9-82e2-455c-a63c-1fc4d900d0b3,LEGADO Espatlla d'enceball ibèrica en maletí,55.0,54.99,2026-05-09 09:47:22
5239,9f1a58e3-4eea-419e-a4fe-2c91395bb3f3,Sardina grossa,3.5,3.0,2026-05-09 09:47:47
5240,4ef0d4c5-07c5-44bb-802d-ea129482d8ad,OREO Galetes de cacau farcides de crema,2.6,2.75,2026-05-09 09:48:32
5241,91026c87-5e85-4a79-8ff6-f8c65b04d12a,CHIPS AHOY Galetes amb xocolata,2.4,2.5,2026-05-09 09:48:35
5242,d50792a4-9526-4ca2-a0fa-5e39224a3353,ROYAL Tapioca,2.65,2.59,2026-05-09 09:49:01
5243,c4fe835f-6a4c-43bd-b654-4565ce493e4d,ROYAL Preparat per 8 flams,1.99,1.8,2026-05-09 09:49:27
5244,114907e1-ee9d-4d1b-976f-8777df55ffa1,ROYAL Preparat per a natilles,1.75,1.69,2026-05-09 09:49:28
5245,51de762c-45d9-4dec-ad91-8171dfde158f,ROYAL Preparat per pa de pessic,3.85,3.69,2026-05-09 09:49:28
5246,e01a7afc-aa63-42db-8c3c-f1a29e2b3351,ROYAL Preparat per pastís de formatge,4.7,4.65,2026-05-09 09:49:28
5247,170eda22-650b-47fd-8ff1-640c47cea3a4,ROYAL Preparat per tortites,1.5,1.45,2026-05-09 09:49:28
5248,7693b815-33a5-48f4-9a6b-648511ff1d8f,CERELIA Base per a Pizza sense gluten,1.79,2.47,2026-05-11 11:31:04
5249,1ca71933-cb0e-4381-8a41-1192175a7750,CERELIA Base de Pasta de Full sense gluten,1.99,2.79,2026-05-11 11:31:06
5250,5c42bd83-bea1-465d-bb16-b779ac7ea5cb,CERELIA Masa brisa quebrada fresca,0.89,1.1,2026-05-11 11:31:06
5251,f6dbc938-7d3b-43d9-9c49-5cd8a35c5abc,A-DERMA Oli netejador Exomega control,14.99,13.49,2026-05-11 11:34:12
5252,c02525ae-b75a-431e-a6da-eb8d905df86a,A-DERMA Gel netejador Exomega control  2 en 1,23.6,22.75,2026-05-11 11:34:16
5253,d6ed982d-e824-4866-935c-81c0f4571bd1,KIN Pasta dentífrica amb fluor i calci,7.99,5.99,2026-05-11 11:34:25
5254,7fe8219d-4188-4d91-827c-5b5fb21eec10,DEXERYL Crema emolient,9.49,7.95,2026-05-11 11:34:47
5255,2c3279d9-7621-47cc-b8ee-a9df8504a893,TOPICREM Llet corporal ultra hidratant,21.19,19.95,2026-05-11 11:34:47
5256,aab2b6f0-478f-44fc-a9b1-28ab71efa267,A-DERMA Crema corporal Exomega,38.9,32.99,2026-05-11 11:34:48
5257,e4b3bead-f55d-455b-9fe8-eaf0059b8508,TOPICREM Llet corporal ultra hidratant,27.95,19.95,2026-05-11 11:34:49
5258,ce8af2fa-0391-4ecf-bc67-f8e5c9f725a1,KIN Col·lutori bucal de maduixa amb fluor,6.95,6.49,2026-05-11 11:38:49
5259,56719ec8-5968-4e68-9b11-152a7fab9206,SORIA NATURAL Propolín,8.95,5.99,2026-05-11 11:38:56
5260,d1daec89-2ebd-4155-a0b5-e4723dc0713e,MULTICENTRUM Vitamines energia doble,17.85,15.95,2026-05-11 11:38:57
5261,03dbdae6-324a-428d-9b50-34a69d531bd9,Moniato per microones en bossa de 500 g,1.89,1.99,2026-05-11 21:44:03
5262,4edf791e-27ac-45e4-bbae-bc51635dae87,Alvocat  1 u.,1.39,1.45,2026-05-12 10:30:08
5263,1cf3b9c9-0d58-4e70-acf0-ff2b24ff042c,Mandarina 1u.,0.29,0.35,2026-05-12 10:30:08
5264,697ed48e-3df9-4d2a-afc6-25ab84159b88,Pera Conference Km0 1 u.,0.41,0.45,2026-05-12 10:30:08
5265,341d7c5f-c9db-458a-a4e9-b6c49f955b98,Tomàquet tipus Raf 1 u.,0.99,4.49,2026-05-12 10:30:08
5266,6f8f5506-ba1d-4d05-a896-b489dd2ad886,Llimona 1 u.,0.49,0.55,2026-05-12 10:30:09
5267,cc5f365c-96a7-4ff3-b662-0645c03257dd,Poma Golden Km0 1 u.,0.49,0.45,2026-05-12 10:30:09
5268,1445d52b-198d-4fd0-93da-6b78a4158240,Poma Pink Lady 1 u.,0.65,0.59,2026-05-12 10:30:09
5269,141121ea-aed2-4426-a9fd-544340e2bdb4,Taronja 1 u.,0.55,0.56,2026-05-12 10:30:09
5270,777b3c53-efd8-405b-80b0-bae35f59b03a,"LA COLLITA Plàtan ""Plátano de Canarias IGP"" extra 1 u.",0.63,0.68,2026-05-12 10:30:10
5271,7add96f3-d63e-4596-b3ec-46ba58269b0d,"LA COLLITA Poma golden de Girona Km0 bossa 1,5 kg",2.99,2.69,2026-05-12 10:30:10
5272,56b18e4c-d4c2-422e-ad05-5ad1f07f472c,Mongeta perona en malla de 500 g,2.69,3.49,2026-05-12 10:30:10
5273,4a51ac82-428b-4232-9fbd-e0a6b4d22af8,Poma Granny Km0 1 u.,0.55,0.59,2026-05-12 10:30:10
5274,fe5ff9e8-2c07-4496-aa48-d896492887bc,Aranja 1 u.,0.75,0.85,2026-05-12 10:30:11
5275,d275348b-5248-4c31-b095-4ad3eb8487dd,BOLLO Meló 1 u.,8.45,8.99,2026-05-12 10:30:11
5276,d05fdccc-bc96-4b13-b36a-046947aeea49,LA COLLITA Mandarines en malla de 2 kg,3.89,3.99,2026-05-12 10:30:11
5277,66a263fc-fdb6-4215-8565-adf7e2c4bec8,LA COLLITA Mango 1 u.,4.29,3.99,2026-05-12 10:30:11
5278,d51da2ec-05b5-490b-bd0c-23e3443ff61e,"LA COLLITA Poma vermella bossa 1,5 kg",2.99,3.19,2026-05-12 10:30:11
5279,11c1735d-2940-47a1-ad63-ea71a88b4589,Patata nova ecològica en bossa de 2 kg,4.59,4.65,2026-05-12 10:30:12
5280,c63df707-3c76-462e-886d-a71c1ef5b3d3,Poma Km0 Golden Rústica 1 un,2.49,0.47,2026-05-12 10:30:13
5281,c272f005-5493-4d3c-83fc-88e98f597ffa,Xirimoia 1 u.,1.59,1.69,2026-05-12 10:30:13
5282,131d18e4-3864-4d87-a2e0-891893851e0e,Nespres 1 u.,6.99,0.59,2026-05-12 10:30:14
5283,b6737966-e517-48fa-969c-3cee4ac33f55,Síndria sense llavors 1 u.,11.29,9.95,2026-05-12 10:30:14
5284,326d7cb7-9223-474b-8fe8-d099f7a005f7,Escarola Km0 1 u.,1.69,1.79,2026-05-12 10:30:15
5285,99696e00-0af2-4002-93fc-971bad2ee0ed,Mongeta Perona,1.5,2.1,2026-05-12 10:30:15
5286,84f98e3c-f572-424a-8634-3352ef4b42c7,Pera Conference extra 1 u.,0.82,0.88,2026-05-12 10:30:15
5287,3f44c6a6-3ab9-4e3b-807f-57095dd901e5,Síndria Fashion 1 u.,16.34,14.52,2026-05-12 10:30:16
5288,8680fae6-dfdb-451b-a076-4dc16678c460,Sípia bruta,19.99,11.99,2026-05-12 10:30:57
5289,4745bde5-f690-4c2f-956f-ee8eaae008a5,Cloïssa Japonesa (unitaria),13.99,14.99,2026-05-12 10:30:58
5290,cd1dbe3a-c8d0-4045-b08c-e0dbf257c5ec,Salmó superior sencer,13.99,34.98,2026-05-12 10:30:58
5291,ddd6d3eb-4b1e-435f-b990-d7b5e9dd64e1,LA COLLITA Còctel dietètic,1.35,1.29,2026-05-12 10:31:33
5292,68ed7c30-faf6-459d-bc31-d43d76653a71,DICAR Galetes per gelats,0.69,0.49,2026-05-12 10:31:51
5293,8f389ef3-39ab-44df-b611-c7ee58a2e67a,TANQUERAY Ginebra,13.95,13.65,2026-05-12 10:33:51
5294,be2958af-80ad-463f-9a2b-b3a6d8063b77,BARCELO Rom anyenc,15.95,15.45,2026-05-12 10:33:52
5295,395e5fb7-e0f9-4a0e-83e7-eda73b51705b,JOHNNIE WALKER Whisky escocès Reb Label,16.49,14.49,2026-05-12 10:33:52
5296,6b1583dc-e4a6-479b-9379-ca2cfd5cffcf,LARIOS Ginebra Mediterrània,12.75,12.19,2026-05-12 10:33:52
5297,19e4e796-ebae-474e-a1f6-5cc0addb9edf,SEAGRAM'S Ginebra Extra Dry Gin,25.69,23.49,2026-05-12 10:33:53
5298,8eed63f7-076b-43e2-8211-69a8043b1b0b,BECKEN Fregidora d'aire digital BAF9427,74.99,59.99,2026-05-12 10:37:00
5299,df974abc-1dab-41d0-b00d-edd4e9824440,BECKEN Fregidora d'aire digital Juicy BAF9245,130.0,99.99,2026-05-12 10:37:03
5300,e829146e-a814-46d1-9f60-3a0b4b46373b,JATA Batedora de got JEBT1241,79.99,59.99,2026-05-12 10:37:03
5301,33c19e4c-201c-42a9-a13a-94fb4239401f,POLARBOX Nevera portàtil de color groc i verd 20 L,27.99,34.99,2026-05-12 10:38:29
5302,981e194a-e40b-4dac-8af4-2f7611ac85c8,POLARBOX Nevera portàtil de color malva i taronja 6 L,27.99,34.99,2026-05-12 10:38:41
5303,9b083483-53bd-495f-bf94-0cdc4b836ade,NIDINA 2 Llet de continuació en pols,17.2,17.95,2026-05-12 10:39:20
5304,7dd1518a-55a2-44e0-8f35-a9eace27d55e,Cogombre 1 u.,0.62,0.66,2026-05-13 10:36:06
5305,486ce6e6-cdcc-4ad0-9d97-5770d5295be7,LA COLLITA Síndria amb llavors ecològica 1 u.,7.79,6.49,2026-05-13 10:36:08
5306,3f44c6a6-3ab9-4e3b-807f-57095dd901e5,Síndria Fashion 1 u.,14.52,13.91,2026-05-13 10:36:10
5307,410a304b-8c41-4a14-b3d1-68e90533586a,Llenguado gros,9.99,12.15,2026-05-13 10:36:42
5308,faa90f41-bdaf-4d2a-9f93-438f1dcb1254,GLAS NATURE Gelat antiox de fruita i verdura,5.35,5.55,2026-05-13 10:39:23
5309,de449aac-018f-4d04-8434-85ce48d4d030,GLAS Coco gelat,4.55,4.69,2026-05-13 10:39:24
5310,03a80a08-240a-4540-a294-b445565d2a29,GLAS Llimona gelada,4.55,4.69,2026-05-13 10:39:25
5311,5b1c367f-c43c-4040-acf8-c94e1cc16d67,GLAS Gelat cucurutxu de nata Km0,4.49,4.65,2026-05-13 10:39:26
5312,1990b6e2-df6d-4b14-806e-0a0f0377dbef,GLAS Gelat de crema catalana i caramel Km0,6.89,6.99,2026-05-13 10:39:26
5313,1969236a-ba61-4327-b420-8c4147da1d96,GLAS Gelat de nata Km0,4.59,4.75,2026-05-13 10:39:26
5314,89962d80-6dd4-40ab-b8dc-7d11e51427f1,GLAS Gelat de nata nous caramel·litzades i mel Km0,6.89,6.99,2026-05-13 10:39:26
5315,611d06a3-1fc3-41bd-a897-2890067721a9,GLAS Gelat de taronja tropical,5.79,5.95,2026-05-13 10:39:26
5316,4d7be91f-c090-46c9-bb1a-1fdad4fa77ae,GLAS Gelat de torró amb ametlles,6.89,6.99,2026-05-13 10:39:26
5317,46622b75-d14d-422d-81ef-8c81b1d93eaa,GLAS Gelat sandvitx de nata Km0,4.49,4.65,2026-05-13 10:39:26
5318,c5f6abf4-f178-435d-837a-c668a8ed4e5b,GLAS Nata muntada,4.25,4.39,2026-05-13 10:39:27
5319,f70105ce-648e-4920-8f28-92eb2dc5ae75,GLAS Braç de gitano Km0,13.45,13.89,2026-05-13 10:39:28
5320,b86bb365-b168-46fd-afc5-3660d48084c4,GLAS Pastís Sant Honoré Km0,14.99,15.45,2026-05-13 10:39:28
5321,b8b16408-e205-4c2e-8328-047970d60bf1,PULEVA Llet semidesnatada sense lactosa en ampolla,1.39,1.29,2026-05-13 10:39:31
5322,5ddb4473-5379-4305-92c3-b4c867dbdbaf,PULEVA Llet desnatada sense lactosa en ampolla,1.35,1.25,2026-05-13 10:39:32
5323,daa62e6f-1db3-4323-a847-ad9a271d9a6a,PULEVA Llet semidesnatada 6 x1 L en pack,8.34,7.74,2026-05-13 10:39:32
5324,21774b5b-a5d6-4c2a-9a64-16e656d26cbf,PULEVA Llet desnatada sense lactosa 6x1L en ampolla,8.1,7.5,2026-05-13 10:39:33
5325,e9bc78e5-1694-43a4-9db4-78a30d4fe1cd,PULEVA Llet sense lactosa 6x1L en ampolla,8.7,8.28,2026-05-13 10:39:33
5326,078c895c-99ea-4142-b77f-5ef3eb56c2ce,PULEVA Llet sense lactosa en ampolla,1.45,1.38,2026-05-13 10:39:33
5327,7ea7f4c4-db49-4fd6-b4a3-02b17fd98d9a,WELEDA Oli corporal regenerador,21.49,18.95,2026-05-13 10:40:42
5328,123bd47c-d3a5-41c2-8c1d-0e6b7a1e7b9a,CILLIT BANG Netejador de taques d'humitat,5.35,4.99,2026-05-13 10:41:02
5329,a9682707-1bb4-46ee-90f4-db429ecce2cb,CILLIT BANG Netejador de bany ultra lluentor,5.35,4.99,2026-05-13 10:41:05
5330,df664a05-31a9-43d2-aefc-25d039996344,AQUILEA Col·lagen bioactiu per les articulacions,29.25,21.95,2026-05-13 10:43:54
5331,ca62b820-90f5-4a09-bb4f-fdeadbdb1065,AQUILEA Infusió tranquil·litat,5.25,4.49,2026-05-13 10:43:55
5332,09efaf7e-11d6-4853-b246-531bb80b82f7,FISIOCREM Complement alimentari articulacions i músculs,30.35,26.95,2026-05-13 10:43:55
5333,47b3c925-938b-495f-97c5-767626349e9a,SALUS Gallexier,17.95,13.49,2026-05-13 10:43:55
5334,e47ad0fa-fceb-4c02-8127-c74c7282ac7e,SALUS Vitamina B,17.25,13.95,2026-05-13 10:43:55
5335,7e5c0ca0-8b5b-4abc-bf1f-f9dcec2fc40e,SALUS Xarop herbal Alpenkraft,15.89,11.95,2026-05-13 10:43:55
5336,50af6468-93c1-41fd-be54-54e3b2e80db7,SALUS Salullant fórmula herbal,14.95,10.95,2026-05-13 10:43:56
5337,4e630450-6e43-4d73-87b6-06fa8c2dcdbf,AQUILEA Complement alimentari articulacions,28.25,24.95,2026-05-13 10:44:20
5338,252cc25d-6fb7-4217-885f-06e45ba343b1,Tomàquet madur 1 u.,0.4,0.37,2026-05-14 10:29:57
5339,131d18e4-3864-4d87-a2e0-891893851e0e,Nespres 1 u.,0.59,0.58,2026-05-14 10:29:59
5340,14d1558c-22c4-4a25-913e-8c35c9765eef,Tomàquet de pera 1 u.,0.51,0.47,2026-05-14 10:29:59
5341,76f34be6-50d7-442f-9634-73eeb3ca9c76,LA COLLITA Fonoll Km0 en safata de 700 g,2.49,3.49,2026-05-14 10:30:00
5342,45720afa-86aa-4d34-b377-d4a278e21ff8,LA COLLITA Cireres extra Km0 en safata de 300 g,4.99,3.99,2026-05-14 10:30:01
5343,9f1a58e3-4eea-419e-a4fe-2c91395bb3f3,Sardina grossa,3.0,3.5,2026-05-14 10:30:30
5344,bda196fe-8cdb-4aa3-ae5e-05ef2a8ac5d8,Seitó (costa),1.4,1.2,2026-05-14 10:30:31
5345,410a304b-8c41-4a14-b3d1-68e90533586a,Llenguado gros,12.15,10.8,2026-05-14 10:30:33
5346,9f567374-306b-49f8-bb0a-9cdb37cb4072,BONPREU Cafè en gra torrat descafeïnat natural,3.5,3.4,2026-05-14 10:31:04
5347,4626148f-77bf-4028-9a70-25c4efc3abed,BONPREU Cafè molt descafeïnat de torrat natural,2.65,2.55,2026-05-14 10:31:04
5348,fbb9d456-abf1-4150-b5a6-8d803df35563,NESCAFÉ Cafè soluble natural,3.55,3.45,2026-05-14 10:31:06
5349,cbb77b3a-8f87-4ea7-ab6b-8562580d638d,NESCAFÉ Cafè soluble descafeïnat,3.55,3.45,2026-05-14 10:31:08
5350,b9eba318-b027-4055-af24-b61a1d5bed9b,NESCAFÉ Cafè soluble Black Roast,8.59,8.75,2026-05-14 10:31:09
5351,7907a395-049f-4eeb-b6cf-f28ba4f8975c,LLOPART Corpinnat Brut Nature guarda superior reserva ecològic,16.95,15.69,2026-05-14 10:32:46
5352,1884882d-cf21-4642-ba5f-79c73c89a82e,LLOPART Corpinnat Rosat Brut guarda superior reserva ecològic Km0,18.69,17.65,2026-05-14 10:32:46
5353,90a64110-ee48-4664-abed-f62175b40a52,LLOPART INTEGRAL Cava Corpinnat Brut Nature Integral ecològic caixa,109.0,101.0,2026-05-14 10:32:46
5354,16cb89db-d148-477c-adee-90fe960e2975,LLOPART INTEGRAL Corpinnat Brut Nature Integral reserva ecològic,18.19,16.79,2026-05-14 10:32:46
5355,a0f830ca-fb1e-4cf7-a517-5f7cea6582ea,"LA COLLITA Plàtan ""Plátano de Canarias IGP"" Extra en cinta",2.97,3.14,2026-05-15 10:41:20
5356,f3c0638b-c7a3-40e7-a264-96195c0382e5,Meló 1 u.,6.99,7.79,2026-05-15 10:41:24
5357,b1791aec-928b-40da-ba88-4defa630b3d4,EL VENTERO Formatge tendre sense lactosa,3.59,2.99,2026-05-15 10:41:39
5358,f453ef36-485d-46be-89e1-22a9bd9b4b57,VEGETALIA Seitan ecològic,3.25,3.45,2026-05-15 10:42:05
5359,65ca5018-0062-4bec-b124-850e6c44aac2,BONPREU Xocolata negra 72% amb taronja,1.95,1.79,2026-05-15 10:42:42
5360,038b5758-00f2-40e8-bb8e-d13ed9e20889,BONPREU Mongetes vermelles,1.49,1.55,2026-05-15 10:43:03
5361,eae97c9e-55bf-4956-b193-f59b73012f77,VEGETALIA Claara de huev* Bio,2.95,2.99,2026-05-15 10:43:19
5362,55a96676-63f6-452f-b203-1521c458b8df,AQUILEA Complement alimentari Detox-Cremagreixos,14.25,12.95,2026-05-15 10:43:30
5363,f756c7a1-bc04-4214-9478-e81de52c4ebe,AQUILEA Magnesi i potassi,11.95,12.95,2026-05-15 10:43:30
5364,abd06e44-5891-4806-9198-30b8cdf33fa7,SEAGRAM'S Ginebra Extra Dry Gin,16.65,17.59,2026-05-15 10:44:10
5365,62de3df3-bf45-4d54-b0a5-88ee693a63af,BALLANTINE'S Whisky escocès,13.19,14.1,2026-05-15 10:44:11
5366,be2958af-80ad-463f-9a2b-b3a6d8063b77,BARCELO Rom anyenc,15.45,15.15,2026-05-15 10:44:11
5367,2931276a-8927-457b-ae57-e4c82a2192e5,BEEFEATER Ginebra,13.45,14.25,2026-05-15 10:44:11
5368,6b1583dc-e4a6-479b-9379-ca2cfd5cffcf,LARIOS Ginebra Mediterrània,12.19,10.95,2026-05-15 10:44:11
5369,c207ff3a-ec4e-405d-8a10-3ae14b6141ef,AIROS Coulant de xocolata sense gluten,4.2,4.19,2026-05-15 10:44:31
5370,4ceb1016-1375-4ac6-a474-9cb2341add20,MAHESO Baguetines congelades,2.99,3.09,2026-05-15 10:44:32
5371,56494335-44ed-4ea2-853e-0040ff81e545,MAHESO Porres,2.99,3.29,2026-05-15 10:44:32
5372,91301ad4-aa19-485a-adc3-a86b99fe77ae,IDEAL Llet evaporada sense lactosa per cuinar,3.01,3.05,2026-05-15 10:44:37
5373,06a72862-6bf3-4684-b759-1eea9d91bfdb,VEGETALIA Mantega clarificada ecològica Ghee,8.95,8.99,2026-05-15 10:44:39
5374,40857452-2a85-4623-adbb-0101bfa45045,BONPREU Iogut natural desnatat,0.77,0.79,2026-05-15 10:44:43
5375,63a2f8a0-be8b-433c-a8ab-f4e92df93254,NATURA SIBERICA Xampú curl control,9.26,9.95,2026-05-15 10:45:05
5376,f15537b3-87a6-49b6-80e6-2f64425efcbe,CERAVE Crema hidratant per a pell seca,13.85,14.25,2026-05-15 10:45:07
5377,516adb6b-85c9-45a7-a9ed-cdd666aed127,CERAVE Loció hidratant,15.95,16.49,2026-05-15 10:45:08
5378,1db64957-5957-4b76-84b1-3723335d1268,CERAVE Sèrum facial retinol anti marques,19.9,20.59,2026-05-15 10:45:08
5379,02a7b32d-eb90-4923-b80c-511acab4cd55,LA ROCHE POSAY Gel desmaquillant micel·lar Rosaliac,15.75,16.49,2026-05-15 10:45:08
5380,e7d449db-a3ab-4d59-9acc-f2c1c039e9ff,CERAVE Gel netejador control imperfeccions,12.49,13.49,2026-05-15 10:45:09
5381,774fba77-0ce9-496c-93f9-cec38de1bc31,CERAVE Gel control imperfeccions,15.4,15.99,2026-05-15 10:45:10
5382,c1423bc2-d050-4a93-8a6e-02ddf82513ee,CERAVE Crema netejadora escumosa,13.99,14.29,2026-05-15 10:45:11
5383,a986a2f8-148c-4843-940e-c8a5aebbf446,LA ROCHE POSAY Gel purificant micro-exfoliant Effaclar,18.49,19.25,2026-05-15 10:45:11
5384,19c85dbe-84a9-4107-9b47-cb1c745467dd,LA ROCHE POSAY Aigua micel·lar,17.95,18.89,2026-05-15 10:45:13
5385,92b6968d-a9f5-45fb-8f6c-5c455b7b263d,LA ROCHE POSAY Crema facial Toleriane Rosaliac AR  SPF30,26.25,28.45,2026-05-15 10:45:13
5386,6651204f-33de-4977-be05-c6083ddb6fe1,LA ROCHE POSAY Tractament unificant Duo+ Effaclar teinte light,21.69,22.69,2026-05-15 10:45:13
5387,49284ab1-adf2-4621-b60d-c4768bb94c7b,LA ROCHE TOLER. Crema hidratant reparadora,25.45,26.79,2026-05-15 10:45:13
5388,501087bd-1afc-4eb2-b2b6-00059542ed48,LA ROCHE POSAY Aigua micel.lar ultra,18.49,19.49,2026-05-15 10:45:14
5389,d664980b-36cd-453a-b52e-aca9c1625b8c,LA ROCHE POSAY Sèrum Effaclar ultraconcentrat,40.85,42.89,2026-05-15 10:45:14
5390,454f4ef2-6fa5-4bd5-80b4-dcd4b5ea585c,LA ROCHE POSAY Tractament anti-imperfeccions Effaclar duo FPS30,21.69,22.35,2026-05-15 10:45:14
5391,c3f84c5b-2ee2-46c7-854b-0cb5543427ff,CERAVE Crema netejadora hidratant,13.79,14.39,2026-05-15 10:45:15
5392,df1ebeaf-3d17-4ded-8b59-f20bfa6fc3c5,CERAVE Gel netejador facial escumós,14.49,14.95,2026-05-15 10:45:15
5393,57e51447-72a5-49c2-9f18-1b55a3bcc1a5,LA ROCHE POSAY Aigua micel·lar ultra per a pells sensibles,17.95,18.89,2026-05-15 10:45:15
5394,f618658b-768c-4c48-ac44-b29cf6d2d274,LA ROCHE POSAY Desmaquillant d'ulls,15.65,16.49,2026-05-15 10:45:15
5395,34c43969-7bd8-4e44-8be2-e835c6e1a149,LA ROCHE POSAY Sèrum facial Retinol B3,46.99,49.15,2026-05-15 10:45:15
5396,72891912-8909-4f10-a036-1a484cf5b909,LA ROCHE POSAY Crema netejadora Toleriane Anti-discomfort,24.25,25.26,2026-05-15 10:45:16
5397,3e2991c1-26de-4b4d-8088-cf4fb506db34,LA ROCHE POSAY Crema facial HylauB5 aquagel FPS30,43.49,45.69,2026-05-15 10:45:17
5398,19e2a0af-219c-4c87-92de-7ab6a710dd38,LA ROCHE POSAY Crema hidratant nit,25.45,26.79,2026-05-15 10:45:17
5399,3b20e83d-74d4-41c0-8a17-a62a9bc96384,CERAVE Contorn d'ulls crema reparadora,13.99,14.59,2026-05-15 10:45:18
5400,4563083e-31c2-46a8-a379-f54879578796,CERAVE Mousse netejador pell mixta,12.95,13.65,2026-05-15 10:45:18
5401,f2f6d5f2-fdcb-45c4-bc10-46ebaff77714,LA ROCHE POSAY Sèrum antiarrugues concentrat HyaluB5,47.49,49.49,2026-05-15 10:45:18
5402,c872c825-a4e7-443f-b114-5f5e02ff3e4f,CERAVE Oli netejador hidratant,18.65,18.9,2026-05-15 10:45:19
5403,bc4cfaed-49dd-413c-a8d8-86c3368e24ff,LA ROCHE POSAY Contorn d'ulls Toleriane dermallergo,23.85,25.19,2026-05-15 10:45:19
5404,8c062ba4-25e9-48d2-9193-6f592fb53832,LA ROCHE POSAY Gel calmant Toleriane Rosaliac AR,29.35,30.75,2026-05-15 10:45:19
5405,2b4040fa-a6f3-4c89-b1c7-de8dae878805,LA ROCHE POSAY Contorn d'ulls antiarrugues HyaluB5,32.99,34.45,2026-05-15 10:45:20
5406,209e916e-79c2-4445-aaff-a06b0c231524,LA ROCHE POSAY Loció calmant per pells sensibles,20.95,21.99,2026-05-15 10:45:20
5407,bfc18d51-7e40-47e6-9819-c363dbaadc0e,LA ROCHE POSAY Tractament antiarrugues HyaluB5,42.69,44.39,2026-05-15 10:45:20
5408,f301038e-5653-48dc-8b7d-f695c3d27557,CERAVE Crema de mans reparadora,5.39,5.65,2026-05-15 10:45:26
5409,ed57aaeb-f6c1-442c-b01c-a48388eeb1ad,CERAVE Crema de peus renovadora,10.69,11.19,2026-05-15 10:45:27
5410,d4047fff-a809-41fc-9305-6d26ae7554fe,LA ROCHE POSAY Crema de mans Cicaplast,9.9,10.75,2026-05-15 10:45:28
5411,ae2c5f71-5a4d-40be-93b4-e1db8705f43d,BONPREU Detergent líquid en càpsules 2 en 1 de 24 dosis,4.4,4.65,2026-05-15 10:45:52
5412,8f7d53d0-de97-41b1-9b8b-883b6bcc1fa1,BONPREU Perfumador líquid blau per a roba de 37 dosis,3.15,3.25,2026-05-15 10:45:52
5413,cff55161-fe6b-48c2-9d9f-95175255da40,BONPREU Perfumador líquid rosa per a la roba de 37 dosis,3.15,3.25,2026-05-15 10:45:52
5414,aa5bbd7f-b8ba-41c3-bf4a-6d82289166cb,BONPREU Detergent líquid universal de 50 dosis,5.65,5.85,2026-05-15 10:45:53
5415,41e4b158-3208-4ded-88e8-edc07853671b,BONPREU Netejador desgreixador  marsella,1.45,1.5,2026-05-15 10:45:58
5416,40324f5d-70cb-428d-9ccd-99b840f1a2b1,BONPREU Netejador anticalç,1.6,1.7,2026-05-15 10:45:59
5417,2c04a830-6f10-4a1a-8c0a-fe9aff743830,BONPREU Netejador de la llar Bioalcohol frescor pi,1.6,1.75,2026-05-15 10:46:00
5418,37a66771-ca3d-4822-93fc-57f06fba7c4b,BONPREU Netejador llar pH neutre,1.55,1.7,2026-05-15 10:46:00
5419,59cdb6ac-0cf7-44ec-9b78-f4ebc1e4ff18,BONPREU Baieta microfibra multiús,4.25,3.99,2026-05-15 10:46:03
5420,9d558311-92fc-437f-82a2-4a39b2a2d89a,LA ROCHE POSAY Bàlsam calmant ultrareparador Cicaplast B5,12.25,12.99,2026-05-15 10:48:36
5421,238bef98-e0ff-4838-a752-f15c5f48a01c,"FISIOCREM Pegat Active 7 x 9,5 cm",14.49,14.99,2026-05-15 10:48:37
5422,2a0f4859-7077-401a-b30d-6affef696f42,AQUILEA Complement alimentari per a la son Gummies,15.59,15.99,2026-05-15 10:48:42
5423,23c6ef6c-0d26-402b-905d-8732b7bac601,AQUILEA Magnesi en comprimits,5.35,6.19,2026-05-15 10:48:42
5424,996ac4f0-04ea-4498-80a6-e0295f8b0082,AQUILEA Melatonina,10.99,11.39,2026-05-15 10:48:42
5425,749dd21b-8d8c-49c1-aba0-a6b960e42790,AQUILEA Vitamines i minerals per a les defenses,15.99,13.95,2026-05-15 10:48:42
5426,0440adb6-1b95-4017-befe-b211399e2964,AQUILEA Complement alimentari EnRelax,7.75,7.99,2026-05-15 10:48:43
5427,f4474637-5e6b-4847-b6cb-7eb513158713,AQUILEA Complement alimentari per la son Forte,23.99,24.95,2026-05-15 10:48:43
5428,4280c956-cbe3-4a19-bac8-2be394ec966e,AQUILEA Complement masticable,11.75,12.35,2026-05-15 10:48:43
5429,8a1b3259-2eb6-4bb7-bfb6-2659a211c3e9,AQUILEA Comprimits bicapa,17.95,18.95,2026-05-15 10:48:43
5430,bf258e86-5b3a-482c-909a-d595e2e230a3,AQUILEA Magnesi i potassi en comprimits,7.39,8.49,2026-05-15 10:48:43
5431,48cb5601-7c80-4076-90aa-6c960888a61b,AQUILEA Xarop per a la tos,13.59,13.99,2026-05-15 10:48:43
5432,80fe1d96-235f-4507-92f0-7df3a2eb9d37,AQUILES Comprimits per al son,14.79,15.1,2026-05-15 10:48:43
5433,c722eadc-c571-4c93-84fc-2ae60906ead8,AQUILEA Complement alimentari Digest Total,11.95,12.59,2026-05-15 10:48:45
5434,a257b48a-73fe-4958-979b-6c3406c40cbf,AQUILEA Complement alimentari Enrelax Forte,12.99,12.75,2026-05-15 10:48:45
5435,d7a20158-21eb-44aa-8243-0a50491e16cc,AQUILEA Complement alimentari per a la circulació Omega-3,16.99,18.95,2026-05-15 10:48:45
5436,1db12a61-c921-44ef-abc7-5738f618238f,AQUILEA Complement alimentari per dormir,13.95,14.65,2026-05-15 10:48:45
5437,01b8e624-6a34-42f2-b472-56b1ae0d30ed,AQUILEA Complement per a gasos Gases forte,16.15,16.19,2026-05-15 10:48:45
5438,cfc03cc3-bc1b-473b-bbf4-1646251d1017,"AQUILEA Comprimits ""Cames lleugeres""",21.45,22.29,2026-05-15 10:48:45
5439,572745d1-7333-47a9-9403-a8e915aa0215,AQUILEA Magnesi en comprimits,18.29,18.3,2026-05-15 10:48:45
5440,c68cdb1a-cc35-4aa8-948c-feca9fdc7414,AQUILEA Mucus efervescents,11.75,13.25,2026-05-15 10:48:45
5441,68e0cf9b-03b0-4eef-8aea-803c6af1d8fb,AQUILEA Pròpolis,11.59,11.99,2026-05-15 10:48:45
5442,b7969cd8-68b9-4253-94c0-6c659c37bb7e,AQUILEA Comprimits per al son,14.95,14.3,2026-05-15 10:48:46
5443,71659f41-3133-434a-bdb8-cac267851e08,CISTITUS Complement alimentari per el benestar urinari,22.6,22.39,2026-05-15 10:48:46
5444,29479b73-33b3-4c5e-9827-6dcf9bc4fb09,CISTITUS NOX Complement alimentari per al benestar urinari,21.29,23.85,2026-05-15 10:48:46
5445,adf1ce29-8797-4115-988c-9bb10cf37042,FUCA Laxant natulivia,12.25,12.89,2026-05-15 10:48:46
5446,60e9634f-3bd0-4bc2-b378-6468a232265f,CERAVE Crema hidratant facial FPS 30,16.49,17.99,2026-05-15 10:48:54
5447,e1a53c12-0193-4777-934d-79c9093fc0f7,LA ROCHE-POSAY Fluit calmant intens pell sensible,25.45,26.79,2026-05-15 10:48:54
5448,6ce1dab8-35ac-4947-8d04-13a59aa95e2d,LA ROCHE-POSAY Tractament pells grasses,21.45,22.25,2026-05-15 10:48:56
5449,435651cb-cf1d-46f3-ba82-383a5d33544a,FISIOCREM Crema Cannabix CBC,15.49,16.49,2026-05-15 10:49:04
5450,a117d006-0dc4-4117-ac5a-da7594a1450f,HALIBUT Pomada regeneradora,9.25,9.85,2026-05-15 10:49:05
5451,9c722c69-9722-4b37-8ac1-25183c5f25f3,AQUILEA Col·lagen i magnesi,34.95,30.45,2026-05-15 10:49:10
5452,e16ebdb1-54fa-46f5-a1f7-5e9c6f3d0693,AQUILEA Magnesi més col·lagen en comprimits,7.99,9.45,2026-05-15 10:49:10
5453,0e265bac-c361-4559-9eef-4d496228ceb1,FISIOCREM Crema Gel Active,23.95,25.49,2026-05-15 10:49:10
5454,f5cc4086-052e-4eee-b1cd-dec9d0632368,FISIOCREM Esprai gel active,14.59,16.49,2026-05-15 10:49:10
5455,dd324886-8b8e-4417-85d6-5656b83704f3,FISIOCREM Gel de massatge muscular,36.95,38.15,2026-05-15 10:49:10
5456,8124dfa2-fd38-4127-8ed9-2b0b1665d5e5,FISIOCREM Gel per a massatge,11.49,11.75,2026-05-15 10:49:10
5457,243bc020-7a98-491d-868d-716ea52f3e92,FISIOCREM Crema Cannabis,38.9,39.89,2026-05-15 10:49:11
5458,003a19d0-0945-41bc-90bf-634c2b12dcc0,FISIOCREM Gel Forte per massatge,16.95,16.65,2026-05-15 10:49:11
5459,c64867d6-c239-4de2-b200-9d4a16c35314,INFISPORT Complement alimentari per a la recuperació post exercici,34.5,35.49,2026-05-15 10:49:11
5460,6f92a039-daf6-4d93-b880-535426f50d27,INFISPORT Proteïna Iso Pro-T gust a xocolata,58.95,61.49,2026-05-15 10:49:11
5461,3f44c6a6-3ab9-4e3b-807f-57095dd901e5,Síndria Fashion 1 u.,13.91,2.29,2026-05-16 09:53:59
5462,7dae93de-3803-487c-ac06-3feb5dc3a9d4,Alvocat 1 u.,1.51,1.43,2026-05-16 09:54:02
5463,48c87d35-7941-43d8-a530-a21ad7eede66,LA COLLITA Pera Ercolina en safata de 500 g,2.0,2.15,2026-05-16 09:54:02
5464,b6737966-e517-48fa-969c-3cee4ac33f55,Síndria sense llavors 1 u.,9.95,8.99,2026-05-16 09:54:04
5465,ea9caa61-e56b-49eb-b592-580a1f89b443,LA COLLITA Cireres Km0 en capsa d'1 Kg,10.99,9.99,2026-05-16 09:54:05
5466,2b41944a-c7ca-40a5-948b-b03b27921837,Meló sencer 1 u.,6.48,5.98,2026-05-16 09:54:05
5467,82ab89e8-2d98-4a47-af0d-91e170714279,Gamba rosada del Mediterrani,11.99,13.99,2026-05-16 09:54:36
5468,73876afe-e574-44e1-a003-6832024a7ce4,XANPA Netejador terres fragància llimona,1.89,1.99,2026-05-16 09:58:41
5469,245f2a14-3bf8-450a-8c48-61c1d37e03d1,XANPA Netejador terres fragància de pi,1.89,1.99,2026-05-16 09:58:42
5470,bda98f89-0633-49da-8dd9-2ece32d1f1a9,MONIX Set de 3 paelles,29.99,26.99,2026-05-16 09:59:13
5471,8124dfa2-fd38-4127-8ed9-2b0b1665d5e5,FISIOCREM Gel per a massatge,11.75,11.49,2026-05-16 10:01:53
5472,16f945f8-915f-4d62-af4d-5ecf68f5875d,PERAFITA Coca tova amb crema de xocolata Km0,9.95,10.49,2026-05-18 11:47:37
5473,789eeb51-fd34-49bd-8c8f-8b929abec7e1,PERAFITA Coca d'anís Km0,9.95,10.49,2026-05-18 11:47:38
5474,caa1d040-c950-4fd5-b69c-e91436085763,CUTTY SARK Whisky escocès,16.45,16.95,2026-05-18 11:49:14
5475,292cae7c-3295-4808-aa05-08a4154c6250,BONPREU Netejavidres ecològic,2.35,1.99,2026-05-18 11:51:30
5476,9052229e-42ce-48f7-9da8-fadd3a417454,SIMON Brida transparent,0.95,1.09,2026-05-18 11:51:59
5477,0ab45635-d9d7-4ace-a53a-de2b8f8b1560,SIMON Base mòbil 16A - 250V,2.95,3.39,2026-05-18 11:52:01
5478,de7d23e6-d925-48d1-88cd-39342b527624,SIMON Clavilla lateral 16A - 250V,2.75,2.99,2026-05-18 11:52:03
5479,d2eca576-1008-4928-a43f-e2db0b471335,SIMON Base múltiple 3 endolls,5.75,6.39,2026-05-18 11:52:24
5480,ee6a0a8b-0ba7-4a7c-9de6-51dde55ca13b,SIMON Prolongador,3.55,3.99,2026-05-18 11:52:25
5481,ede8d554-1b13-4ec1-ab4e-9b58df5b9cdb,SIMON Allargador de 2 metres blanc,6.95,7.69,2026-05-18 11:52:26
5482,d9741bab-3378-4b6a-b66e-98192a0a4265,SIMON BRICO Adaptador de 2 preses 16A 250V,3.75,3.99,2026-05-18 11:52:27
5483,2ec619ae-7ee4-432a-a0de-6da03fdc92c7,SIMON BRICO Allargador de 5 metres blanc,11.95,12.99,2026-05-18 11:52:32
5484,b33a0b96-554e-42e2-9919-0a7445ca8807,SIMON Cinta blanca aÏllant de 20 metres,1.55,1.89,2026-05-18 11:54:03
5485,1d67e04b-de38-4f51-a594-49b7daac029f,SIMON Adaptador triple lateral 16A,3.95,4.49,2026-05-18 11:54:04
5486,dc007575-1e33-467f-9b4a-345622acdf57,SIMON Base múltipe de color blanc 4 preses,6.25,6.99,2026-05-18 11:54:04
5487,a84f72d2-2807-467f-9f39-e3a0c517131d,SIMON Extensible de color pistatxo 4 metres,15.55,17.79,2026-05-18 11:54:04
5488,cfe4f504-0f0e-4b70-8338-b9b786fc860b,SIMON Programador diari mini,5.75,6.69,2026-05-18 11:54:04
5489,043aaa40-04ab-4081-95e3-3be1572de968,SIMON Adaptador enrotllable 16A+ 3USB,19.95,22.99,2026-05-18 11:54:05
5490,e9267f80-36ec-48e4-9c84-99db0fbc68df,SIMON Regleta Led hydra 5 W,33.95,39.99,2026-05-18 11:54:05
5491,28532d87-2e2f-42e2-96a5-5e9ed2065d44,"SIMON Base multiple 4 a/inter 1,4 m",14.95,16.99,2026-05-18 11:54:06
5492,2a6482c8-2b07-4770-bde9-02548185b9ff,SIMON Commutador,3.35,3.99,2026-05-18 11:54:06
5493,3f5ede6d-de49-460f-9760-e5baab664e27,SIMON Connector TV femella,1.15,1.29,2026-05-18 11:54:06
5494,75370699-dd19-4f9b-915d-e7b402716c57,SIMON Portalàmpades de termoplàstic blanc,1.95,2.29,2026-05-18 11:54:06
5495,82f85a1b-e1ba-45c4-b04f-3d72d0b8e0e7,SIMON Base d'endoll 10/16A 250V TT,3.25,3.99,2026-05-18 11:54:07
5496,aead9b0a-719f-4677-92fe-8e23c0e190e0,SIMON Brida transparent 4.8X180mm,1.35,1.69,2026-05-18 11:54:07
5497,9cf90a73-3448-4899-ac7b-6cea9b2cb65f,SIMON Base mobil de color negre 10A 250V,1.45,1.69,2026-05-18 11:54:08
5498,cf0ede3d-1022-4dbe-b867-9958970a7860,SIMON Base multiple 3P inalàmbrica,34.95,39.99,2026-05-18 11:54:08
5499,ecf708a8-69c9-46c9-aafe-3ee3cc1866bb,SIMON Connector TV mascle,0.85,1.09,2026-05-18 11:54:08
5500,2def1c9d-f1fa-4f11-a01e-f5eb5c541fff,SIMON Interruptor commutador per a exterior,4.95,5.59,2026-05-18 11:54:08
5501,2b3db43e-fae4-4376-84ed-0f5fd97729d2,SIMON Interruptor termoplàstic negre,2.65,2.99,2026-05-18 11:54:08
5502,9f4ef4e6-d6b9-4449-8123-ca0c39f816cc,SIMON Programador diari,6.75,7.69,2026-05-18 11:54:08
5503,9a7860a9-7fbd-4116-927c-524b7d00d3ed,SIMON Base múltiple 4 endolls amb 2 ports USB,18.95,19.99,2026-05-18 11:54:09
5504,eb7b8a94-fc1d-4892-8b53-a21857d9bbd6,SIMON Cable blanc allargador TV,2.65,2.99,2026-05-18 11:54:09
5505,fa88c675-a10c-4812-8456-621eebf032d6,SIMON Clavilla color negre 10A 250V,1.25,1.39,2026-05-18 11:54:09
5506,0db3d3c1-c733-4e88-8bf7-2b4cb26e645f,SIMON Clavilla frontal 16A-250V,2.25,2.59,2026-05-18 11:54:09
5507,d051a270-9879-4613-a9cd-d90be607b6f5,SIMON Llum extra amb endoll,13.95,15.99,2026-05-18 11:54:09
5508,648608be-a9e4-4659-8ee1-a0a5ff7b4b81,SIMON Interruptor termoplàstic blanc 2A,2.65,2.99,2026-05-18 11:54:10
5509,8cd2f4fc-d426-47e8-afaa-bf87ac7268f8,SIMON Adaptador 3T 10A - 250V,2.45,2.79,2026-05-18 11:54:11
5510,94596f16-9abc-4e82-b607-5ed832642baa,SIMON Base d'endoll,4.25,4.99,2026-05-18 11:54:11
5511,cb542a11-519e-432b-a57a-d8b5f25c4ed6,SIMON Base mobil de color blanc 10A 250V,1.95,2.19,2026-05-18 11:54:11
5512,ccbf0400-ee24-420a-9000-ae5e31963046,SIMON Clavilla color blanc 10A 250V,1.25,1.49,2026-05-18 11:54:11
5513,af2aaebb-c2ae-495a-98da-522619b7a018,SIMON Connector TV 1.5M BLNC/NGR,2.15,2.49,2026-05-18 11:54:11
5514,7833f178-bb42-4a0e-9987-2df98f281579,DUREX Preservatiu Mutual Climax,14.89,13.39,2026-05-18 11:54:45
5515,4ec026a7-c5e1-4744-b1bf-30aa46e98dd1,Coco 1 u.,1.65,3.0,2026-05-19 11:30:41
5516,7dd1518a-55a2-44e0-8f35-a9eace27d55e,Cogombre 1 u.,0.66,1.75,2026-05-19 11:30:41
5517,36792cc9-abef-4815-821a-feab4f317255,FUENCAMPO Ceba dolça 1 u.,0.83,2.75,2026-05-19 11:30:41
5518,15c2dc4e-cf1f-4733-9a5e-c7f588366b46,LA COLLITA Amanida variada,1.09,4.29,2026-05-19 11:30:41
5519,cb6b2b48-7c05-43f7-a87a-5dc6b8b5b4ba,LA COLLITA Espinacs Km0 en bossa de 350 g,2.19,1.99,2026-05-19 11:30:41
5520,2d9c9b56-716a-4a67-a4b4-0ce7bbcb6ed6,LA COLLITA Maduixot en terrina de 500 g,3.5,2.39,2026-05-19 11:30:41
5521,3b035405-d0d4-48a6-afb2-01338503ece7,Llima 1 u.,0.4,4.39,2026-05-19 11:30:41
5522,6a8f28c3-6901-4133-b2ca-51e1355abc8c,Tomàquet Monterosa 1 u.,1.48,3.99,2026-05-19 11:30:41
5523,f84eea7a-fe1b-46c4-ab8b-6bc705457989,LA COLLITA Alls secs en malla de 250 g,3.0,1.99,2026-05-19 11:30:42
5524,47ff51ee-b482-4513-9f2c-6bd3c5bb1acf,Pebrot dolç vermell 1 u.,2.69,0.97,2026-05-19 11:30:44
5525,9392b333-2687-49d5-b1e3-c010b373018a,Pruna vermella 1 u.,5.29,0.71,2026-05-19 11:30:45
5526,341d7c5f-c9db-458a-a4e9-b6c49f955b98,Tomàquet tipus Raf 1 u.,4.49,0.99,2026-05-19 11:30:48
5527,4a9434c0-a624-4cbb-9824-8b728f7e3851,BONPREU Botifarra catalana amb tòfona Bonpreu en talls de 150 grams,2.44,16.29,2026-05-19 11:30:50
5528,fc8bb936-e7f0-4dde-be5e-cf0ca14fc3b5,ARGAL Fuet & bread,1.39,1.69,2026-05-19 11:30:52
5529,60c7b00a-e1e5-4703-a82c-a1548d223072,ARGAL Pit d'indiot Oliving Gourmet Argal en talls de 150 grams,3.52,23.49,2026-05-19 11:30:52
5530,893d3003-5599-4b43-a1ab-2577ebea02c8,CAMPOFRÍO Pit d'indiot brasejat Campofrio en talls de 200 grams,3.8,18.99,2026-05-19 11:30:52
5531,d111e7d2-5c3e-4546-999a-3f3585a84e42,CARLIT Pa de fetge al forn Carlit en talls de 150 grams,2.25,14.99,2026-05-19 11:30:52
5532,54b4bf65-076d-4f76-a094-f1364f94ac8a,CASA CRUELLS Botifarra esparracada Casa Cruells en peça de 350 grams,5.58,15.95,2026-05-19 11:30:52
5533,a67b9c18-9223-4958-8011-d42ad25a1058,NAVIDUL Espatlla d'enceball ibèrica,7.5,7.95,2026-05-19 11:30:52
5534,4dab225c-f0bb-46fb-b06c-9882491627b0,NAVIDUL Pernil serrano reserva Navidul en talls de 150 g,5.05,33.69,2026-05-19 11:30:52
5535,208d0bb0-2359-4cdc-9708-5957eea6b0cc,SALGOT Somaia Salgot en peça de 200 grams,6.0,29.99,2026-05-19 11:30:52
5536,78a3bb0f-1b43-42c2-a7e9-1257f2396d03,CASA CRUELLS Botifarra negra Casa Cruells en peça de 350 grams,14.85,5.2,2026-05-19 11:30:54
5537,adab5557-66fe-4e2a-a5d8-7f451d2633b8,ARGAL Pernil cuit Bonnatur,15.75,3.15,2026-05-19 11:30:57
5538,612e6516-16e5-4629-ad2c-b53a05b65146,ALEJANDRO Xoriço Alejando en talls de 100 grams,25.95,2.6,2026-05-19 11:30:59
5539,1cd951c3-5514-466a-add0-b03fe2cb8889,LA SELVA Llom curat amb pebre La Selva en talls de 100 grams,29.95,3.0,2026-05-19 11:30:59
5540,f8a008a4-f928-41b3-99c5-f8558b8e1736,CAMPOFRIO Pernil cuit extra Campofrio en talls de 200 grams,14.99,3.0,2026-05-19 11:31:00
5541,700585f0-e411-4d8c-b7c7-d2a32bc59a4f,LA SELVA Xop de porc a la llauna La Selva en talls de 150 grams,11.49,1.72,2026-05-19 11:31:00
5542,a69671af-48e3-41ae-a8ad-0af5138a0a38,REVILLA Xoriço tradició extra Revilla en talls de 100 grams,16.99,1.7,2026-05-19 11:31:00
5543,5780a342-5c67-4b48-997c-fa64428d6e6e,BONPREU Formatge fos a porcions per untar,1.59,3.0,2026-05-19 11:31:03
5544,f6e0d335-c33e-4c28-bd11-3ba19c84c262,BONPREU Formatge porcions light,1.59,3.0,2026-05-19 11:31:03
5545,bffe7d87-f22d-46b3-a17e-c545c6df071b,BERGADER Formatge blau alemany al tall,2.54,16.95,2026-05-19 11:31:04
5546,1f892d21-a1d9-477a-bece-9cf86a68b94b,BONPREU Formatge de cabra rotlle al tall en tros,3.2,15.99,2026-05-19 11:31:04
5547,ebbba5a1-eb84-41a3-a6b9-b0c23fd06554,BONPREU Formatge fresc de cabra i vaca al tall,3.0,9.99,2026-05-19 11:31:04
5548,a0f85777-5094-4f7f-99da-198bbacd186f,CADÍ Formatge madurat light al tall llescat,1.87,12.49,2026-05-19 11:31:04
5549,11f703ba-2de7-4c1e-b8f6-1df6fc78b9ad,EL GALAN Formatge manxec DOP al tall en porció,5.49,24.95,2026-05-19 11:31:04
5550,ef946e3c-29a7-440b-b189-a9b60543977c,EL PASTOR Formatge de cabra semicurat Delícies al tall en porció,7.92,26.39,2026-05-19 11:31:04
5551,f33d8ab9-f954-4aa6-9019-748461f06afb,EL VENTERO Formatge tendre al tall llescat,3.6,17.99,2026-05-19 11:31:04
5552,83ea1c1f-f133-4726-9302-9ccfcce5da99,GARCIA BAQUERO Formatge de barreja curat La Cava Artes al tall en porció,7.91,22.6,2026-05-19 11:31:04
5553,647086ed-d182-4aae-8f5f-c9ddfa046669,GARCíA BAQUERO Formatge curat al tall en porció,17.9,2.69,2026-05-19 11:31:04
5554,90e7192d-987f-4011-a988-d20204ba67ef,GRAN CAPITAN Formatge curat gras d'ovella i vaca al tall en porció,8.19,23.4,2026-05-19 11:31:04
5555,41711d34-70e4-4e9c-8d56-e88f28cb546b,LEONARDI Formatge gorgonzola servit en terrina,19.39,4.36,2026-05-19 11:31:04
5556,1f5c0512-e301-4962-8f57-c419fbd561ef,POK Formatge d'ovella anyenc al tall en porció,6.13,24.5,2026-05-19 11:31:04
5557,bf0823b2-0c5b-4134-ac24-f3de5193b25b,ARLA Formatge havarti al tall llescat,14.95,5.23,2026-05-19 11:31:08
5558,ea47f024-7420-4d79-a242-737a2f1f31db,BOFFARD Formatge vell d'ovella reserva al tall en porció,28.5,6.57,2026-05-19 11:31:08
5559,ff97eab3-6371-4636-90c9-82632350939c,OLD AMSTERDAM Formatge de vaca al tall en porció,21.89,3.28,2026-05-19 11:31:08
5560,7cce0e0b-5041-4667-9071-22b977d2deac,CADÍ Formatge Urgèlia DOP Alt Urgell-Cerdanya al tall en porció,17.79,4.45,2026-05-19 11:31:11
5561,7c34e45e-f68f-410d-a12b-f54ebc470033,CAMBOZOLA Formatge blau Champignon al tall,23.99,4.8,2026-05-19 11:31:12
5562,684b4665-0683-4924-bfe3-79d3e64fa106,SOMBRERO DE COPA Formatge maasdam al tall en porció,13.39,5.36,2026-05-19 11:31:12
5563,59fa088c-2ff3-4136-bdb5-ff0d7229674f,FLOR DE ESGUEVA Formatge d'ovella sec al tall en porció,28.35,5.67,2026-05-19 11:31:13
5564,6a961533-7052-49e5-be2e-fa3af6ae9ac6,RONKARI Formatge d'ovella DOP al tall en porció,27.59,4.14,2026-05-19 11:31:13
5565,ec122f18-cd9e-4eef-8d6d-a2b03605f797,BONPREU Blanqueta de pollastre,3.13,6.25,2026-05-19 11:31:15
5566,c922c919-74d1-4500-894d-6a731ce269eb,BONPREU DE L'ERA Bistec 1ªA de vedella,4.95,24.75,2026-05-19 11:31:15
5567,eb08dcd5-f5c4-4ba6-9d6c-ec5ec825d36f,BONPREU DE L'ERA Conill sencer d'ulls negres,14.74,12.49,2026-05-19 11:31:15
5568,bc1ea11b-55cd-4259-bb14-b91e0065248e,BONPREU Espatlles de conill,6.97,19.9,2026-05-19 11:31:15
5569,74feb3a1-baee-4ca0-a704-9a33c37c36f4,BONPREU Llom de porc extra fi,4.93,9.85,2026-05-19 11:31:15
5570,a0581813-38c7-4773-acc5-2db180f34de2,BONPREU Llom tallat extra fi,3.08,10.25,2026-05-19 11:31:15
5571,78fc6799-7c3c-43ab-a06a-02b0578816e8,Llom arrebossat amb formatge i pernil,2.08,15.99,2026-05-19 11:31:15
5572,91bc9cb9-ea5b-4af6-8cad-7ebf8f816dc2,BONPREU Broqueta de pollastre adobada groga,5.39,5.49,2026-05-19 11:31:16
5573,b449a248-69df-440d-9ef1-512dbecefd97,BONPREU DE L'ERA Entrecot de vedella sense os,33.75,9.11,2026-05-19 11:31:16
5574,4d406546-7a77-4416-9ca4-be28cdb9515b,BONPREU Filet de vedella sencer,47.99,46.99,2026-05-19 11:31:16
5575,37482fde-fe21-49d9-87d8-4a23774cf92f,BONPREU Carn magra del coll,8.85,3.98,2026-05-19 11:31:18
5576,6786f455-de14-4503-854f-55b78e3be6bf,BONPREU Aletes de pollastre adobades,2.35,2.39,2026-05-19 11:31:20
5577,f41af6f8-15a1-4246-9ebb-b44213af5989,BONPREU Broqueta d'indiot,5.35,5.49,2026-05-19 11:31:20
5578,9e6b1c39-eddf-46c3-bb31-2c48d8e2f835,BONPREU Broqueta de porc adobada vermella,4.99,5.2,2026-05-19 11:31:20
5579,b7511c17-dde0-4f80-8093-c56b1dfb998d,BONPREU Galta de porc tallada amb os,11.69,7.6,2026-05-19 11:31:21
5580,f1f34664-71b1-4772-8589-c6dc70dd175c,BON PREU Ales de pollastre adobades,8.25,3.14,2026-05-19 11:31:23
5581,63b15f44-6c80-4ed4-91a8-7ff6c038d74b,BONPREU Broqueta de pollastre adobada amb tomàquet,4.59,4.75,2026-05-19 11:31:24
5582,6d46e052-a9e2-4910-88f3-7db012a7cb5a,BONPREU Filet de vedella sencer,58.79,54.59,2026-05-19 11:31:24
5583,2ece3e6f-498c-4401-81af-0230e39f2a29,BONPREU Xai del país,26.49,22.52,2026-05-19 11:31:24
5584,da03084b-a8d7-453b-9a55-35a0423e6fb4,AGUINAMAR Cues de llagostins a l'allet,7.99,2.99,2026-05-19 11:31:27
5585,ffd0d76d-10d5-44cf-b265-4d0c2cdd96a9,Anella de Canana gegant,2.5,9.99,2026-05-19 11:31:27
5586,8552ee01-39f6-47e9-a8e8-80b22e1014e3,Bacallà esqueixat salat,6.25,24.99,2026-05-19 11:31:27
5587,aa84214a-46ad-43f5-8f2f-730959eb233e,Gamba Llagostinera gran,4.5,17.99,2026-05-19 11:31:27
5588,1473431d-29c8-4e34-96af-e1a42ab79ac1,KRISSIA Surimi fresc en barretes,7.99,2.99,2026-05-19 11:31:27
5589,cd1dbe3a-c8d0-4045-b08c-e0dbf257c5ec,Salmó superior sencer,34.98,13.99,2026-05-19 11:31:27
5590,1e464f91-cb21-485a-90ed-b937c263cc4f,Llom super,23.99,8.4,2026-05-19 11:31:28
5591,1c3d45a2-85d8-4c59-91fe-8531f1202686,AGUINAMAR Amanida Pintxo a la Donostiarra,7.99,2.99,2026-05-19 11:31:29
5592,38bdcace-6223-45dd-841a-e62ce2ffb5e8,Filet de Gallineta Oceànica,14.99,1.87,2026-05-19 11:31:29
5593,dc1576e2-29fe-4f13-b198-c2ec4629cfda,Preparat tonyina Aleta Groga aromatitza.,5.79,5.99,2026-05-19 11:31:29
5594,b0a34367-d6db-4239-9855-7f49ec205a7d,ROYAL Taquets de salmó fumat,4.39,4.99,2026-05-19 11:31:29
5595,b6a1403d-e197-4cb8-bf54-3db83f317bb2,Rap sencer,13.99,11.99,2026-05-19 11:31:30
5596,bda196fe-8cdb-4aa3-ae5e-05ef2a8ac5d8,Seitó (costa),1.2,1.4,2026-05-19 11:31:30
5597,baeac763-a587-46f6-9acf-2ae52fcfc7f5,Cua de Lluç (unitat).,11.99,10.99,2026-05-19 11:31:31
5598,fe6d8148-dbb2-43c5-b527-f084f8834517,Croissant bikini,0.32,15.9,2026-05-19 11:31:32
5599,1026bf81-ef5d-4085-bacf-46bfce505f03,Croissant mini,0.32,15.9,2026-05-19 11:31:32
5600,0f78e647-72f0-4b4d-85df-39dbcb035b06,Mini croissant amb xocolata,0.4,15.9,2026-05-19 11:31:32
5601,7375e7fe-53aa-4937-ad8c-351c65ec27d3,Mini croissant amb xocolata blanca,0.46,15.9,2026-05-19 11:31:32
5602,e69e6119-3224-4336-99f3-30332fc2f57c,TERRA I TAST Delícies de pollastre nuggets,3.5,2.99,2026-05-19 11:31:42
5603,9dc1506b-39ce-409e-b182-884a8a9ff344,NOEL Pollastre estil rostidor,10.95,8.95,2026-05-19 11:31:44
5604,0228960a-47dc-4021-8d16-7fcd66017611,TERRA I TAST Ensalada russa,10.95,4.95,2026-05-19 11:31:44
5605,3e26644d-4153-4ae9-b996-d6893816c91c,TERRA I TAST Macarrons a la bolonyesa,10.95,4.59,2026-05-19 11:31:45
5606,0031d404-a78c-4f52-8878-c3bb9d223f77,PRIORDEI Oli d'oliva verge extra Vincles,47.99,3.35,2026-05-19 11:31:55
5607,c92a69f7-aefa-4e38-8c32-ba02b5197a11,LAY'S Patates fregides Mediterrànies,9.95,1.99,2026-05-19 11:32:03
5608,866bac0a-4ec3-4c6e-828d-97db7f0a5c6c,LLUENA Nous crues,2.75,2.65,2026-05-19 11:32:03
5609,2b9d9987-9deb-4dbd-a2ec-a2d9863d41e2,BIRBA Galetes salades amb olives,2.99,3.49,2026-05-19 11:32:06
5610,14ec9bef-97fa-4044-b944-1fb437a34784,BIRBA Galetes salades de formatge,2.99,3.49,2026-05-19 11:32:06
5611,9ae26a37-d51a-4d53-8f91-342469c5522d,PLESH Boles d'ametlla i xocolata amb llet,3.0,1.79,2026-05-19 11:32:10
5612,ac7514f6-a3b5-479d-9ee3-0c42aca2fd20,CHIPS AHOY Galetes mini amb xocolata,1.99,1.95,2026-05-19 11:32:24
5613,60c649b1-d1fa-4c2b-82a0-b37364c37538,KÖLLN Cereals de civada cruixent,5.95,4.25,2026-05-19 11:32:24
5614,2e515c76-7ee8-48c7-969c-4f618ddef0ae,OREO Galetes mini de cacau farcides de crema,1.99,1.95,2026-05-19 11:32:24
5615,c07e31e2-acbb-4b20-bc75-f970b736a424,PRÍNCIPE Galetes mini farcides de crema de xocolata,1.99,1.95,2026-05-19 11:32:24
5616,95a988c5-3d52-48e0-bc84-f83b675d2a79,PLESH Barreta de xocolata amb llet i caramel,3.0,1.79,2026-05-19 11:32:31
5617,38560446-5e56-4104-9458-ef5e2c6a06b0,LINDT EXCELLENCE Xocolata negra 85%,5.95,5.49,2026-05-19 11:32:32
5618,07775fe2-a1eb-4096-8608-37961aa2a6d4,BONPREU Bastonets de pa amb oli d'oliva sense gluten,1.42,1.33,2026-05-19 11:32:42
5619,aadf5f93-96ed-4ca4-97fd-2c9654c3ca3e,PASQUIER Brioixos petits,2.75,2.65,2026-05-19 11:32:42
5620,c6eb5f0d-04ec-4690-8e09-331efd0e9bbc,ZORZI Bastonets pa de vidre,1.49,7.95,2026-05-19 11:32:42
5621,583c8d77-c0d5-4ab1-a521-bfaf5978e66a,SNATT'S Bastonets de pa minis amb pipes,2.65,2.75,2026-05-19 11:32:43
5622,be11683a-ac0f-443a-a538-cbaefa0362f5,BONPREU Biscotes mini,7.99,0.75,2026-05-19 11:32:45
5623,743e582c-5eda-4a0a-a96d-41afe58230f1,BARILLA Macarrons Nº73,4.84,1.69,2026-05-19 11:32:52
5624,1553f184-cfa0-40c9-b2f5-5106a7309c61,BONPREU Espirals amb vegetals,0.79,2.59,2026-05-19 11:32:52
5625,441e95fc-3148-4e19-8f0d-619fda64b8bb,SERPIS Olives farcides d'anxova,2.59,10.95,2026-05-19 11:33:02
5626,3a3de52b-1339-40a1-af61-2bcdb4e99de4,CALVO Tonyina clara en oli de gira-sol,3.5,10.95,2026-05-19 11:33:03
5627,52cff3ca-35d0-486f-962b-16ec41bdc897,BONPREU Patates cuites de primera,4.99,1.99,2026-05-19 11:33:05
5628,45fed4a0-c37f-4b03-b819-691023b59c17,BONPREU Rodanxes de pinya amb el seu suc,2.5,2.49,2026-05-19 11:33:06
5629,62898cde-dc79-403a-b531-fade451c9ac5,DANI Cloïsses blanques del Nord al natural,9.95,2.99,2026-05-19 11:33:06
5630,60671475-bbc0-4c9b-a554-9733693e6398,ISABEL Musclos en escabetx petits,9.95,3.99,2026-05-19 11:33:06
5631,1ad5b056-6673-42a8-b3bc-1a4d08706a34,MAGGI Fideus orientals Noodles Classic Fusian,1.95,1.99,2026-05-19 11:33:08
5632,3c410129-405e-476d-81e4-b392485d8882,ANDROS Postres de poma,3.1,2.79,2026-05-19 11:33:17
5633,02b65dea-12dc-42cb-92ce-e3e29cb7117e,HEINZ Maionesa,2.99,4.0,2026-05-19 11:33:24
5634,7b8cabf5-5ed5-44dc-9f49-7e827b1e544c,HEINZ Quètxup,2.99,4.0,2026-05-19 11:33:25
5635,5a9cc1f5-281e-4f4c-8478-011eb0e639b7,CHOVI Allioli en morter,4.59,0.85,2026-05-19 11:33:26
5636,f756c7a1-bc04-4214-9478-e81de52c4ebe,AQUILEA Magnesi i potassi,12.95,11.95,2026-05-19 11:33:36
5637,68f39567-510c-4cd4-aa6e-9d55f4940580,BICENTURY Coquetes de llenties al punt de sal,5.95,2.29,2026-05-19 11:33:36
5638,d1d53c34-8c3c-4db4-bebb-372a6137f417,FINI Con de caramels de goma,1.41,1.25,2026-05-19 11:33:42
5639,d76d9af9-9e89-4c9d-9146-b663e53ff3dc,COCA-COLA Refresc de cola sabor original en ampolla,4.84,14.49,2026-05-19 11:33:50
5640,115b31a5-bc36-481e-8661-e3baf265799f,SCHWEPPES Refresc tònica Zero en ampolla,2.05,14.49,2026-05-19 11:33:50
5641,0ec3104b-abbe-4c35-ace0-97b52c5fdd65,SCHWEPPES Refresc tònica en ampolla,2.05,14.49,2026-05-19 11:33:50
5642,f65ceabf-d27d-4043-864b-1040d68d0f56,SCHWEPPES Refresc tònica Pink Zero en ampolla,2.05,14.49,2026-05-19 11:33:51
5643,75c2ef4e-c7cf-4652-99f4-52dc613e3614,VITAE Te Kombutxa de llimona i gingebre Km0,4.79,4.93,2026-05-19 11:33:53
5644,984add71-0975-42db-8ade-427483dbf16f,COCA-COLA Refresc de cola Zero sucre llima en ampolla,1.0,1.55,2026-05-19 11:33:54
5645,37b10bf4-ee35-42a8-a0fc-a1613ed045c9,VITAE Te kombutxa de fruits del bosc amb açaí Km0 en ampolla,4.79,4.93,2026-05-19 11:33:54
5646,25787fbf-0c4b-4efc-99ac-4d2a8db1728b,"TANQUERAY Beguda amb gust a ginebra alcohol 0,0%",13.95,16.49,2026-05-19 11:33:57
5647,53e45a4d-392c-4e34-b585-2c39dacff7e0,INNOCENT Smoothie super defensa exòtica,3.99,2.99,2026-05-19 11:33:58
5648,8b8bb1e1-b61b-4be4-a776-e93fe9a4ec18,BONPREU Beguda de suc de pinya 0% sucres afegits,1.1,0.95,2026-05-19 11:33:59
5649,ec158731-e371-4c0b-9751-10d16fcfda42,BIFRUTAS Beguda llet i fruites Mediterrani en cartró,2.52,2.59,2026-05-19 11:34:00
5650,45f1ff4f-5927-4c7c-a80f-3e064e56f9fa,ESTRELLA DAMM Cervesa especial 12 x 25 cl en ampolla,8.28,10.95,2026-05-19 11:34:03
5651,52003a24-379a-4260-aeef-fd3d7498579f,ESTRELLA GALICIA Cervesa especial 6 x 20 cl en ampolla,7.95,3.84,2026-05-19 11:34:03
5652,dec67622-2654-4ef9-b7a8-bc851618efa3,TURIA Cervesa torrada,4.05,10.95,2026-05-19 11:34:03
5653,6e4f1d9b-f4e6-4df0-9ed2-33cf1931e848,XIBECA Cervesa suau 12 x 33 cl en llauna,8.11,7.99,2026-05-19 11:34:03
5654,f8c61862-392f-4f33-b5b3-03761e4ba4a2,VOLL DAMM Cervesa doble malta 6x25 cl ampolla,5.32,5.52,2026-05-19 11:34:04
5655,421abcf7-7183-493f-b08e-37ebc3f8d4e4,DESPERADOS Cervesa mojito amb llima en ampolla,1.33,1.36,2026-05-19 11:34:05
5656,42622593-4e80-4f64-a54a-a6a15b9ca205,DESPERADOS Cervesa mojito en ampolla,1.33,1.36,2026-05-19 11:34:05
5657,f772628f-4375-415e-a8d1-35f47145d5ad,ALBALI Caixa de vi negre Valdepeñas criança,17.94,16.74,2026-05-19 11:34:09
5658,4e70f704-c494-44f7-9b79-083e9d0eef4a,BUSCA-RAONS Caixa vi negre DO Costers del Segre,24.71,32.94,2026-05-19 11:34:09
5659,8dda0c87-224b-49fe-9d1c-f26fa6926895,CABRÓ Caixa vi negre selecció DO Catalunya ecològic Km0,31.74,23.81,2026-05-19 11:34:09
5660,7c8725a5-0a53-47e9-88f2-65c46bac9ded,CABRÓ Vi blanc DO Catalunya Km0,9.99,5.29,2026-05-19 11:34:09
5661,267e317b-6cb0-4372-9c8f-1abcb6c1d1f9,CABRÓ Vi negre selecció DO Catalunya Km0,9.99,5.29,2026-05-19 11:34:09
5662,e3a059bb-9249-4282-a911-ad41a7c81e82,CUNE Caixa vi negre DOQ Rioja criança,43.5,41.7,2026-05-19 11:34:09
5663,67884d54-7ad5-4f15-a623-4fa008077806,GOTIM BRU Caixa de vi negre DO Costers del Segre km0,53.94,57.54,2026-05-19 11:34:09
5664,faf80405-abcf-4043-a08b-014051653791,MASIA FREYE Caixa de vi blanc DO Penedès ecològic Km0,36.86,49.14,2026-05-19 11:34:09
5665,fcf139ed-5a69-4d42-915c-84334b33dcb3,NOSTRAT Caixa de vi negre DO Penedès ecològic Km0,31.28,41.7,2026-05-19 11:34:09
5666,ceb0a4ae-b751-4d45-996a-4bb7104d815c,RAIMAT ABADIA Caixa de vi negre ecològic  DO Costers del Segre Km0,37.13,49.5,2026-05-19 11:34:09
5667,843783bb-bcc7-4680-a84c-1064ca2e81f4,RAIMAT CLAMOR Caixa de vi negre ecològic DO Costers del Segre Km0,41.7,27.11,2026-05-19 11:34:09
5668,234f715b-5e52-411f-a85f-a4d4a4446ba2,TERRA CÀLIDA Vi blanc DO Catalunya Km0,4.99,8.99,2026-05-19 11:34:09
5669,5dcfcd43-710a-4e4f-b1b5-2dff37273d13,TERRA CÀLIDA Vi negre Catalunya Km0,4.99,8.99,2026-05-19 11:34:09
5670,064a7955-4820-4b37-9a64-f8d4892d8ffa,TINES DE ROQUETA Vi negre Cabernet DO Catalunya,5.99,7.95,2026-05-19 11:34:09
5671,4eb601e9-7189-40c2-944c-339df787ba36,VINYA ALBALI Caixa de vi negre DO Valdepeñas,23.34,20.94,2026-05-19 11:34:09
5672,de45fc49-19ad-4420-abe1-2e64174bdfd3,ÈTIM Caixa de vi negre DO Montsant criança Km0,35.78,47.7,2026-05-19 11:34:09
5673,a9602da9-34d7-4ebf-8a4a-4e2781706ec6,CABRÓ Caixa vi blanc DO Catalunya Km0,31.74,23.81,2026-05-19 11:34:10
5674,f442569e-07a3-43e6-94ca-647173d971d6,CASTELL DE RAIMAT Vi blanc eco DO Costers del Segre Km0,37.13,49.5,2026-05-19 11:34:10
5675,9c184013-f7e3-4611-9507-1b1c5c581e4d,COMPTA OVELLES Caixa de vi negre DO Penedès ecològic  Km0,26.96,35.94,2026-05-19 11:34:10
5676,80712600-5997-46bd-81e4-069731044644,CREVETA Caixa de vi negre DO Terra Alta Km0,20.1,15.08,2026-05-19 11:34:10
5677,f571a152-be7c-4588-88d3-38c0b6afd0cc,EDERRA Caixa de vi negre DO Rioja criança,35.94,47.7,2026-05-19 11:34:10
5678,921496a7-2acb-4dab-9f92-448c5944a6e8,LA PICOSSA Caixa de vi blanc DO Terra Alta Km0,35.96,47.94,2026-05-19 11:34:10
5679,ea3dc87f-beb2-470a-bbb6-82fa735706b7,LA PICOSSA Caixa de vi negre DO Terra Alta Km0,35.96,47.94,2026-05-19 11:34:10
5680,fc01a236-da9e-4c0f-90dd-149317ce3427,MASIA FREYE Caixa de vi negre DO Penedès ecològic Km0,36.86,49.14,2026-05-19 11:34:10
5681,adfa9f25-f4df-48b1-8838-b6374d161512,MONTBLANC Caixa de vi blanc DO Conca de Barberà Km0,20.21,26.94,2026-05-19 11:34:10
5682,95b6d4af-b6be-4ca1-a8d3-457f7c93f380,MONTBLANC Caixa de vi negre DO Conca de Barberà Km0,20.21,26.94,2026-05-19 11:34:10
5683,bd0eda0c-9329-43b0-9b75-fadb18ad9e94,NITS DE BOIRA Caixa vi negre DO Catalunya Km0 ecològic,23.94,17.96,2026-05-19 11:34:10
5684,ef796dc8-0dca-47e3-8080-38579b5f5a71,NOSTRAT Caixa de vi blanc Do Penedès ecològic Km0,31.28,41.7,2026-05-19 11:34:10
5685,199049ab-8d65-47ea-b521-dbcfe368a5f3,RAIG DE RAÏM Vi negre DO Terra Alta Km0,31.46,41.94,2026-05-19 11:34:10
5686,577e3d55-5064-43f0-a1fe-129b90b5b055,RAIMAT CLAMOR Caixa de vi blanc ecològic Costers del Segre Km0,41.7,27.11,2026-05-19 11:34:10
5687,fcb73ee9-1b42-4646-a44c-6117f186f6b7,TAL COM RAJA Caixa de vi blanc DO Terra Alta Km0,31.28,41.7,2026-05-19 11:34:10
5688,73ea5455-4650-432f-a9e0-6ba3c259702f,TAL COM RAJA Caixa de vi negre DO Terra Alta Km0,31.28,41.7,2026-05-19 11:34:10
5689,37390059-711e-4f9d-abca-083f42e49074,TINES DE ROQUETA Caixa de vi blanc Garnatxa Blanca DO Catalunya Km0,26.96,35.94,2026-05-19 11:34:10
5690,0a0fa0bc-9c63-4e17-bbb4-00cd6d62e6a8,TINES DE ROQUETA Caixa de vi negre Cabernet DO Catalunya Km0,26.96,35.94,2026-05-19 11:34:10
5691,d897a12f-99ce-4d6e-8dcb-88922b4f472d,TINES DE ROQUETA Caixa de vi negre DO Catalunya Km0,26.96,35.94,2026-05-19 11:34:10
5692,6cefe56c-3807-4e91-8a10-9afa15d33e3f,COMPTA OVELLES Caixa de vi blanc Do Penedès ecològic Km0,26.96,35.94,2026-05-19 11:34:11
5693,0bb41171-0204-401d-858c-0c4e73a895f1,CREVETA Caixa de vi blanc DO Terra Alta,20.1,15.08,2026-05-19 11:34:11
5694,d70d29ad-6719-4831-8bbc-810cbec086a6,ERMITA D'ESPIELLS Caixa de vi blanc Penedès ecològic Km0,53.34,58.74,2026-05-19 11:34:11
5695,55b6b151-1277-44d6-af52-39c963c414a5,FAUSTINO RIVERA Caixa de vi negre DO Rioja,22.14,24.9,2026-05-19 11:34:11
5696,42a093bd-69dd-465c-b129-0ef736e9dad7,LA BOSCANA Caixa de vi negre DO Costers del Segre Km0,35.78,47.7,2026-05-19 11:34:11
5697,8aa80639-6f33-4689-a3bd-27c6e342791c,REYNAL Caixa 6u. vi rosat Frizzante,26.94,20.21,2026-05-19 11:34:11
5698,eedd3cb2-ddfc-4f47-be62-ee785b033ade,TERRA CÀLIDA Caixa de vi rosat DO Catalunya Km0,29.94,19.46,2026-05-19 11:34:11
5699,fdbc5e23-673a-4806-b254-732472acb495,TINES DE ROQUETA Caixa de vi blanc DO Catalunya Km0,26.96,35.94,2026-05-19 11:34:11
5700,af34238b-7118-401b-b051-356ef578ce40,TINES DE ROQUETA Caixa de vi negre Tempranillo DO Catalunya Km0,26.96,35.94,2026-05-19 11:34:11
5701,37d34417-2c40-4d1f-9e40-399fe9c85233,VIA TERRA Caixa de vi blanc DO Terra Alta,35.78,47.7,2026-05-19 11:34:11
5702,6deb0c0f-4c9e-4a47-8e6c-7e0df85cc6d1,BLUME Caixa 6u. vi blanc DO Rueda,23.94,33.9,2026-05-19 11:34:12
5703,00fb0470-a755-48ad-85d1-d52eae2edff0,BUSCA RAONS Caixa de vi rosat DO Costers del Segre Km0,24.71,32.94,2026-05-19 11:34:12
5704,6c4d8d79-474a-497f-80cc-e8a58de04353,EMENDIS FLOS Vi blanc DO Penedès ecològic  Km0,35.51,47.34,2026-05-19 11:34:12
5705,848e2bdb-a160-4ea7-9589-55b5a7265445,GOTIM Caixa de vi blanc DO Costers del Segre Km0,41.94,45.3,2026-05-19 11:34:12
5706,651a1c7d-482d-47f1-b0b7-431aa3bd963b,LEGARIS Caixa vi negre DO Ribera del Duero,53.7,41.94,2026-05-19 11:34:12
5707,6ab215bc-7115-46bb-a9ea-6c5f1cfe81c8,SCALA DEI Caixa  vi negre DOQ Priorat,67.28,89.7,2026-05-19 11:34:12
5708,56641330-3db3-4357-831c-c54a588dd4a8,CURIOS Caixa de vi blanc ecològic DO Penedès Km0,56.94,42.71,2026-05-19 11:34:13
5709,c6056cba-4cd3-4e52-8ac3-83d0965da54e,EL XITXAREL·LO Caixa de vi blanc Do Penedès Km0,59.7,44.78,2026-05-19 11:34:13
5710,64781441-5bf3-4078-82c7-3732a2a1697b,MARQUÉS DE CÁCERES Caixa 6u. vi negre reserva DO Rioja,65.7,73.5,2026-05-19 11:34:13
5711,86412dab-98f3-421f-8163-5225fceba5e3,MASIA FREYÉ Caixa de vi rosat DO Penedès ecològic Km0,36.86,49.14,2026-05-19 11:34:13
5712,9f2c49e8-504e-4e3e-9863-0aec31b9117c,RAIMAT Caixa de vi rosat ecològic DO Costers del Segre Km0,37.13,49.5,2026-05-19 11:34:13
5713,97eafce5-7257-4ed9-b6ac-5a53d30b8f41,TERRA ENDINS Caixa de vi negre ecològic DO Catalunya,22.46,29.94,2026-05-19 11:34:13
5714,e8c8e196-876b-480a-8f2f-69c70e55443f,VALDESPINO Capsa 6u. vi sec Jerez,44.94,38.94,2026-05-19 11:34:13
5715,5da1aa81-0569-4de4-a86f-f9f3d37ec9bc,822 Caixa 6u. vi negre Do Ribera del Duero,70.5,64.5,2026-05-19 11:34:14
5716,e9780f65-a4c2-43fd-8d58-437706e713db,ALADELTA Caixa vi negre vi lliure,35.7,26.78,2026-05-19 11:34:14
5717,9af39f07-26b9-4528-a8c8-33a9addbb9a9,ALTOS TAMARON Caixa  vi negre DO Ribera del Duero,41.94,37.5,2026-05-19 11:34:14
5718,f5f7fd75-e982-4293-b3e7-efe52ace339d,BUSCA-RAONS Caixa vi blanc ecològic DO Costers del Segre km0,24.71,32.94,2026-05-19 11:34:14
5719,f97f2bb1-4d1e-443d-94d6-87d6c271a8da,CAP DE COLLA Caixa de vi negre DO Conca de Barberà ecològic,31.01,47.7,2026-05-19 11:34:14
5720,2df4b29b-6a9f-4bff-a134-4022896f6424,CURIOSA Caixa de vi rosat ecològic DO Penedès Km0,56.94,42.71,2026-05-19 11:34:14
5721,8de105ab-bbc5-45d1-a7ad-ff279ed15338,GARNATXA FOSCA Caixa de vi negre DO Priorat Km0,70.16,93.54,2026-05-19 11:34:14
5722,f72989ae-0c5c-4f83-931d-6b0b5024b394,MINVANT Caixa de vi negre DO Terra Alta,59.7,44.78,2026-05-19 11:34:14
5723,5a63654a-a0cb-4d50-9668-d74734473293,RAIG DE RAÏM Caixa de vi blanc km0,31.46,41.94,2026-05-19 11:34:14
5724,352ce0ff-2a5b-4457-9a50-dd9b6b6a23e4,RAIMAT CLAMOR Caixa de vi rosat ecològic DO Costers del Segre Km0,41.7,27.11,2026-05-19 11:34:14
5725,3153fa9e-d393-434d-9992-c2ef719869ef,VIA TERRA Caixa de vi negre DO Terra Alta Km0,35.78,47.7,2026-05-19 11:34:14
5726,59cccef9-3805-4135-a823-a724529000f9,CASTELL DEL REMEI Caixa de vi blanc DO. Costers del Segre Km0 Oda,65.7,71.7,2026-05-19 11:34:15
5727,97285be2-f1c1-4f97-913c-c47da47570b9,DINARELLS Caixa 6u. vi blanc Do Empordà,29.1,25.74,2026-05-19 11:34:15
5728,1ebd413e-2780-4e38-882c-9f5bb79d2a70,DINARELLS Caixa 6u. vi negre DO Empordà,29.1,25.74,2026-05-19 11:34:15
5729,cfcb8526-cb8c-4933-992e-269e0f744618,ELS NANOS Caixa de vi blanc DO Conca de Barberà ecològic Km0,44.1,33.08,2026-05-19 11:34:15
5730,78b72774-92ed-4a2e-8f51-7b515113ba78,ELS NANOS Caixa de vi negre DO Conca de Barberà ecològic Km0,44.1,33.08,2026-05-19 11:34:15
5731,a33824b6-a2f1-404b-ab23-e3a07a97f288,FINCA CAL JANES Capsa de vi negre DO Penedès Km0 ecològic,35.94,41.94,2026-05-19 11:34:15
5732,5de2753a-a314-4793-b216-81f7900838e8,FREIXENET Caixa de vi blanc DO Catalunya,40.74,30.56,2026-05-19 11:34:15
5733,e3a1e034-1f25-4a37-baf9-2944c7aec1bf,RIGAU ROS Caixa de vi negre DO Empordà Km0,39.54,35.7,2026-05-19 11:34:15
5734,6cb19aac-0111-4cdf-a393-50dae86747c8,VALDESPINO Caixa 6u. vi dolç Jerez,44.94,38.94,2026-05-19 11:34:15
5735,fb18445c-48b5-45d8-abea-c8a07a6669aa,ÈTIM Caixa de vi negre dolç Verema Tardana DO Montsant,39.38,52.5,2026-05-19 11:34:15
5736,b965a492-f30c-4538-97dc-6fd345f3ea96,ALGES CLOS PONS Caixa de vi negre DO Costers del Segre Km0,71.1,59.94,2026-05-19 11:34:16
5737,b317a28e-63c8-4b6e-b612-b7a0a5d78e37,CÉRVOLES Caixa de vi negre ecològic DO Costers del Segre Km0,147.0,138.0,2026-05-19 11:34:16
5738,190b184d-fedf-4562-8523-e55207da5e20,LA BÈSTIA NEGRA Caixa de vi negre DO Empordà Km0,41.7,47.94,2026-05-19 11:34:16
5739,04da8c98-cbd6-4a5a-ace6-be771c19663c,VILOSELL Caixa de vi negre ecològic DO Costers del Segre Km0,82.14,77.7,2026-05-19 11:34:16
5740,a66c73f6-a1ce-4497-878c-81615e24ff3a,"DON SIMON ""Tinto de verano"" sense alcohol",1.55,1.39,2026-05-19 11:34:17
5741,461a83b9-a69d-439a-a7cb-9429f77700f2,"DON SIMON ""Tinto de verano"" sense alcohol",1.55,1.39,2026-05-19 11:34:17
5742,f84ef675-19c5-4954-8422-f14a21c9f509,PAGO DE FUENTEVEGA Vi blanc verdejo DO Rueda,2.35,2.19,2026-05-19 11:34:17
5743,0bd7dc85-75bd-49bf-922d-40153f04d7e5,CUNE Vi negre Rioja criança,7.25,6.95,2026-05-19 11:34:19
5744,7002e838-86a9-41ff-a35a-9fdf031fba85,"DON SIMON ""Tinto de verano"" amb llimona en ampolla",1.85,1.49,2026-05-19 11:34:19
5745,52ace6cb-324b-46c6-ac49-4fe050f7b6d5,"DON SIMON ""Tinto de verano"" clàssic en ampolla",1.85,1.49,2026-05-19 11:34:21
5746,e39eaa96-64dc-4ab1-9f09-defb87a18f43,KRIPTA FRANC Corpinnat Brut guarda superior reserva ecològic caixa,71.34,83.7,2026-05-19 11:34:28
5747,e814c223-611a-4a1a-b7ba-2e445a2be45b,LACRIMA B. HERETAT Cava Brut Nature guarda ecològic caixa,35.96,47.94,2026-05-19 11:34:28
5748,1ea1a8f2-7f6f-4277-beac-d0e431d42e6a,LACRIMA B. HERETAT Cava Brut guarda ecològic caixa,32.34,35.94,2026-05-19 11:34:28
5749,20cb4a20-5555-4a38-9cdb-227002d1303d,LACRIMA BACCUS Cava rosat Brut guarda caixa,32.34,35.94,2026-05-19 11:34:28
5750,90dc1ec6-cfa0-4a43-bef0-67611403fe83,CASTELL RE. LA CUVÉE Cava Brut Nature guarda superior reserva caixa,59.94,64.5,2026-05-19 11:34:29
5751,2b58ddd2-9fcb-4bf1-96c3-7690ec2a8c12,CONDE DE CARALT Cava Brut Nature guarda caixa,32.94,38.94,2026-05-19 11:34:29
5752,c2b6b8a5-ad76-41b1-b78a-31c480053a93,FAMÍLIA OLIVEDA Cava Brut Nature guarda superior reserva caixa,44.1,39.54,2026-05-19 11:34:29
5753,1510d314-b12f-44e6-ad1c-fe274295c2b4,FREIXENET MERITUM Cava Brut Nature guarda superior gran reserva caixa,114.0,56.97,2026-05-19 11:34:29
5754,b4c8207c-6f05-43ac-be4f-6ac05521a1ea,JUVÉ CAMPS Cava Brut Nature guarda superior gran reserva ecològic caixa,128.0,123.0,2026-05-19 11:34:29
5755,2c2e25a1-078d-4f71-b8ff-091dcf279d41,JUVÉ CAMPS ESSENTIAL Cava Brut guarda superior reserva ecològic caixa,83.34,88.14,2026-05-19 11:34:29
5756,2931276a-8927-457b-ae57-e4c82a2192e5,BEEFEATER Ginebra,14.25,14.49,2026-05-19 11:34:32
5757,62de3df3-bf45-4d54-b0a5-88ee693a63af,BALLANTINE'S Whisky escocès,14.1,13.95,2026-05-19 11:34:33
5758,aaa1c745-737b-4f81-9455-c89375c4b644,EL BANDARRA Vermut negre,9.95,9.39,2026-05-19 11:34:33
5759,e8ea7296-2953-48c4-a409-8f4e68a638d4,BALLANTINE'S Whisky,19.99,18.79,2026-05-19 11:34:34
5760,6f6aff0e-a151-43bd-a6e3-30ae40a55f1c,GIRO Ginebra,10.49,11.6,2026-05-19 11:34:34
5761,0e3d3063-7c3a-43fb-b34b-22b2073f060f,MAGNO Brandi de Xerès Solera Reserva,11.95,12.69,2026-05-19 11:34:34
5762,9a341622-f97d-4468-a006-543bc5c9ceb3,NORDES Ginebra,24.99,27.59,2026-05-19 11:34:34
5763,80714362-7556-4782-81f9-0cd1cebca751,SANTA TERESA Rom anyenc,15.99,15.55,2026-05-19 11:34:34
5764,00fbc932-6f84-487b-acb4-084707c72ac6,VETERANO Beguda espirituosa,8.85,9.49,2026-05-19 11:34:34
5765,c2d7e80e-8dbf-4789-a375-a4be8f78f93d,ECOCESTA Beguda vegetal proteica de soja ecològica,2.79,2.65,2026-05-19 11:34:39
5766,e277be4a-6c87-4bfd-8a4f-c2e7c491582b,YOSOY Beguda de civada 0% sucre en cartró,5.95,1.65,2026-05-19 11:34:39
5767,8581e5a2-d106-4910-b91a-8cda270f272a,ATUNLO Rondanxa de tonyina natural,2.98,3.25,2026-05-19 11:34:41
5768,5b8800de-cbd9-41ef-9ebc-376b74ab2a99,BONPREU Rabas de canana gegant arrebossades,4.09,4.11,2026-05-19 11:34:42
5769,1c605a84-7231-422e-adad-1d7f3a42c8c2,PICCOLINIS Mini pizzes de 3 formatges,7.95,4.25,2026-05-19 11:34:51
5770,19d177e8-efef-4500-aa1e-8abe91e19f4e,PICCOLINIS Mini pizzes de frankfurt,7.95,4.25,2026-05-19 11:34:51
5771,5cdea0aa-6538-4467-aba8-78ea6d499ec0,PICCOLINIS Mini pizzes de pernil dolç i formatge,7.95,4.25,2026-05-19 11:34:51
5772,16423ab7-335c-4310-afb3-479234e7788d,PICCOLINIS Mini pizzes de tonyina,7.95,4.25,2026-05-19 11:34:51
5773,234cd7de-0271-44c6-9e3e-bddeaec6cf7a,HÄAGEN-DAZS Gelat Salted Caramel,4.99,3.75,2026-05-19 11:34:52
5774,d694a1ed-2d6e-4c30-8f55-331e2914bc37,MAGNUM Gelat Dark 70% cacau,7.95,4.99,2026-05-19 11:34:52
5775,252a2f4b-6a5d-4a70-b326-cef1dd730be3,MAGNUM Gelat de festuc Signature,7.95,4.99,2026-05-19 11:34:52
5776,84a0a5dd-23b8-4701-9cf2-a4847ce87184,MAGNUM Gelat de llimona Euphoria Pink Lemonade,7.95,4.99,2026-05-19 11:34:52
5777,06640897-f0e7-49ca-a300-4f3a86163ed4,MAGNUM Gelat de préssec Signature,7.95,4.99,2026-05-19 11:34:52
5778,4323d287-0355-49d8-a102-806b092bec82,MAGNUM Gelat de xocolata blanca amb galeta,7.95,4.99,2026-05-19 11:34:52
5779,19fa3d65-978c-4431-93ca-92150f572473,MAGNUM Gelat de xocolata negra amb nata,7.95,4.99,2026-05-19 11:34:52
5780,c30b0e94-7a8d-4d73-9371-139ed7751179,NESTLÉ PIRULO Gelats Fantasmikos,5.39,5.32,2026-05-19 11:34:52
5781,0a2fb2ed-9280-4647-b178-53eb12ff06b4,NESTLÉ PIRULO Gelat Fruit Explosion Mix,5.39,5.32,2026-05-19 11:34:53
5782,1e5c18d6-20a1-4589-b4f3-6d7486a95b6a,NESTLÉ PIRULO Gelat Mikolápiz,5.39,5.32,2026-05-19 11:34:53
5783,0d628df6-0805-4209-a8a4-440cade7e3f1,NESTLÉ PIRULO Gelat Mini Tropical,5.39,5.32,2026-05-19 11:34:53
5784,48894357-8594-4157-81b3-671fc47e7174,PINK ALBATROSS Gelat de fruita amb gust de mango i maracujà,4.59,4.49,2026-05-19 11:34:53
5785,8e131499-de81-41cb-b2b0-2d359f3a4c36,HÄAGEN-DAZS Gelat de vainilla i nous de Macadàmia,4.99,3.75,2026-05-19 11:34:54
5786,b12cdcf9-93e3-41c5-a045-5925ec76fe10,HÄAGEN-DAZS Gelat de xocolata blanca amb maduixa,4.99,3.75,2026-05-19 11:34:54
5787,0d512f06-a7cf-4020-a726-b72316e2174a,ALEMANY Gelat de mandarina Km0,6.85,6.99,2026-05-19 11:34:55
5788,5011f292-c802-4f17-bcf5-c85bf005947f,ALEMANY Gelat de vainilla Km0,6.85,6.99,2026-05-19 11:34:55
5789,d052982c-13fe-4711-a2c1-d090085d1408,ALEMANY Gelat de torró de xixona Km0,6.95,6.99,2026-05-19 11:34:56
5790,26ab329a-4586-445c-b257-a79a261b7e70,ALEMANY Gelat de mango Km0,6.85,6.99,2026-05-19 11:34:59
5791,77459bf3-6b04-48b5-99bc-fee8da6c67c2,PULEVA OMEGA 3 LLet desnatada amb nous en cartró,1.95,1.93,2026-05-19 11:35:07
5792,38719987-8eb3-4b1f-949e-ad815515851f,PULEVA OMEGA 3 Llet desnatada sense lactosa en cartró,1.95,1.93,2026-05-19 11:35:08
5793,c85a217b-19fb-4bcc-949e-b7903761f8ee,PASCUAL CALCI Llet desnatada amb calci 6x1L en cartró,10.56,10.44,2026-05-19 11:35:09
5794,c626339f-daf0-4d34-a021-7499bf98c304,PASCUAL CALCI Llet semidesnatada amb calci 6x1L en cartró,10.56,10.44,2026-05-19 11:35:09
5795,98c38dad-edf8-42c1-ae08-fc272e28b6fd,PASCUAL Llet desnatada amb calci en cartró,1.76,1.74,2026-05-19 11:35:09
5796,67540fe6-1988-4a9a-97f9-7625f2e95f6c,PASCUAL Llet semidesnatada amb calci en cartró,1.76,1.74,2026-05-19 11:35:09
5797,ad6b0f04-f44a-42e4-87c1-e5334f97708b,PULEVA OMEGA3 Llet desnatada amb nous 6x1L en cartró,11.7,11.58,2026-05-19 11:35:09
5798,6c2af6cf-3b81-4876-8f7a-57c47dd62f1d,PULEVA OMEGA3 Llet desnatada sense lactosa 6x1L en cartró,11.7,11.58,2026-05-19 11:35:09
5799,32da58b5-6bee-43ec-9a79-847fdf1aaaf0,CHUFI Orxata Maestro Horchatero,2.19,2.25,2026-05-19 11:35:13
5800,d134b2e8-07db-4c77-b1b9-6b10992cdce3,ACTIVIA Quefir per beure amb gust de nabius,1.79,3.39,2026-05-19 11:35:18
5801,4657cdf4-7f60-4d93-a507-056f8ef84eac,ALPRO Producte vegetal de soja amb coco,2.25,3.39,2026-05-19 11:35:18
5802,ae668550-4c75-4329-99fe-8538363ee8d8,YOPRO Beguda proteïna de stracciatella,2.39,3.39,2026-05-19 11:35:18
5803,68c2bb4d-926c-43b4-8d4d-ec09fcb84d0c,ECRAN Llet solar bronzejador FPS 50,15.99,16.99,2026-05-19 11:35:28
5804,a8631b3f-142c-4715-9fff-342279fff368,SANEX Gel de dutxa Neutre Hidratant,3.65,5.99,2026-05-19 11:35:31
5805,8ce6aa8d-622e-4654-bb3e-ec8e6f0b40ac,NENUCO Xampú suau infantil,4.25,3.99,2026-05-19 11:35:34
5806,e9eb6f43-c85f-4e49-87f9-e9eddcc4d97f,NIVEA Sèrum facial amb àcid hialurònic SPF50 Expert Filler,17.49,16.99,2026-05-19 11:35:51
5807,b696834c-bbf6-4f46-8b3b-b96eef17ab34,EUCERIN Sèrum facial antipigmentació,41.95,32.49,2026-05-19 11:35:57
5808,84a9105b-7800-4e00-a0df-66de51dca164,EUCERIN Corrector antipigmentació,20.45,15.75,2026-05-19 11:35:58
5809,731bde3e-f5ae-45a4-9249-710af4d6faac,COLGATE Crema dental Max White Purple Reveal,3.45,5.99,2026-05-19 11:36:09
5810,9f0f3f0c-df01-464a-a733-02027a673ae1,GUM Arcs dentals Easy Flossers,3.89,4.89,2026-05-19 11:36:09
5811,c7816a96-4427-4d3f-918d-dcbecebd4c39,GUM Necesser de viatge d'higiene bucal Activital,5.29,6.25,2026-05-19 11:36:09
5812,58482549-4265-422a-8d96-48e112de36fb,GUM Necesser de viatge d'higiene bucal Ortho,6.25,7.35,2026-05-19 11:36:09
5813,1e1dd536-4379-4572-999e-de94fe7e8ce7,GUM Necesser de viatge d'higiene bucal White,5.25,6.19,2026-05-19 11:36:09
5814,bcae7b41-58fb-48cd-8c5f-535c52932d90,GUM Raspall de dents Pro Sensitive suau,4.09,5.15,2026-05-19 11:36:09
5815,009bda8c-97c5-41d3-abe4-1a6e5746707c,GUM Raspall de dents Technique Pro Medium,4.09,5.15,2026-05-19 11:36:09
5816,fb0e55e3-6820-4c26-8fc5-9465586759ec,GUM Raspall de dents Technique Pro suau,4.09,5.15,2026-05-19 11:36:09
5817,baa5019f-f244-4da6-9dc5-2423c31415c9,GUM Raspall de dents infantil,3.19,3.99,2026-05-19 11:36:09
5818,52c3a214-ee8d-49bd-b499-f450992785a4,GUM Raspall de dents junior amb llum,3.35,4.19,2026-05-19 11:36:09
5819,17309009-13b1-472d-a83f-90167138c1ba,GUM Raspall interdental Soft Picks Pro mitjà,4.95,6.19,2026-05-19 11:36:09
5820,855248a8-4f75-476c-9aa3-0d54821a5762,GUM Raspall de dents a piles Sonic Daily,10.59,12.45,2026-05-19 11:36:10
5821,fa4179c6-ab47-4b2a-b689-11ab5645919f,GUM Raspall interdental Soft Picks Pro llarg,4.95,6.19,2026-05-19 11:36:10
5822,02f825d3-735d-4c63-a2e8-43da4968748c,GUM Raspall interdental Soft Picks Pro petit,4.95,6.19,2026-05-19 11:36:10
5823,96938950-ecdd-4aeb-b463-79e8f3f85469,GUM Recanvi Raspall de dents a piles Sonic Daily,5.25,6.19,2026-05-19 11:36:10
5824,d38a6224-c060-444e-95f8-b5a133fcfb08,ORAL B Dentifrici blanquejament saludable,16.99,3.49,2026-05-19 11:36:10
5825,a840667b-e05d-44cc-bb1a-11708ef78e59,PALMOLIVE Sabó líquid pell sensible,2.45,5.99,2026-05-19 11:36:16
5826,d245cb6d-298a-46cd-8a92-708025eb3138,BLOOM Gel post picada Derm,7.85,5.99,2026-05-19 11:36:22
5827,7669d3ec-1a04-42a7-8f12-6d61a49f7843,BLOOM Loció repel·lent amb àloe vera Derm,7.85,5.99,2026-05-19 11:36:22
5828,1b9f3269-6e95-4b81-96b9-9ae55a888bcd,EVAX Compresa súper amb ales Cottonlike,4.2,4.35,2026-05-19 11:36:23
5829,c57fed40-8d83-4bb2-abc6-6d59081312aa,NEUTROGENA Loció corporal hidratació profunda,24.95,19.95,2026-05-19 11:36:31
5830,547a26b3-1c72-431e-a26a-9e9cbd84bd8f,NEUTROGENA Loció corporal reparadora intensa,24.95,19.95,2026-05-19 11:36:31
5831,7c187507-4a66-408d-a926-8b02ce7c431b,NEUTROGENA Loció corporal elasticitat intensa,24.95,19.95,2026-05-19 11:36:34
5832,3b647532-e921-43e1-be37-507c0d3ec6c3,ARIEL Detergent líquid total de 30 dosis,16.99,7.99,2026-05-19 11:36:49
5833,fd031df7-039a-4b02-8dae-8ed5f4626fce,LENOR Perles de perfum roba Unstoppables,16.99,7.49,2026-05-19 11:36:49
5834,cd94b2c8-8388-460b-b8b2-181c3a126821,ASEVI Detergent en tires Bands Active Fresh de 30 dosis,6.99,6.39,2026-05-19 11:36:51
5835,14804ffa-8f7a-4dbc-8a55-02a9c50eede9,BONPREU Detergent líquid en càpsules perfum floral 2en1 de 24 dosis,4.4,4.65,2026-05-19 11:36:51
5836,26d1f910-ad88-4f14-a2e4-eea3d8e0a9e0,BONPREU Detergent en gel per a rentavaixella de 36 dosis,3.45,3.65,2026-05-19 11:36:56
5837,e5f40122-33ea-4d96-9d56-382d02446195,FAIRY Sabó rentavaixelles llimona Poder 3 en 1 en esprai,16.99,5.99,2026-05-19 11:36:56
5838,2be9d3a5-5f6a-452c-a3e5-d880209b1286,AIR WICK + REC Ambientador elèctric i recanvi cirera,5.79,5.89,2026-05-19 11:36:58
5839,124cc19d-d78c-4bfd-aab1-56dde4206f4c,AIR WICK Ambientador i recanvi nenuco,6.49,7.25,2026-05-19 11:36:58
5840,13e7013a-79a5-4c20-9bbb-b80220425e97,AIR WICK Ambientador recanvi cirera,6.49,6.99,2026-05-19 11:36:58
5841,3a0fe3a5-c936-4da0-ab6f-f80814185179,AIR WICK Ambientador recanvi nenuco,6.49,6.99,2026-05-19 11:36:58
5842,1a3d76f7-385e-4d44-9269-4abd96fb0949,AIR WICK Recanvi per a ambientador aroma cirera,6.99,7.49,2026-05-19 11:36:58
5843,5a9ea6d2-5754-4c8d-8f89-74febbaa938e,FROSCH Netejador vitroceràmica taronja ecològic,4.95,5.35,2026-05-19 11:36:58
5844,55c39457-01f6-4950-b105-e2bb7e8d88e4,BREF Netejador WC Blue Active Floral,3.85,4.15,2026-05-19 11:37:03
5845,468eb86d-9039-4407-b245-8bb61fb1e531,BREF Netejador WC Moments Relax Armonía,3.85,4.15,2026-05-19 11:37:03
5846,010eb7df-fa35-416e-a389-9a6d69b30d52,BREF Netejador WC Moments Relax Serenitat,3.85,4.15,2026-05-19 11:37:03
5847,f838c16c-267f-4d12-9679-f9187e3faec5,BREF Netejador wc oceà àrtic,3.85,4.15,2026-05-19 11:37:03
5848,850ae4f5-aff4-490a-a77e-79020366e380,BREF WC Netejador WC Blue Active,3.85,4.15,2026-05-19 11:37:03
5849,90a6c78f-8deb-4e38-87d5-bc7a6ec9233a,DON LIMPIO Netejador bany,16.99,3.99,2026-05-19 11:37:03
5850,467b5fb1-cb68-43c3-bb77-8811c9bc4e00,AIR WICK Recanvi ambientador automàtic Nenuco,11.49,10.99,2026-05-19 11:37:09
5851,8877c0d1-feb6-4546-8318-d4651adedf6e,AIR WICK Recanvi ambientador elèctric Nenuco,10.49,9.49,2026-05-19 11:37:09
5852,a6386405-64c2-45f3-92ed-53a333f7fbe2,AIR WICK Ambientador recanvi d'espígol i lliri,6.49,6.99,2026-05-19 11:37:10
5853,03697647-d232-4e6a-8c61-00db1be55bbf,AIR WICK Ambientador recanvi gessamí,6.49,6.99,2026-05-19 11:37:10
5854,627a0cf8-778f-452f-a0e2-17203ee9aafd,AIR WICK Recanvi ambientador Delícies d'Estiu Freshmatic,5.99,6.09,2026-05-19 11:37:10
5855,dd420755-0914-4b52-a504-3eb0ed0cc4e3,AIR WICK Recanvi ambientador el. white bouquet,5.79,5.89,2026-05-19 11:37:10
5856,3e9c48e7-8f76-4306-bd66-eebf2f27bf40,AIR WICK Recanvi ambientador elèctric Flor,5.79,5.89,2026-05-19 11:37:10
5857,fbaa8f0b-fed5-465a-b125-467f7300a3dc,AIR WICK Recanvi ambientador elèctric cirera,5.79,5.89,2026-05-19 11:37:10
5858,b998d55d-f97d-456a-af66-3da61b18469b,AIR WICK Recanvi ambientador elèctric espígol,5.79,5.89,2026-05-19 11:37:10
5859,8513f6d5-7e50-4c71-83ef-c09900098c43,AIR WICK Recanvi d'ambientador Flor,5.99,6.09,2026-05-19 11:37:10
5860,456ac1a6-f821-4fc6-9d7b-b4060d1d1ba0,AIR WICK Recanvi d'ambientador elèctric lliri de lluna i setí de seda,5.99,6.09,2026-05-19 11:37:10
5861,a72e130e-4e5e-4cc3-97b9-7631ff94e51f,AIR WICK Recanvi per a ambientador aroma cítric,6.99,7.49,2026-05-19 11:37:10
5862,1cfb4880-b830-4253-85f5-1f47bb634efa,AIR WICK Ambientador amb difusor,12.99,13.25,2026-05-19 11:37:11
5863,c63b73fb-e315-4eea-a795-662280b01155,AIR WICK Recanvi per a ambientador aroma espígol,6.99,7.49,2026-05-19 11:37:11
5864,7ab53133-2c20-4448-8bc8-ca4f7be2fc42,CEGASA Pila AAA LR03.15V,3.95,2.49,2026-05-19 11:39:35
5865,8f35dd64-4f5c-4c35-b198-1ba8ad275ed1,"CEGASA Pila LR06.1,5V AA",3.95,2.49,2026-05-19 11:39:35
5866,63ae367c-4c23-44e4-af5d-d1dd4e5a2e02,FELIX Menjar en gelatina amb carn per a gat,13.99,41.97,2026-05-19 11:39:51
5867,8f842456-bd3f-4048-a393-90f459d7a716,NENUCO Llet corporal hidratant infantil,4.25,3.99,2026-05-19 11:40:12
5868,20fc5077-2cbe-4897-a75c-629b9ff1d2c3,NENUCO Sabó líquid ultra suau,3.15,2.95,2026-05-19 11:40:12
5869,004c1f64-a7ea-4116-bf51-b9b73b94b6da,DODOT ACTIVITY Bolquers T5 (12-17 kg),31.99,30.99,2026-05-19 11:40:16
5870,e9a65ad6-1148-49f3-8680-4032e74c8551,DODOT ACTIVITY Bolquers T6 (+14 kg),31.99,30.99,2026-05-19 11:40:16
5871,5f74575f-9950-47d0-ade4-95c26562dde2,DODOT SENSITIVE Bolquers T3 (7-11 kg) Extra,31.49,30.65,2026-05-19 11:40:16
5872,2e646430-08b8-45d7-8d07-0130237253a0,DODOT SENSITIVE Bolquers T4 (10-15 kg) Extra,31.49,30.65,2026-05-19 11:40:16
5873,572745d1-7333-47a9-9403-a8e915aa0215,AQUILEA Magnesi en comprimits,18.3,18.29,2026-05-19 11:40:29
5874,23c6ef6c-0d26-402b-905d-8732b7bac601,AQUILEA Magnesi en comprimits,6.19,5.35,2026-05-19 11:40:29
5875,bf258e86-5b3a-482c-909a-d595e2e230a3,AQUILEA Magnesi i potassi en comprimits,8.49,7.39,2026-05-19 11:40:29
5876,e16ebdb1-54fa-46f5-a1f7-5e9c6f3d0693,AQUILEA Magnesi més col·lagen en comprimits,9.45,7.99,2026-05-19 11:41:07
5877,a8b30228-2a98-4d5b-877c-574eea7839d0,SAN PELLEGRINO Aigua amb gas mineral  natural 6x1 L,8.34,5.56,2026-05-19 21:52:26
5878,a0968875-3a8b-486b-aeae-9cc30cdb5b8a,SAN PELLEGRINO Aigua amb gas mineral natural 1 L en ampolla,1.39,5.56,2026-05-19 21:52:26
5879,aa0c2cf6-a727-429a-9655-fbc3381e6791,COCA-COLA Refresc de cola zero sucre 24x33cl llaunes,19.2,38.4,2026-05-19 21:52:28
5880,115b31a5-bc36-481e-8661-e3baf265799f,SCHWEPPES Refresc tònica Zero en ampolla,14.49,13.45,2026-05-19 21:52:28
5881,0ec3104b-abbe-4c35-ace0-97b52c5fdd65,SCHWEPPES Refresc tònica en ampolla,14.49,13.45,2026-05-19 21:52:28
5882,6ee50655-5d2a-4f6d-b209-7160f4a913c6,COCA-COLA Refresc de cola sabor original en llauna,20.64,38.4,2026-05-19 21:52:29
5883,f65ceabf-d27d-4043-864b-1040d68d0f56,SCHWEPPES Refresc tònica Pink Zero en ampolla,14.49,13.45,2026-05-19 21:52:29
5884,1e359497-3d74-4553-9cfb-885904a89d2a,HEINEKEN Cervesa holandesa suau 6 x 25 cl en ampolla,3.35,3.1,2026-05-19 21:52:40
5885,2931276a-8927-457b-ae57-e4c82a2192e5,BEEFEATER Ginebra,14.49,13.45,2026-05-19 21:53:02
5886,63ae367c-4c23-44e4-af5d-d1dd4e5a2e02,FELIX Menjar en gelatina amb carn per a gat,41.97,13.99,2026-05-19 21:57:36
5887,2d9c9b56-716a-4a67-a4b4-0ce7bbcb6ed6,LA COLLITA Maduixot en terrina de 500 g,2.39,2.49,2026-05-20 10:56:41
5888,f31cc293-7d26-4dad-8754-522399c9ddcd,LA COLLITA Espàrrecs verds prims en manat de 250g,2.25,1.99,2026-05-20 10:56:42
5889,d8192935-02dc-414d-8a4f-3dbcb98d7d50,LA COLLITA Gerds en safata de 125 g,2.59,2.29,2026-05-20 10:56:42
5890,76f31d46-1148-4eff-b15c-5da11de7b3ff,LA COLLITA Llimona ecològica en malla 500 g,1.99,1.89,2026-05-20 10:56:44
5891,252cc25d-6fb7-4217-885f-06e45ba343b1,Tomàquet madur 1 u.,0.37,0.31,2026-05-20 10:56:44
5892,14d1558c-22c4-4a25-913e-8c35c9765eef,Tomàquet de pera 1 u.,0.47,0.41,2026-05-20 10:56:45
5893,fdb1cbea-a8cd-46c4-bfdb-95eec80e693e,Tomàquet branca,1.26,1.03,2026-05-20 10:56:48
5894,cad8a847-0f82-40d1-8fc9-7cba2ccf9c7b,Cueta de rap (ració),11.05,25.99,2026-05-20 10:57:24
5895,bda196fe-8cdb-4aa3-ae5e-05ef2a8ac5d8,Seitó (costa),1.4,1.2,2026-05-20 10:57:26
5896,82ab89e8-2d98-4a47-af0d-91e170714279,Gamba rosada del Mediterrani,13.99,11.99,2026-05-20 10:57:27
5897,38ea8a22-06be-4f9e-8deb-3faa5d136f28,BONPREU Llenties pardines,1.05,0.99,2026-05-20 10:58:53
5898,1a6d247a-5627-47c8-b345-c4ab85a0d3e5,RANA Raviolis de prosciutto di parma i burrata,4.39,3.59,2026-05-20 10:58:56
5899,f0788e8f-7cd1-4717-bc05-3fcecd4fa4bc,BONPREU Cigrons,2.19,2.15,2026-05-20 10:58:58
5900,fd565dcf-7ed3-4b47-b598-d2c9e1686bdc,RANA Tortellini farcits de formatge La vaca que rie,2.95,2.69,2026-05-20 10:58:58
5901,23a7dbaa-9d03-47e0-9d9e-6404eb52c83d,KIKKOMAN Salsa de soja,4.79,4.89,2026-05-20 10:59:24
5902,e90cc560-dd4c-4a49-a506-33840cfa95c9,PRIMA Mostassa Original,1.79,1.89,2026-05-20 10:59:25
5903,a8b30228-2a98-4d5b-877c-574eea7839d0,SAN PELLEGRINO Aigua amb gas mineral  natural 6x1 L,5.56,8.34,2026-05-20 10:59:46
5904,1e359497-3d74-4553-9cfb-885904a89d2a,HEINEKEN Cervesa holandesa suau 6 x 25 cl en ampolla,3.1,3.35,2026-05-20 11:00:00
5905,e8ea7296-2953-48c4-a409-8f4e68a638d4,BALLANTINE'S Whisky,18.79,19.89,2026-05-20 11:00:30
5906,0023cf1c-bcb0-43b7-8c13-5b2f7ef93555,ESSENTIAL Cua de rap,6.95,7.45,2026-05-20 11:00:39
5907,4acd43b6-2560-490d-a0b6-df4502994319,EXKIMO Salmó sense pell,6.35,6.15,2026-05-20 11:00:39
5908,6a8e5729-0be9-41ab-b417-984fd7d96cc2,BONPREU Llagostí blanc cuit i pelat,3.99,4.09,2026-05-20 11:00:40
5909,e3214aa0-72fe-47b8-950b-fa4597799541,BONPREU Llenguado sencer,9.25,9.99,2026-05-20 11:00:40
5910,54090f0f-f58b-41b8-a6d9-3b6ac36eee10,BONPREU Rodanxes de lluç del Cap,4.91,4.95,2026-05-20 11:00:40
5911,c3ebcf66-2b77-4e6d-9002-44b155dbb803,BONPREU Supremes de salmó de Noruega sense pell,9.49,9.19,2026-05-20 11:00:40
5912,e3295d68-bfe0-44dd-a7d7-debea308d171,FERRER Lloms de bacallà,8.39,9.99,2026-05-20 11:00:40
5913,1a1471e0-1970-4050-9213-cd69422ec270,FERRER Lloms de lluç del Cap,4.95,5.59,2026-05-20 11:00:40
5914,b8cb46d6-6ccd-4bb7-b20d-e6421035c147,IFA Filets de bacallà al punt de sal,6.59,6.99,2026-05-20 11:00:40
5915,78b7294d-1e0a-474a-9782-645a35b33e34,FERRER Bacallà d'Islàndia per esqueixada,8.17,8.99,2026-05-20 11:00:41
5916,ff79c90f-6798-44fb-ad02-439310311a1a,FERRER Anelles de calamar a la romana,6.29,6.99,2026-05-20 11:00:47
5917,b89f5690-06a5-4c37-9bff-3d26cacb82ad,GILLETTE Maquineta d'afaitar 3 fulles 1 rec. Mach3,9.85,8.95,2026-05-20 11:02:27
5918,9600b8c3-035f-4ecd-b49f-61603753615d,KETER Test apilable blanc i verd Ivy,10.95,9.95,2026-05-20 11:05:33
5919,7ab53133-2c20-4448-8bc8-ca4f7be2fc42,CEGASA Pila AAA LR03.15V,2.49,3.95,2026-05-20 11:06:04
5920,8f35dd64-4f5c-4c35-b198-1ba8ad275ed1,"CEGASA Pila LR06.1,5V AA",2.49,3.95,2026-05-20 11:06:04
5921,f59221ab-4f9b-4575-a710-ce085d03b2e2,TALQUISTINA Crema,16.19,13.49,2026-05-20 11:06:52
5922,33af5ac2-b399-4944-a090-7e4c89c84552,"BLEVIT Infusió til·la, melissa y camamilla",10.59,9.49,2026-05-20 11:07:06
5923,d2c5354a-9a69-4c85-aebf-abe4f5ed880f,ISDIN Pomada per bolquers,15.45,13.49,2026-05-20 11:07:07
5924,2bb8ee92-608d-41c0-8ec6-968c1c4e088d,MUSTELA Llet corporal hidratant per nadó,14.45,13.59,2026-05-20 11:07:07
5925,21ba3fb7-bc59-4bef-8d4b-beb24415f3f0,SEBAMED Gel bany escuma bebé,13.45,11.95,2026-05-20 11:07:09
5926,74326ce6-8d6b-452f-acef-187efee4ebcc,TALQUISTINA Crema irritacions,11.59,9.99,2026-05-20 11:07:30
5927,d275348b-5248-4c31-b095-4ad3eb8487dd,BOLLO Meló 1 u.,8.99,8.49,2026-05-21 11:25:46
5928,05ab4fa2-999b-424e-8a00-9b02e513f697,Pebrot dolç verd italià 1 u.,0.46,0.34,2026-05-21 11:25:46
5929,252cc25d-6fb7-4217-885f-06e45ba343b1,Tomàquet madur 1 u.,0.31,0.34,2026-05-21 11:25:46
5930,14d1558c-22c4-4a25-913e-8c35c9765eef,Tomàquet de pera 1 u.,0.41,0.43,2026-05-21 11:25:47
5931,45720afa-86aa-4d34-b377-d4a278e21ff8,LA COLLITA Cireres extra Km0 en safata de 300 g,3.99,3.79,2026-05-21 11:25:50
5932,3079010e-06cb-4647-8cb5-190219dda77a,Síndria sense llavors 1 u.,9.37,8.08,2026-05-21 11:25:50
5933,fe51f3a5-4c3b-4cd4-bcfc-22a6185833df,ISIGNY STE. MERE Formatge Mimolette al tall en porció,6.6,32.99,2026-05-21 11:26:04
5934,2af75b7b-dbee-4e2d-9c28-aad7c707705a,LA BALDA Formatge Goldany de pasta tova de vaca Km0,7.59,12.19,2026-05-21 11:26:13
5935,b7a3a575-c0d0-44cc-80b9-c124b4b789b3,Llenguado,5.4,6.0,2026-05-21 11:26:27
5936,82ab89e8-2d98-4a47-af0d-91e170714279,Gamba rosada del Mediterrani,11.99,9.99,2026-05-21 11:26:28
5937,410a304b-8c41-4a14-b3d1-68e90533586a,Llenguado gros,10.8,11.88,2026-05-21 11:26:28
5938,8680fae6-dfdb-451b-a076-4dc16678c460,Sípia bruta,11.99,13.19,2026-05-21 11:26:28
5939,29aa83a0-968d-4110-9b1a-24ed6d61c322,Hamburguesa de peix krispy,5.29,4.99,2026-05-21 11:26:29
5940,7bbad7ba-3af4-42be-a817-06920877698b,BONPREU Cafè soluble,4.25,3.9,2026-05-21 11:27:06
5941,a03632f1-230d-4354-a0db-bba9883328a9,BONPREU Cafè soluble descafeïnat,4.55,4.4,2026-05-21 11:27:07
5942,e92c1425-865c-42ab-9593-33558abf3350,BAYMAR Escopinyes al natural 70/90,3.99,4.2,2026-05-21 11:27:54
5943,acdd4395-dcf0-445e-9d3e-86fccc7bc596,BONPREU Refresc de te amb gust de préssec,1.0,0.99,2026-05-21 11:28:35
5944,9b9b3ad3-b207-4329-8b76-bcf4617c1ae4,SAN MIGUEL Cervesa torrada sense alcohol en llauna,0.84,0.79,2026-05-21 11:28:45
5945,0b48a738-4f28-423e-b959-a2c6bc9c6072,BONPREU Vi rosat,1.05,1.25,2026-05-21 11:28:56
5946,a5e70a02-a042-4f8b-a7c2-0a250a094861,LETONA Llet fresca semidesnatada en ampolla,2.25,2.15,2026-05-21 11:29:39
5947,19c0dc06-5501-45d0-8f29-0ec6ed265c9a,IFA Llet condensada desnatada,2.55,2.45,2026-05-21 11:29:41
5948,12936465-739b-4ea8-ac63-f4e2b8ca16e1,IFA Llet condensada sencera,2.19,2.1,2026-05-21 11:29:41
5949,b82b533d-8602-4fd7-8f53-7e398ca18eb6,IFA Llet condensada sencera,2.55,2.45,2026-05-21 11:29:41
5950,c089458f-96ce-4a3c-93d6-bcfc2a2c7ec6,IFA Llet condensada sencera,3.59,3.45,2026-05-21 11:29:41
5951,b18e516d-e43a-427e-a3ff-8ef0e138e9da,DANONE Iogurt natural,1.7,1.99,2026-05-21 11:29:48
5952,e172067b-848d-451f-a735-754a7cca789c,ALPRO Producte vegetal de llima i llimona,2.25,2.3,2026-05-21 11:29:49
5953,bd5f57a5-2f1e-43ca-bd79-43512739754d,ALPRO Producte vegetal de soja amb nabius,2.25,2.3,2026-05-21 11:29:49
5954,429ca30c-34a6-4bad-b9f3-3e1020334dd8,ALPRO Producte vegetal a base de soja de mango sense sucre,2.55,2.6,2026-05-21 11:29:50
5955,f8824b8a-1cbb-4c4f-aaf6-32736d575544,ALPRO Producte vegetal de soja amb civada,2.25,2.3,2026-05-21 11:29:50
5956,a6dd0059-4260-416f-9502-42f2ac6fdd72,DANONE Iogurt natural ensucrat,1.7,1.99,2026-05-21 11:29:50
5957,28eff7d5-b1c7-46e5-8fcd-6ae5aa5ab566,ALPRO Producte vegetal de soja amb vainilla,2.25,2.3,2026-05-21 11:29:51
5958,14e37e88-5620-4462-b230-377e8e523901,ALPRO Producte vegetal de soja amb cirera,2.25,2.3,2026-05-21 11:29:52
5959,7a4ddc45-1ed8-49b8-b9af-325e5dfc31d6,ALPRO Producte vegetal de soja amb maduixa,2.25,2.3,2026-05-21 11:29:52
5960,8b2611df-41fb-44f0-ad8d-10d053063c29,ALPRO Producte vegetal de soja amb préssec,2.25,2.3,2026-05-21 11:29:52
5961,bccce763-9436-40f3-b03b-1e91891ec362,ALPRO Producte vegetal de soja i fruites del bosc,2.55,2.6,2026-05-21 11:29:52
5962,3a0cacf6-9075-4fb9-b0a8-a91244048348,ALPRO Producte vegetal soja exòtic,2.55,2.6,2026-05-21 11:29:53
5963,b7982e4e-05fe-4e79-a02c-91771dd351a6,SENSODYNE Pasta dentifrícia  Repair & Protect,6.95,7.95,2026-05-21 11:30:37
5964,7979f971-9e54-4258-92c1-f3a22860b399,LEA Crema d'afaitar,1.79,1.95,2026-05-21 11:30:52
5965,ebe176b7-825b-4b65-aec2-07b6e91b326b,ADIDAS Eau de toilette Ice Dive,9.95,10.49,2026-05-21 11:31:00
5966,0e4a0e77-68f8-439e-9257-f9d8cd5ec54b,JACQ'S Colònia per a home,6.49,6.99,2026-05-21 11:31:01
5967,575351d4-a566-4164-b1ba-660e470fa8cb,BONPREU Aigua destil·lada,2.15,2.25,2026-05-21 11:31:10
5968,94c8412b-ada7-471b-99fa-29356fbba570,BONPREU Aigua destil·lada,0.9,0.95,2026-05-21 11:31:10
5969,ca34e02c-45a9-4186-a123-31410f500186,BONPREU Activador de rentada de 20 dosis,1.75,1.89,2026-05-21 11:31:12
5970,06654072-a170-4892-91b3-285839aa1d0a,BONPREU Activador de rentada oxigen actiu roba color 33 dosis,3.1,3.25,2026-05-21 11:31:12
5971,2aeab73c-cc9f-4a59-8ee3-76bab2aba273,BONPREU Activador de rentada oxigen actiu roba blanca de 33 dosis,3.1,3.25,2026-05-21 11:31:14
5972,498c515c-c3b9-40c1-a68b-bbc30eba28f5,BONPREU Amoníac,0.75,0.79,2026-05-21 11:31:16
5973,5f4cfa43-8a55-4bfd-8759-63c43d11a61f,IFA Amoníac fort amb detergent,0.95,0.99,2026-05-21 11:31:17
5974,3cbd0f65-5bfc-4e16-8ab1-39f4f1e022c3,BONPREU Netejador terres floral concentrat,1.6,1.69,2026-05-21 11:31:21
5975,115b042a-8b8d-49fd-9f95-0609d5027448,BONPREU Gel netejador WC pi,0.99,1.15,2026-05-21 11:31:23
5976,f54f9bd1-8905-4346-ae22-890ac78c1931,BONPREU Carbó vegetal,4.25,4.55,2026-05-21 11:32:50
5977,407317bf-ff84-4b22-8f85-c448370ab5c6,ALPRO Producte vegetal de coco,2.55,2.6,2026-05-21 11:35:51
5978,a8b30228-2a98-4d5b-877c-574eea7839d0,SAN PELLEGRINO Aigua amb gas mineral  natural 6x1 L,8.34,5.56,2026-05-21 21:54:26
5979,fe5ff9e8-2c07-4496-aa48-d896492887bc,Aranja 1 u.,0.85,1.19,2026-05-22 10:51:42
5980,cfeb314c-ad47-42b7-9e09-43f1a7a7e12f,Aranja 1 u.,0.7,0.98,2026-05-22 10:51:47
5981,bbbe2d01-bc25-4861-883d-8613df116f15,Tomàquet de penjar ecològic safata de 500 g,3.89,3.53,2026-05-22 10:51:48
5982,82ab89e8-2d98-4a47-af0d-91e170714279,Gamba rosada del Mediterrani,9.99,15.99,2026-05-22 10:52:28
5983,9821cef0-8356-4235-ab39-d6b82324d95b,COCA-COLA Refresc de cola Zero sucre Zero cafeïna en llauna,9.96,11.16,2026-05-22 10:54:49
5984,8d67c7be-d4ec-4004-8908-7f6b89e679fa,COCA-COLA Refresc de cola Zero sucre en lot  de 12 llaunes,9.96,11.16,2026-05-22 10:54:49
5985,3d8f3782-9113-454b-bc33-5328e9bb2b79,COCA-COLA Refresc de cola sabor original en llauna,10.68,11.88,2026-05-22 10:54:49
5986,7ea49501-9922-45fe-976e-055e4131a326,ARIETE Apirador-escombra 2 en 1,60.99,59.99,2026-05-22 10:58:46
5987,46973162-cca4-40b8-b697-0001f6f4ff4c,NESPRESSO Cafetera Inissia negre,110.0,99.99,2026-05-22 10:58:46
5988,a2a1a4ca-d68c-4ac7-bfc3-569da723a9de,Banana 1 u.,0.22,0.19,2026-05-23 10:09:12
5989,2b41944a-c7ca-40a5-948b-b03b27921837,Meló sencer 1 u.,5.98,4.98,2026-05-23 10:09:18
5990,bda196fe-8cdb-4aa3-ae5e-05ef2a8ac5d8,Seitó (costa),1.2,1.0,2026-05-23 10:09:57
5991,cad8a847-0f82-40d1-8fc9-7cba2ccf9c7b,Cueta de rap (ració),25.99,11.05,2026-05-23 10:09:58
5992,82ab89e8-2d98-4a47-af0d-91e170714279,Gamba rosada del Mediterrani,15.99,12.99,2026-05-23 10:09:58
5993,9f1a58e3-4eea-419e-a4fe-2c91395bb3f3,Sardina grossa,3.5,3.0,2026-05-23 10:09:58
5994,78b303f6-74df-42d0-b31f-eb3aab9620c9,DON SIMON Suc de taronja amb polpa en cartró,2.39,2.49,2026-05-23 10:12:30
5995,70c8d2c1-8b4f-496f-a9c6-3acc9a77b0e9,DON SIMON Suc de taronja sense polpa en cartró,2.39,2.49,2026-05-23 10:12:30
5996,136e070e-412c-47e6-8d12-35cff2f510e6,MOLÍ ALZINA Formatge curat d'ovella Km0,6.65,6.89,2026-05-24 10:21:08
5997,80235a41-5e65-4815-a81f-7268ca72f62f,MOLÍ ALZINA Formatge tendre de cabra Km0,5.95,6.69,2026-05-24 10:21:08
5998,0eb75c28-7555-4ae6-aee4-fa9d82c93ae0,BONPREU Gamba pelada,5.65,5.99,2026-05-24 10:23:48
5999,5ec1984a-0570-4d52-9efc-6945a94c57a7,Carbassó 1 u.,0.74,1.75,2026-05-26 11:39:43
6000,341d7c5f-c9db-458a-a4e9-b6c49f955b98,Tomàquet tipus Raf 1 u.,0.99,4.49,2026-05-26 11:39:43
6001,632ed9fe-1ea8-4e5b-9126-2b3ccff86e55,LA COLLITA Llimona malla 1 kg,2.69,2.85,2026-05-26 11:39:44
6002,7dd1518a-55a2-44e0-8f35-a9eace27d55e,Cogombre 1 u.,1.75,0.66,2026-05-26 11:39:45
6003,05ab4fa2-999b-424e-8a00-9b02e513f697,Pebrot dolç verd italià 1 u.,0.34,0.42,2026-05-26 11:39:45
6004,25805d40-2fda-4f96-95de-753b7a498922,Llimona 1 u.,0.78,0.82,2026-05-26 11:39:46
6005,1ace8755-dcdc-44d8-afb4-ba3d6e11719d,Albercoc  1 u.,0.66,0.67,2026-05-26 11:39:48
6006,2b41944a-c7ca-40a5-948b-b03b27921837,Meló sencer 1 u.,4.98,4.48,2026-05-26 11:39:48
6007,3f44c6a6-3ab9-4e3b-807f-57095dd901e5,Síndria Fashion 1 u.,2.29,13.91,2026-05-26 11:39:49
6008,eb7d46f4-d35e-4207-8d44-aca31c9f1e63,BONPREU Costelles de xai,15.75,14.49,2026-05-26 11:40:12
6009,e4f1ba08-f013-4ac0-a08f-f33cfc4f12c1,BONPREU DE L'ERA Mandonguilles amb all i julivert,7.25,7.49,2026-05-26 11:40:12
6010,acf92d34-a546-4a5d-a50f-1f93ad7b0e13,BONPREU Cabrit per arrebossar,18.25,17.99,2026-05-26 11:40:13
6011,92e105a3-3cfe-483c-b320-9185b78ef007,BONPREU Xai amb torna 5 o 6 talls,13.25,12.49,2026-05-26 11:40:13
6012,7174ff99-c453-4d65-8351-9fe3952f0348,BONPREU Espatlla de xai,29.49,28.99,2026-05-26 11:40:14
6013,2ece3e6f-498c-4401-81af-0230e39f2a29,BONPREU Xai del país,22.52,21.24,2026-05-26 11:40:14
6014,f3d00975-085b-4a93-a6e2-b195183e077b,BONPREU Costelles de xai,15.66,14.4,2026-05-26 11:40:15
6015,24a257e7-6f41-4113-92e6-670fb5e82206,BONPREU Espatlla de cabrit,17.77,17.55,2026-05-26 11:40:15
6016,cf75d10f-2932-47d7-8d94-9a0e6df52c0d,BONPREU Cuixa tallada amb os de xai,10.2,9.8,2026-05-26 11:40:16
6017,f1a456bc-2370-4b33-a5ec-50f2c00f0ba0,BONPREU Espatlla de xai,13.72,13.5,2026-05-26 11:40:16
6018,c749f34b-48ae-42cf-b4c6-0966da6adb1d,BONPREU Fetge de cabrit,5.77,5.49,2026-05-26 11:40:16
6019,cb2d2e58-ffda-43ce-ab1d-52f861a39137,BONPREU Braó de xai,10.25,10.0,2026-05-26 11:40:17
6020,3151546e-5188-43c9-82ec-ecd931fe6c1a,BONPREU Cabrit,18.25,18.0,2026-05-26 11:40:17
6021,6932c6f9-02d7-4a67-821c-b5191dea16e7,BONPREU Cabrit per arrebossar,18.75,18.5,2026-05-26 11:40:17
6022,8110e685-ae3b-45b0-a09d-686f45fd8656,BONPREU Coll de xai,8.2,8.0,2026-05-26 11:40:17
6023,cdab9686-61c0-418e-865f-df84d3cd0375,BONPREU Espatlla de xai,29.49,28.99,2026-05-26 11:40:17
6024,cad8a847-0f82-40d1-8fc9-7cba2ccf9c7b,Cueta de rap (ració),11.05,10.2,2026-05-26 11:40:20
6025,de593e2f-f497-45d8-aed7-29be29c70e36,Musclo en malla d'1 kg,3.49,3.99,2026-05-26 11:40:20
6026,cd1dbe3a-c8d0-4045-b08c-e0dbf257c5ec,Salmó superior sencer,13.99,34.98,2026-05-26 11:40:21
6027,8bb1c7e7-f72c-4186-b726-98faa73c6900,ALFONS III Beguda espirituosa,5.99,6.1,2026-05-26 11:42:37
6028,ea9caa61-e56b-49eb-b592-580a1f89b443,LA COLLITA Cireres Km0 en capsa d'1 Kg,9.99,8.99,2026-05-27 11:33:46
6029,bda196fe-8cdb-4aa3-ae5e-05ef2a8ac5d8,Seitó (costa),1.0,1.4,2026-05-27 11:34:27
6030,9f1a58e3-4eea-419e-a4fe-2c91395bb3f3,Sardina grossa,3.0,3.5,2026-05-27 11:34:28
6031,9027f8ca-0408-464e-906e-a3715cc78358,BONPREU Galetes cookies amb trossos de xocolata i xocolata amb llet,1.4,1.35,2026-05-27 11:35:20
6032,a115043c-e18d-415e-a4a0-071cc0df343c,BONPREU Brou de peix i marisc UHT,1.0,0.95,2026-05-27 11:36:15
6033,6af0b249-174b-4dc9-84c8-8ade331cc621,BONPREU Brou de pollastre,0.8,0.75,2026-05-27 11:36:15
6034,1a9e6efc-c293-44cc-bdf8-870e459b4c6c,BONPREU Brou de verdures UHT,1.0,0.95,2026-05-27 11:36:15
6035,c2391c3f-4d0d-4850-8934-1c8928d46e9b,BONPREU Brou de pollastre en pastilles,0.72,0.7,2026-05-27 11:36:16
6036,ab46324c-9624-48c5-a35b-70ceb986520c,BONPREU Brou de peix i marisc en pastilles,0.85,0.7,2026-05-27 11:36:17
6037,19af9090-987e-4eea-aba1-128e835e531b,BONPREU Brou sabor de carn en pastilles,0.85,0.7,2026-05-27 11:36:17
6038,a8de4ceb-e900-4c84-b466-e97b3fd771b2,CASTREÑO Licor d'herbres,6.1,5.99,2026-05-27 11:37:24
6039,4654dabf-10c3-4ae6-993c-6179af9dddd4,XORIGUER Gin Xoriguer,13.95,14.25,2026-05-27 11:37:26
6040,0c95840e-354c-4724-8d14-479ccd281b76,ZARBEE'S Xarop per a la tos i el coll,12.9,13.45,2026-05-27 11:43:39
6041,182c98c0-9dc3-451e-8ad8-41aeadc176ab,ACTIVIA Quefir amb maduixa,1.79,3.39,2026-05-27 22:18:11
6042,80a0c607-4b9c-4671-a198-dae96da167f0,ACTIVIA Quefir per beure amb gust de mango,1.79,3.39,2026-05-27 22:18:11
6043,2f822123-9bcf-4e30-bc9c-032087420489,ACTIVIA Quefir per beure natural,1.79,3.39,2026-05-27 22:18:11
6044,a0f830ca-fb1e-4cf7-a517-5f7cea6582ea,"LA COLLITA Plàtan ""Plátano de Canarias IGP"" Extra en cinta",3.14,3.31,2026-05-28 11:51:16
6045,b83ac3c9-6ad9-4eaa-a98c-9aa1aa6a14ad,Filet de Truita irisada.,4.99,5.99,2026-05-28 11:51:57
6046,71129534-cc22-4070-962d-dd1b349d8376,BONPREU Oli d'oliva verge extra ecològic,10.45,10.65,2026-05-28 11:52:23
6047,2f44ca83-8309-403b-8ff3-9a741b0fa579,IFA Oli d'oliva suau,3.9,3.85,2026-05-28 11:52:28
6048,6943e6af-766f-46f6-8896-d0c65089d932,SOLEY Cafè molt natural descafeïnat,4.85,4.99,2026-05-28 11:52:43
6049,034594c4-7751-408f-a445-411a77a22a5c,BONPREU Llaços amb vegetals,0.99,0.89,2026-05-28 11:53:23
6050,ec40473c-6ba2-4c70-b94f-c72fea0856a8,BONPREU Fajol ecològic,1.85,1.99,2026-05-28 11:53:27
6051,0b7d7d65-51b0-41f9-8bde-082194d79d18,LES COUSINS Vi negre DOQ Priorat,12.95,12.99,2026-05-28 11:54:48
6052,0e0e886f-45fa-4f13-97fc-72f43ccf136d,BONPREU Suavitzant amb extracte de queratina,1.75,1.59,2026-05-28 11:56:05
6053,7e3ec098-a8ef-450e-8ae2-e03f0813172d,BONPREU Xampú amb oli d'ametlles i vainilla,1.6,1.45,2026-05-28 11:56:05
6054,ffc6fbdf-3545-4a55-94c2-c3fe40684869,BONPREU Xampú hidratació,1.79,1.85,2026-05-28 11:56:05
6055,8a719133-d91b-4dee-9822-a5dd74ec3d25,BONPREU Xampú infantil,1.75,1.79,2026-05-28 11:56:05
6056,f0b9690b-7b7f-4b3b-a765-61dafc99b4b5,BONPREU Xampú nodreix i repara,1.79,1.85,2026-05-28 11:56:05
6057,b79af062-edf9-4033-b83b-3048e2f1269c,BONPREU Suavitzant repara i nodreix,1.79,1.85,2026-05-28 11:56:06
6058,1bc8619a-a763-40f5-87d8-cb19765a0c7f,BONPREU Xampú Detox,1.79,1.85,2026-05-28 11:56:07
6059,e92fa4f5-d393-456d-bd23-66f989119547,BONPREU Xampú fortificant,1.79,1.85,2026-05-28 11:56:07
6060,abe7a732-3a85-4ed6-8f06-3fcc2a5eeed0,NELLY Condicionador bifàsic instantani,3.19,3.35,2026-05-28 11:56:07
6061,15462722-4ee9-43a2-a027-d02e10ad6300,NELLY Condicionador bifàsic,2.09,2.19,2026-05-28 11:56:08
6062,34f9ae8d-f091-457c-9d7a-aae044eec942,NELLY Laca format viatge,1.35,1.45,2026-05-28 11:56:08
6063,e4be1fb7-9edd-43ac-ab4f-7c39360e5123,FROSCH Rentavaixella concentrat de romaní ecològic,3.99,4.15,2026-05-28 11:57:25
6064,66764d14-01d5-4b98-b0bc-e15d05595fe3,BONPREU Llumins extrallargs,1.99,2.59,2026-05-28 11:59:10
6065,42d156f4-b522-4556-a6c2-668a674c1e39,Briquetes ecològiques de carbó vegetal,3.99,4.25,2026-05-28 11:59:10
6066,9fe3b6f6-d1b1-4eba-a3b7-6ce03ecacfa2,COMPO Adob per a rosers i plantes enfiladisses,9.95,10.75,2026-05-28 11:59:51
6067,d8192935-02dc-414d-8a4f-3dbcb98d7d50,LA COLLITA Gerds en safata de 125 g,2.29,1.99,2026-05-29 11:41:03
6068,7dae93de-3803-487c-ac06-3feb5dc3a9d4,Alvocat 1 u.,1.43,1.35,2026-05-29 11:41:04
6069,13a22d11-3a94-482f-b1e9-b5810148dc22,Préssec paraguaià 1 u.,0.6,0.51,2026-05-29 11:41:04
6070,ea9caa61-e56b-49eb-b592-580a1f89b443,LA COLLITA Cireres Km0 en capsa d'1 Kg,8.99,8.69,2026-05-29 11:41:08
6071,7dcfaef2-27b5-4fc0-a605-7eff27e29493,BONPREU Samfaina,1.79,1.99,2026-05-29 11:44:15
6072,1d1e9c68-4b84-4976-a006-203ac71ce262,BONPREU Tempura de carbassó,3.49,2.39,2026-05-29 11:44:16
6073,5efebcb3-147d-4aae-b95c-6da3e1e6c648,BONPREU Lasanya de carn anb beixamel,2.12,2.45,2026-05-29 11:44:17
6074,0d7a79fd-9f9f-4595-98c0-d3ea7e8feadd,BONPREU Pebrots del piquillo farcits de bacallà,2.55,2.45,2026-05-29 11:44:17
6075,6b28688c-6954-4664-b928-4590a007d272,BONPREU Saltat d'espinacs amb panses i pinyons,2.29,2.49,2026-05-29 11:44:17
6076,b5b60066-cad8-48a3-88a8-5cf955e95839,BONPREU Saltat de bolets,1.95,1.79,2026-05-29 11:44:17
6077,3884a6ba-240c-413b-9a3d-0cb2a80e5ffb,BONPREU Verdures a la graella,1.74,1.85,2026-05-29 11:44:17
6078,d41ae213-3826-4738-bd50-6a28ce07fac9,PRELI Tequeños de formatge,3.45,3.25,2026-05-29 11:44:17
6079,0cbead10-801d-4d13-9d30-dbdf1cf08483,BONPREU Croquetes de bacallà,2.0,1.95,2026-05-29 11:44:18
6080,17c62f0c-0031-4382-b171-8b8719c44095,BONPREU San Jacobos,1.35,1.45,2026-05-29 11:44:18
6081,58402c37-8249-4be8-a8c1-52e6f4d76653,BONPREU Minicroquetes de pernil curat,1.26,1.38,2026-05-29 11:44:19
6082,ada6ba5c-72bc-4ce3-9e57-899dbc33cd7e,BONPREU Pizza al forn de pedra de verdures brasejades,2.49,2.29,2026-05-29 11:44:22
6083,15fcc8bb-3c7c-4fd9-9221-d451c4f30277,CECOTEC Aspirador de mà Conga ExtremeSuction,49.99,47.99,2026-05-29 11:46:39
6084,43c3a886-175e-4e4f-bacd-cfd478594e79,KARCHER Netejavidres a vapor WV 1 Plus,52.99,59.99,2026-05-29 11:46:39
6085,86e64e5a-da1e-423e-a166-d88c03e2c0c2,ROWENTA Bàscula de bany  Premiss BS1800,14.99,15.99,2026-05-29 11:46:39
6086,e5375340-ded8-4a71-ac6b-3955197cc843,TAURUS Batedora de mà Robot 750,18.99,19.99,2026-05-29 11:46:39
6087,28f9a2fa-1945-4398-a261-08758ef4e606,MOULINEX Torradora,29.99,25.99,2026-05-29 11:46:40
6088,00685e77-aabd-4c7c-9e23-55df955ed71d,PHILIPS Planxa de vapor vertical,39.99,41.99,2026-05-29 11:46:40
6089,7ecc1392-b6f9-4c51-9776-3b776cad2952,PHILIPS Retalladora de barba Barber BT3617/15,28.99,29.99,2026-05-29 11:46:40
6090,cbff29ea-47a4-4eda-84fe-4324b5f26d2c,PHILIPS Lleva borrissol blau,15.99,16.99,2026-05-29 11:46:41
6091,fb721622-9dc6-473e-bd0c-a0075b2460cb,PHILIPS Picadora HR1501/00,31.99,32.99,2026-05-29 11:46:41
6092,ed37e11a-b4cd-46bb-8e9a-7404e27e472b,"PHILIPS Retallador per a nas, orelles i celles",18.99,19.99,2026-05-29 11:46:41
6093,05529c54-27e1-4efa-9010-fa615799e411,TRISTAR Assecador de cabell amb difusor,20.99,22.99,2026-05-29 11:46:41
6094,b4f0ba94-6dbc-45eb-b008-ac3d44acd07b,BRAUN Espremedora Multiquick3,25.99,19.99,2026-05-29 11:46:42
6095,fd0d5aa4-f3cc-45dc-aeba-aa230a044d34,CECOTEC Raspall de massatge facial Total Clean,14.99,13.99,2026-05-29 11:46:42
6096,603da9ed-57e8-4958-a6ff-ff06f4528e4c,CECOTEC Raspall per al cabell d'aire CeramicCare Unique Touch,19.99,29.99,2026-05-29 11:46:42
6097,850785ad-da9f-4390-b87d-9335300dafe3,NUTRIBULLET Batedora portable,42.99,36.99,2026-05-29 11:46:42
6098,4a392654-f644-489f-a202-44992b657d31,PHILIPS Set de barber All in One Trimmer MG3935/15,34.99,36.99,2026-05-29 11:46:42
6099,40ff764e-9f6c-4dde-a4ce-8c15a1241a2a,CECOTEC Assecador de cabell Drynova 3n1 Mint,42.99,39.99,2026-05-29 11:46:43
6100,d7f5918e-7727-4ae3-8e33-4fe634598354,PHILIPS Planxa per als cabells de ceràmica,25.99,26.99,2026-05-29 11:46:43
6101,e7eeb080-b6c5-492c-8a52-51fdef4af5fd,PHILIPS Depiladora Epilator Series 2000 BRE227,32.99,34.99,2026-05-29 11:46:44
6102,d2211928-8ef2-492d-b157-90ac33640b15,PHILIPS Màquina d'afaitar inalámbrica Wet & Dry 3000X Series,49.99,55.99,2026-05-29 11:46:44
6103,9dde8bfa-a14c-40c9-bbb1-2c9aabb656aa,UFESA Batedora de got Sunset,46.99,49.99,2026-05-29 11:46:44
6104,4b46d23b-2749-4aaf-833f-8072461633a8,BONPREU Pit de pollastre filetejat,4.25,4.73,2026-05-29 22:23:38
6105,e5d2638b-4b30-4bbf-8c40-674fdc2d1a78,LA COLLITA Patata per bullir en bossa de 2 kg,3.59,3.99,2026-05-30 10:20:15
6106,c75dc0da-d83c-40c3-a856-febf5b618273,BOLLO Meló tallat en porcions,2.39,1.99,2026-05-30 10:20:19
6107,2b7ecbdc-3575-4626-8ee8-eb5f75b8a5ab,LA COLLITA Patates vermelles en bossa de 2 kg,2.95,3.59,2026-05-30 10:20:20
6108,b7a3a575-c0d0-44cc-80b9-c124b4b789b3,Llenguado,6.0,5.7,2026-05-30 10:21:06
6109,82ab89e8-2d98-4a47-af0d-91e170714279,Gamba rosada del Mediterrani,12.99,9.99,2026-05-30 10:21:07
6110,410a304b-8c41-4a14-b3d1-68e90533586a,Llenguado gros,11.88,10.8,2026-05-30 10:21:08
6111,a4a649fd-c25c-42a6-812c-1fc63b87a74c,SAL COSTA Sal d'alta cuina,1.95,2.25,2026-05-30 10:21:33
6112,35902795-1933-4bf0-998a-65ed8363ca87,ALBO Sardines petites en oli d'oliva verge extra,2.75,2.99,2026-05-30 10:22:55
6113,015fef5c-5866-4a46-ac35-bf924eeb8320,TURBIO Caixa  vi blanc,11.94,10.74,2026-05-30 10:23:55
6114,4dd45d4a-e87a-43b8-909f-93e9cc85627f,TURBIO Vi blanc,1.99,1.79,2026-05-30 10:24:05
6115,70d1e709-ab73-45bc-aa41-24f391ed2cc7,CECOTEC Robot aspirador Conga M10,129.0,89.99,2026-05-30 10:27:46
6116,68ff6e74-56b5-4fa3-aa96-8fb0386dc969,KRISSIA Barretes de surimi fresc,3.99,4.65,2026-05-31 10:37:12
6117,4d179773-5232-45c7-a817-3e53751ca08b,KRISSIA Barretes de surimi fresc 0% matèria grassa,3.99,4.65,2026-05-31 10:37:12
6118,1201125e-2ac4-4656-94ca-ffb699a5b39c,FREIXENET CAR.NEVADA Cava Brut guarda,6.95,7.45,2026-05-31 10:39:40
6119,ed741f92-852a-4908-9fb6-90a59a691d97,FREIXENET CAR.NEVADA Cava semisec guarda,6.95,7.45,2026-05-31 10:39:40
6120,fcc20a15-3cb3-4713-a087-213091da1b57,COMPO Insecticida Axiendo ultra polivalent,12.25,12.95,2026-05-31 10:41:52
6121,7604ffca-434f-4789-a61e-386ec356f93a,COMPO UNIVERSAL Fertilitzant universal líquid,8.25,8.45,2026-05-31 10:41:52
6122,f9ff1b53-1183-4aab-9269-2ebcaef2efb6,COMPO Fertilitzant plantes verdes,8.25,8.45,2026-05-31 10:43:38
6123,79546a44-4ccf-442d-9229-20c8a0688af7,COMPO Varetes fertilitzants amb Guano,4.85,4.95,2026-05-31 10:43:39
6124,0bd7a116-3ccd-4c0a-9950-0c86e7a98be6,COMPO SANA Substrat Universal Confort,7.25,7.45,2026-05-31 10:43:40
6125,274a5d94-c60e-42a5-8be1-cbf9a1cd7dbc,LA COLLITA Albercocs Km0 en safata de 600 g,3.79,3.49,2026-06-01 13:14:16
6126,5890a3b6-3b13-4b3b-a419-5ef4a457b892,BURGO DE ARIAS Formatge fresc amb proteïna,2.49,3.4,2026-06-01 13:14:34
6127,bbf16fa7-7f20-4ab7-a006-352002a4da2c,LA GULA DEL NORTE® Succedani d´angula,6.35,5.99,2026-06-01 13:14:49
6128,22a79ee8-b3ac-4a90-9a01-9c7d295918fb,BIMBO Pa de motlle artesà,2.89,2.99,2026-06-01 13:14:52
6129,cb529d8e-b040-4597-a8d7-9051856c5305,BIMBO Pa de motlle natural 100% sense crosta,2.83,2.99,2026-06-01 13:14:52
6130,ba319cba-7cf1-410f-9a11-7cff8c1b6716,THE RUSTIK BAKERY Pa de massa mare,2.99,3.19,2026-06-01 13:14:52
6131,a537e36b-6fce-4db8-9ef6-a9da50f5c4f7,THE RUSTIK BAKERY Pa de massa mare i cereals,2.99,3.19,2026-06-01 13:14:52
6132,51651877-32ad-45a4-9dc0-7026ea7ffbf2,THE RUSTIK BAKERY Pa de massa mare integral,2.99,3.19,2026-06-01 13:14:52
6133,59e3515a-c550-4c0d-8933-53693f1bb2fd,BESTIAL Cotnes de blat gegants,1.79,1.85,2026-06-01 13:15:16
6134,510d0627-0334-454e-8e28-b4884445d4b9,BONPREU Xips de moniato,1.15,1.19,2026-06-01 13:15:16
6135,b245cbc0-79b5-4cf9-962d-f72967e500c5,VIDAL Patates marines,1.99,2.1,2026-06-01 13:15:17
6136,0f790bc4-e66e-49a7-9d54-6ddecd9928ce,SALMAS Crackers de blat de moro,2.59,2.69,2026-06-01 13:15:18
6137,4e8d33a0-3a92-4a24-b9ef-fcb94610d710,MIKSO Xips de verdures,1.99,2.1,2026-06-01 13:15:19
6138,975b5923-7bad-429a-ae69-aaed13285f2d,VICENTE VIDAL Patates Burguer Xips,1.7,1.79,2026-06-01 13:15:19
6139,f789b407-78cb-4e06-a8d9-132b487504d7,MIKSO Xips de verdures amb pebre negre,1.99,2.1,2026-06-01 13:15:20
6140,37675011-8a90-4b73-8f1a-f949407a1fc6,BIMBO Pa per a sandvitx 100% integral,2.89,2.99,2026-06-01 13:15:47
6141,cc5671b0-e3c5-4370-9d14-6f3bfd3a353b,DONETTES Pastisset de xocolata clàssic banyat,2.79,2.99,2026-06-01 13:15:47
6142,de6069e0-3403-4bb4-a48d-19066a6a5d90,DONUTS Berlines glacé,2.89,2.99,2026-06-01 13:15:47
6143,c2099799-3b3d-4a55-972a-16bf1a2b26f9,LA BELLA EASO Magdalenes 0% sucres,2.79,2.89,2026-06-01 13:15:48
6144,2172fb1d-2f25-430d-a29d-66819ca17fbd,LA BELLA EASO Magdalenes rodones,3.1,3.25,2026-06-01 13:15:48
6145,0f889430-3944-44ef-a71c-800f0aac8eba,OROWEAT Pa de motlle de 12 cereals,3.16,3.29,2026-06-01 13:15:48
6146,85a12996-2983-466c-8b56-9ea95e249b26,BIMBO Panet rústic artesà per a hamburgueses,2.34,2.49,2026-06-01 13:15:49
6147,04349614-49c0-42f4-a68c-b466ce1b9fd2,LA BELLA EASO Pa de llet,3.1,3.25,2026-06-01 13:15:49
6148,0950934f-810d-493c-a7c1-a7b945057e7a,ORTIZ Pa torrat integral,2.69,2.79,2026-06-01 13:15:49
6149,8c06844b-7fe0-4058-a1a0-08c614b53c3c,BONY Pastissets,2.39,2.49,2026-06-01 13:15:50
6150,b9cb7dfb-9ee3-4ae0-af93-2efb8b962abb,DONETTES Pastisset nevat,2.89,2.99,2026-06-01 13:15:50
6151,c5ada933-6b5c-4f09-ae62-300cac0764bd,LA BELLA EASO Croissant 0% sucres,2.79,2.89,2026-06-01 13:15:50
6152,49f5d1d8-e4bb-4593-a1b7-ea218426556b,ORTIZ Pa torrat multicereals,2.69,2.79,2026-06-01 13:15:50
6153,a682a5fd-6b4c-4ad4-9bcc-fd4610245cd6,ORTIZ Pa torrat tradicional,2.69,2.79,2026-06-01 13:15:50
6154,103eb015-ecc1-40cb-90e2-3e09f0b38afe,BIMBO Panet patata artesà  per a hamburgueses,2.35,2.49,2026-06-01 13:15:51
6155,95ac019d-f09b-420a-86f1-f356e8302b97,DONETTES Pastisset de xocolata blanca ratllat,2.89,2.99,2026-06-01 13:15:51
6156,5420f121-c891-463e-92db-0c81f8d53114,MUSFI'S Brioix trenat,3.71,3.89,2026-06-01 13:15:51
6157,f187c5e6-bdda-47e5-989f-18a01fb46ef6,QÉ! Canya de crema i xocolata,3.25,3.49,2026-06-01 13:15:52
6158,5b8ca37c-c406-4d93-ab33-1d8f25a7331d,PANTERA ROSA Pastissets,2.39,2.49,2026-06-01 13:15:53
6159,20e94943-e04e-4d16-b54a-b1cf39e46150,AVI TRIAS Arròs de Pals Km0,3.29,3.35,2026-06-01 13:15:58
6160,2cefecf6-884a-4bfd-a0b6-77e72264fdb0,AVI TRIAS Arròs integral de Pals Km0,3.19,3.25,2026-06-01 13:15:59
6161,b22a3ead-ab72-4d3e-a510-f8c0748247e5,SERRATS Bonítol amb oli d'oliva,6.25,6.45,2026-06-01 13:16:05
6162,85d30b3b-61ed-40cd-90ba-ee9293278583,YATEKOMO Fideus orientals amb pollastre,1.55,1.65,2026-06-01 13:16:05
6163,5e54f2dd-bc55-43e9-8159-3250e47fd87e,SERRATS Bonítol del nord al natural,5.95,6.25,2026-06-01 13:16:07
6164,76a5d368-f470-4e08-a528-2f630c4bd1af,YATEKOMO Fideus orientals clàssics Yakisoba,1.95,1.99,2026-06-01 13:16:07
6165,38fa3e79-796c-47bd-9a24-6caec712423d,YATEKOMO Fideus orientals amb pollastre Yakisoba,1.95,1.99,2026-06-01 13:16:08
6166,771dd54a-1716-4bab-903b-7a96ab2b8bca,YATEKOMO Fideus orientals amb espècies,1.55,1.65,2026-06-01 13:16:09
6167,79140190-43f5-4732-a023-6bba6ca4b198,YATEKOMO Fideus orientals al curri,1.55,1.65,2026-06-01 13:16:10
6168,77ffbcd9-28e1-44a0-b214-25fa87dbe3c2,YATEKOMO Fideus orientals amb curri Yakisoba,1.95,1.99,2026-06-01 13:16:12
6169,64e80484-39bc-4467-ace4-6e28d43ac0d5,YATEKOMO Fideus orientals amb carn Yakisoba,1.95,1.99,2026-06-01 13:16:13
6170,e2e7d6f6-cd83-4167-a2af-e1fa1b865c4d,YATEKOMO Fideus orientals amb verdures,1.55,1.65,2026-06-01 13:16:13
6171,505367af-5e3d-470d-a693-a6bffcb465f2,GALLINA BLANCA Brou casolà de pollastre,7.99,8.49,2026-06-01 13:16:15
6172,56db8718-26aa-4d5e-aea8-8be69c6e551e,GALLINA BLANCA Brou casolà de pollastre,2.2,2.3,2026-06-01 13:16:15
6173,0753c115-ad6b-4609-91b2-689bdacf1b6c,GALLINA BLANCA Brou casolà de pollastre,4.09,4.39,2026-06-01 13:16:15
6174,90bf08a4-b73c-4d14-938b-4db9bf533b4e,GALLINA BLANCA Brou casolà de verdures,4.09,4.39,2026-06-01 13:16:15
6175,02dcb6af-c52e-4d4d-87b8-80209854d10b,GALLINA BLANCA Brou casolà d'escudella,2.2,2.3,2026-06-01 13:16:16
6176,c9b39fc1-040a-4713-96eb-a2b47e36b1fe,GALLINA BLANCA Brou casolà de carn,2.2,2.3,2026-06-01 13:16:16
6177,3edbd8bf-aa93-494d-97ae-5dee2dbb9b0a,GALLINA BLANCA Brou casolà de carn d'olla,2.2,2.3,2026-06-01 13:16:16
6178,9e61fa45-d397-485c-a5d5-4a858054d3bf,GALLINA BLANCA Brou casolà de peix,2.2,2.3,2026-06-01 13:16:16
6179,f9766c45-cc7f-4923-afa9-291bfb31fcfd,GALLINA BLANCA Brou casolà de pollastre,1.39,1.45,2026-06-01 13:16:16
6180,39dfba75-96d9-4968-bd11-be76a1cd50d9,GALLINA BLANCA Brou casolà de pollastre baix en sal,2.2,2.3,2026-06-01 13:16:16
6181,3e26c201-39a8-4891-9fe9-ec8293c42a87,GALLINA BLANCA Brou casolà de pollastre i 8 verdures,2.2,2.3,2026-06-01 13:16:16
6182,b85a53fa-1a62-4067-af3a-da2a65a41e3f,GALLINA BLANCA Brou casolà de verdures,2.2,2.3,2026-06-01 13:16:16
6183,6b839ddd-62bf-40d6-98ba-97e8022d1564,GALLINA BLANCA Brou casolà de pollastre amb pernil,2.2,2.3,2026-06-01 13:16:17
6184,a6490ee3-dee0-41cc-a5d0-45c6328d24d0,GALLINA BLANCA Brou casolà suau de pollastre,2.2,2.3,2026-06-01 13:16:17
6185,ef1f57f0-0834-4999-9788-5497c5e62c47,BESTIAL Snack cotnes gegants de blat de moro,1.79,1.85,2026-06-01 13:16:24
6186,e383f60d-af04-4e8e-b247-10788a3fa1e8,"MONTSENY Aigua mineral natural 6x1,5 L",1.62,1.74,2026-06-01 13:16:35
6187,46fcfa39-0f3f-47a1-addf-d2b1dd470f90,BONPREU Aigua mineral natural garrafa 8 L,1.19,1.29,2026-06-01 13:16:36
6188,72a00dcc-2e29-45ef-a221-95efbfc97400,"MONTSENY Aigua mineral natural 1,5 L",0.27,0.29,2026-06-01 13:16:36
6189,c435bff3-250c-4500-bb9a-69841a51fe49,MONTSENY Aigua mineral natural garrafa 8 L,0.97,0.99,2026-06-01 13:16:36
6190,4f0f7dd6-ce90-499e-a03f-e6cb15e1dff3,VERI Aigua mineral natural 1 L,1.0,1.04,2026-06-01 13:16:36
6191,a26eddcd-d73d-4a73-b80c-2e868f8937e3,"VERI Aigua mineral natural 6x1,5 L",4.5,4.74,2026-06-01 13:16:36
6192,42855084-0853-4644-84f2-402c81e48f4f,"VERI Aigua mineral natural 1,5 L",0.75,0.79,2026-06-01 13:16:37
6193,e9b00a74-f087-4d7b-9637-32edf0a5e347,COCA-COLA Refresc de cola Zero sucre Zero cafeïna en ampolla,4.1,3.95,2026-06-01 13:16:39
6194,533204ce-80a8-491e-9570-9c7177a53499,COCA-COLA Refresc de cola zero sucre en ampolla,4.1,3.95,2026-06-01 13:16:39
6195,6be3ce87-0f2b-4511-8544-4108411beab2,BIFRUTAS Beguda Dark de llet i fruites,1.25,1.0,2026-06-01 13:16:47
6196,45dde2bb-f6f9-4641-bf92-e9fe5667573e,ARIAS Mantega micro-pastilla,2.29,2.69,2026-06-01 13:17:39
6197,29d91765-cfce-43b6-b504-1b92c156998c,L'OU DE L'ESTANY Clara d'ou,3.99,3.45,2026-06-01 13:17:50
6198,6fd162cf-f083-43f0-9b84-6afbe44f50a0,NATURAL HONEY Gel de bany hidratant,4.29,4.45,2026-06-01 13:17:55
6199,a7ae7b2c-e634-4466-86a1-19fce2591c7f,NATURAL HONEY Gel de dutxa Sensations amazonia,2.69,2.79,2026-06-01 13:17:55
6200,a4c79200-2384-46f1-b6f9-663bf260c589,NATURAL HONEY Gel de dutxa Sensations argan,2.69,2.79,2026-06-01 13:17:55
6201,d495755e-1583-4c9e-8440-7e3c4d1cce51,NATURAL HONEY Gel de dutxa Sensations coco,2.69,2.79,2026-06-01 13:17:55
6202,c99caec9-437f-43da-aade-6b433e61a1bf,CUIDAPLUS+ Loció antipolls,3.4,3.49,2026-06-01 13:18:04
6203,38cb04fd-d475-4482-94a3-f0f85a0428b8,VITESSE Tovalloletes desmaquilladores,2.75,2.69,2026-06-01 13:18:10
6204,cb18ab60-fb5a-41a4-8a37-bc6d8150b272,NATURAL HONEY Loció corporal extra hidratant,4.79,4.85,2026-06-01 13:18:36
6205,7ce49566-2055-41b5-8926-1ec5b3cd3a63,BONPREU Gel corporal Àloe Vera,4.25,4.29,2026-06-01 13:18:40
6206,a80a06e5-16a7-483e-84c6-86450ce116d3,NATURAL HONEY Loció corporal amb oli d'Argan,4.79,4.85,2026-06-01 13:18:40
6207,f0549fc3-0181-48bc-b155-72d5dd11375a,AGROVALLES Caixa de llenya,7.55,8.25,2026-06-01 13:20:21
6208,c26cf1e7-50ec-44e0-aeb4-daef08429e18,AGROVALLES Caixa de llenya per encesa,7.55,8.25,2026-06-01 13:20:21
6209,ecd0846d-13ed-480d-9160-0471731ea973,ENERBIO Pèl·let de fusta,5.45,5.99,2026-06-01 13:20:21
6210,049c9b9d-d94e-44fb-aefe-94e72addc9e1,MAGIC CARBÓN Briquetes de carbó vegetal,3.95,4.49,2026-06-01 13:20:21
6211,bd134647-604a-4bac-923b-67735e63f739,YOGIKIDS Iogurt líquid de maduixa,2.1,2.15,2026-06-01 13:21:49
6212,5f067d9b-dbba-4f9f-9536-5a0f913cd8b6,YOGIKIDS Iogurt líquid de maduixa i plàtan,2.1,2.15,2026-06-01 13:21:49
6213,97075847-6473-4fb5-b230-700b4f5747ba,MONTPLET Aigua oxigenada reforçada 5.1%,2.39,2.59,2026-06-01 13:21:58
6214,d528f541-2b2c-4549-8927-b97c820826ef,MONTPLET Alcohol etílic 70º,1.25,1.29,2026-06-01 13:21:58
6215,715ee001-9202-4085-be4d-7036e35d198a,MONTPLET Alcohol etílic 96º,3.69,3.79,2026-06-01 13:21:58
6216,32fdb23f-3c58-4211-b5c2-f48d35e94766,MONTPLET Antisèptic per la pell amb clorhexidina,2.25,2.35,2026-06-01 13:21:59
6217,ddefcc6b-dd3b-4f94-8ae1-649ba8cf5f62,SORIA NATURAL Melatonina pura,9.95,10.29,2026-06-01 13:22:05
6218,79427220-cc96-488e-8a92-13be44ba40a5,SORIA NATURAL Composor 08 sistema inmunitari,12.09,12.95,2026-06-01 13:22:07
6219,259d6219-3027-4d68-a461-5caea9c677df,SORIA NATURAL Xarop expectonat,13.6,13.95,2026-06-01 13:22:08
6220,750b54d9-9cc0-4b46-8943-20ac6755a0b6,SORIA NATURAL Complement alimentari Colestesor,14.7,15.49,2026-06-01 13:22:09
6221,1b630b22-086e-42c1-998a-0c840bcbc9c7,SORIA NATURAL Complement alimentari Ginkgo,9.45,9.95,2026-06-01 13:22:09
6222,6358b5ab-e693-4bb7-acf5-2cf067b35aff,MONTPLET Líquid per a lents de contacte,4.25,3.99,2026-06-01 13:22:32
6223,3321d31b-e5a5-451a-b1f2-042cb6557b69,Banana en manat 800 g,1.55,1.49,2026-06-02 12:10:04
6224,15c2dc4e-cf1f-4733-9a5e-c7f588366b46,LA COLLITA Amanida variada,4.29,1.99,2026-06-02 12:10:04
6225,625feae0-0920-4e85-9c0d-e0091b7e62e7,LA COLLITA Nabius en terrina de 170 g,2.59,4.0,2026-06-02 12:10:04
6226,e5d2638b-4b30-4bbf-8c40-674fdc2d1a78,LA COLLITA Patata per bullir en bossa de 2 kg,3.99,3.79,2026-06-02 12:10:04
6227,2b41944a-c7ca-40a5-948b-b03b27921837,Meló sencer 1 u.,4.48,1.79,2026-06-02 12:10:04
6228,c92bf1f1-e762-4e81-b780-54cfc4f2fbf1,Poma Tessa Km0 1 u.,0.54,2.69,2026-06-02 12:10:04
6229,347102ba-dc55-49ac-a61d-09b8a09a042a,Tomàquet blau 1 u.,1.68,4.95,2026-06-02 12:10:04
6230,3b8dcc0f-dbe0-4e02-a60c-438a71fc9906,ZESPRI Kiwi groc 1 u.,1.02,7.29,2026-06-02 12:10:04
6231,a2a1a4ca-d68c-4ac7-bfc3-569da723a9de,Banana 1 u.,0.19,0.22,2026-06-02 12:10:05
6232,5ec1984a-0570-4d52-9efc-6945a94c57a7,Carbassó 1 u.,1.75,0.74,2026-06-02 12:10:05
6233,f31cc293-7d26-4dad-8754-522399c9ddcd,LA COLLITA Espàrrecs verds prims en manat de 250g,1.99,2.45,2026-06-02 12:10:05
6234,9cdf1115-b264-4d6b-a373-41cbda753dcc,LA COLLITA Taronges malla de 2 kg,2.89,3.09,2026-06-02 12:10:05
6235,371e6587-1b14-4272-8e9e-488e2d3b879d,Nectarina  1 u.,0.79,0.89,2026-06-02 12:10:05
6236,3f2509f5-cc02-4bc0-87b7-c64aceb6cb56,Préssec d'aigua 1 u.,0.8,0.85,2026-06-02 12:10:05
6237,634fe16c-8ee4-49cb-bdea-313103cce803,Préssec groc 1 u.,0.79,0.85,2026-06-02 12:10:05
6238,53465c7a-a818-4176-8903-a87e93a8c7c8,Préssec paraguaià 1 u.,0.79,0.69,2026-06-02 12:10:05
6239,141121ea-aed2-4426-a9fd-544340e2bdb4,Taronja 1 u.,0.56,0.61,2026-06-02 12:10:05
6240,648ad2e7-9380-4c76-8c35-2cfa68b190f3,LA COLLITA Taronges en malla de 4 kg,3.99,4.59,2026-06-02 12:10:06
6241,fe5ff9e8-2c07-4496-aa48-d896492887bc,Aranja 1 u.,1.19,1.09,2026-06-02 12:10:07
6242,cb6b2b48-7c05-43f7-a87a-5dc6b8b5b4ba,LA COLLITA Espinacs Km0 en bossa de 350 g,1.99,2.19,2026-06-02 12:10:07
6243,486ce6e6-cdcc-4ad0-9d97-5770d5295be7,LA COLLITA Síndria amb llavors ecològica 1 u.,6.49,5.99,2026-06-02 12:10:07
6244,4acd6af3-4253-4377-b604-f5aa20928f4a,Préssec d'aigua 1 u.,0.76,0.82,2026-06-02 12:10:07
6245,9b81c4dd-4fb0-4b62-b60b-4a9eb6207946,Préssec groc 1 u.,0.94,0.97,2026-06-02 12:10:07
6246,b6737966-e517-48fa-969c-3cee4ac33f55,Síndria sense llavors 1 u.,8.99,7.99,2026-06-02 12:10:07
6247,6a8f28c3-6901-4133-b2ca-51e1355abc8c,Tomàquet Monterosa 1 u.,3.99,1.48,2026-06-02 12:10:07
6248,4ec026a7-c5e1-4744-b1bf-30aa46e98dd1,Coco 1 u.,3.0,1.65,2026-06-02 12:10:08
6249,36792cc9-abef-4815-821a-feab4f317255,FUENCAMPO Ceba dolça 1 u.,2.75,0.83,2026-06-02 12:10:08
6250,2b7ecbdc-3575-4626-8ee8-eb5f75b8a5ab,LA COLLITA Patates vermelles en bossa de 2 kg,3.59,3.79,2026-06-02 12:10:08
6251,3b035405-d0d4-48a6-afb2-01338503ece7,Llima 1 u.,4.39,0.4,2026-06-02 12:10:09
6252,534842d5-0a85-48b1-a91c-1fe354a097a4,Taronja 1 u.,0.53,0.58,2026-06-02 12:10:09
6253,341d7c5f-c9db-458a-a4e9-b6c49f955b98,Tomàquet tipus Raf 1 u.,4.49,0.99,2026-06-02 12:10:10
6254,45720afa-86aa-4d34-b377-d4a278e21ff8,LA COLLITA Cireres extra Km0 en safata de 300 g,3.79,3.39,2026-06-02 12:10:11
6255,a3e220b5-a399-4411-b595-065303afa904,Meló Cantalup 1 u.,4.23,3.96,2026-06-02 12:10:11
6256,4dcaeed5-0e4d-44c3-ab26-e2827dab8e90,Meló Gàl·lia 1 u.,3.86,4.01,2026-06-02 12:10:11
6257,40c08a8a-cd09-4f7d-bfad-0db962660a85,Papaia petita 1 u.,2.7,2.52,2026-06-02 12:10:11
6258,3f44c6a6-3ab9-4e3b-807f-57095dd901e5,Síndria Fashion 1 u.,13.91,11.48,2026-06-02 12:10:11
6259,806cae82-8c1c-4f51-a796-b44f7bfcd7a4,CEREZO Encenalls serrano,3.59,6.99,2026-06-02 12:10:13
6260,14f077b0-808c-4dee-9c45-3916f2117a02,BONPREU Sobrassada cular IGP de Mallorca Bonpreu en talls de 150 g,2.19,14.59,2026-06-02 12:10:14
6261,f8a008a4-f928-41b3-99c5-f8558b8e1736,CAMPOFRIO Pernil cuit extra Campofrio en talls de 200 grams,3.0,14.99,2026-06-02 12:10:14
6262,bd27f4f6-3e26-489f-8405-a3db7eb68fe9,CUIT'S Pit d'indiot al forn Cuit's en talls de 150 grams,3.44,22.95,2026-06-02 12:10:14
6263,cb70dbec-4ac4-43db-a10a-d60c47e2834c,EPICUM Espatlla d'enceball Epicum en talls de 150 grams,8.97,59.79,2026-06-02 12:10:14
6264,d0f4d9d8-a5e8-4ca0-ae0a-f512bb74bf7b,FERJU Xoriço de Lleó Ferju en peça de 460 grams,9.18,19.95,2026-06-02 12:10:14
6265,ac7d59d3-7b5b-48c9-8b1c-36dbc20dbe18,FERJU Xoriço picant de Lleó Ferju en peça de 460 grams,9.18,19.95,2026-06-02 12:10:14
6266,1cd951c3-5514-466a-add0-b03fe2cb8889,LA SELVA Llom curat amb pebre La Selva en talls de 100 grams,3.0,29.95,2026-06-02 12:10:14
6267,374c8a1a-b7e0-467e-a858-e2c006264e86,PEDRAGOSA Llonganissa d'indiot Km0 Pedragosa en talls de 150 grams,5.24,34.95,2026-06-02 12:10:14
6268,7d337f1c-436a-4cb3-a925-7ef5306e2393,RAL D'AVINYO Espatlla curada polida Ral d'Avinyó en talls de 150 grams,4.65,30.99,2026-06-02 12:10:14
6269,c6716030-2eaf-4537-95c2-520088d5125a,SALGOT Bull de llengua i fetge Salgot a talls de 150 grams,2.92,19.49,2026-06-02 12:10:14
6270,fc8bb936-e7f0-4dde-be5e-cf0ca14fc3b5,ARGAL Fuet & bread,1.69,1.39,2026-06-02 12:10:15
6271,41c6b200-217e-4afa-b466-b4814a88aab8,BONPREU Xoriço ibèric extra a talls,1.99,2.85,2026-06-02 12:10:16
6272,a67b9c18-9223-4958-8011-d42ad25a1058,NAVIDUL Espatlla d'enceball ibèrica,7.95,7.5,2026-06-02 12:10:16
6273,893d3003-5599-4b43-a1ab-2577ebea02c8,CAMPOFRÍO Pit d'indiot brasejat Campofrio en talls de 200 grams,18.99,3.8,2026-06-02 12:10:18
6274,60c7b00a-e1e5-4703-a82c-a1548d223072,ARGAL Pit d'indiot Oliving Gourmet Argal en talls de 150 grams,23.49,3.52,2026-06-02 12:10:19
6275,4a9434c0-a624-4cbb-9824-8b728f7e3851,BONPREU Botifarra catalana amb tòfona Bonpreu en talls de 150 grams,16.29,2.44,2026-06-02 12:10:19
6276,d111e7d2-5c3e-4546-999a-3f3585a84e42,CARLIT Pa de fetge al forn Carlit en talls de 150 grams,14.99,2.25,2026-06-02 12:10:19
6277,54b4bf65-076d-4f76-a094-f1364f94ac8a,CASA CRUELLS Botifarra esparracada Casa Cruells en peça de 350 grams,15.95,5.58,2026-06-02 12:10:20
6278,4dab225c-f0bb-46fb-b06c-9882491627b0,NAVIDUL Pernil serrano reserva Navidul en talls de 150 g,33.69,5.05,2026-06-02 12:10:20
6279,208d0bb0-2359-4cdc-9708-5957eea6b0cc,SALGOT Somaia Salgot en peça de 200 grams,29.99,6.0,2026-06-02 12:10:20
6280,bf0823b2-0c5b-4134-ac24-f3de5193b25b,ARLA Formatge havarti al tall llescat,5.23,14.95,2026-06-02 12:10:25
6281,31f623c8-17c4-453e-873c-e157f163c12d,CADÍ Formatge Neu al tall,3.45,17.23,2026-06-02 12:10:25
6282,bf59d09f-07c3-4833-b558-ccba6667f3d7,CADÍ Formatge crema al tall llescat,2.4,11.99,2026-06-02 12:10:25
6283,9eb62d34-0150-470c-a8fb-40689712becf,CHAUMES Formatge madurat al tall,4.48,29.89,2026-06-02 12:10:25
6284,c9621268-02a7-4625-b44d-4e3a64abaea4,CLAWSON Formatge blau Shropshire al tall en poció,5.36,29.75,2026-06-02 12:10:25
6285,6e2fe883-a49f-4a79-8ebd-a91df4fe7e27,COINGA Formatge semicurat de Maó al tall,2.9,14.49,2026-06-02 12:10:25
6286,a326487a-df14-4b75-ae7f-8503aa610189,EL PASTOR Formatge vell reserva al tall en porció,4.12,14.99,2026-06-02 12:10:25
6287,54c96d3d-c3f1-46cc-8217-539db8c47be8,GARCÍA BAQUERO Formatge curat la cava barus al tall en porció,7.33,20.95,2026-06-02 12:10:25
6288,22f09e64-2b25-48d6-be46-cb9a37306c55,PRÉSIDENT Formatge Brie francès al tall,3.4,19.99,2026-06-02 12:10:25
6289,c81e3ee6-c641-4ac8-85ac-84633c2066b5,SOMBRERO DE COPA Formatge tendre Edam al tall en porció,1.65,10.99,2026-06-02 12:10:25
6290,5780a342-5c67-4b48-997c-fa64428d6e6e,BONPREU Formatge fos a porcions per untar,3.0,1.59,2026-06-02 12:10:26
6291,f6e0d335-c33e-4c28-bd11-3ba19c84c262,BONPREU Formatge porcions light,3.0,1.59,2026-06-02 12:10:27
6292,5890a3b6-3b13-4b3b-a419-5ef4a457b892,BURGO DE ARIAS Formatge fresc amb proteïna,3.4,2.49,2026-06-02 12:10:28
6293,bffe7d87-f22d-46b3-a17e-c545c6df071b,BERGADER Formatge blau alemany al tall,16.95,2.54,2026-06-02 12:10:31
6294,b0f52821-9d75-46c4-9e87-66d81b088a96,ENTREMONT Formatge Brie al tall en porció,14.99,3.0,2026-06-02 12:10:32
6295,1f5c0512-e301-4962-8f57-c419fbd561ef,POK Formatge d'ovella anyenc al tall en porció,24.5,6.73,2026-06-02 12:10:32
6296,ebbba5a1-eb84-41a3-a6b9-b0c23fd06554,BONPREU Formatge fresc de cabra i vaca al tall,9.99,3.0,2026-06-02 12:10:33
6297,a0f85777-5094-4f7f-99da-198bbacd186f,CADÍ Formatge madurat light al tall llescat,12.49,1.87,2026-06-02 12:10:33
6298,f33d8ab9-f954-4aa6-9019-748461f06afb,EL VENTERO Formatge tendre al tall llescat,17.99,3.6,2026-06-02 12:10:33
6299,11f703ba-2de7-4c1e-b8f6-1df6fc78b9ad,EL GALAN Formatge manxec DOP al tall en porció,24.95,5.49,2026-06-02 12:10:34
6300,ef946e3c-29a7-440b-b189-a9b60543977c,EL PASTOR Formatge de cabra semicurat Delícies al tall en porció,26.39,7.92,2026-06-02 12:10:34
6301,83ea1c1f-f133-4726-9302-9ccfcce5da99,GARCIA BAQUERO Formatge de barreja curat La Cava Artes al tall en porció,22.6,7.91,2026-06-02 12:10:34
6302,c386a82a-fab5-4bc4-81e8-ab97b94d3376,GARCIA BAQUERO Formatge de barreja semicurat amb tòfona al tall en porció,21.9,4.38,2026-06-02 12:10:34
6303,90e7192d-987f-4011-a988-d20204ba67ef,GRAN CAPITAN Formatge curat gras d'ovella i vaca al tall en porció,23.4,8.19,2026-06-02 12:10:34
6304,babb78da-e235-43cb-8782-4abb2e0fd639,BONPREU Botifarra fresca de porc individual,3.75,6.75,2026-06-02 12:10:36
6305,f9c24238-c424-4ddb-95b0-a0c52e0da5fd,BONPREU Broqueta de porc adobada groga,4.99,6.75,2026-06-02 12:10:36
6306,b61559e5-50d9-4f3b-9641-9dba4e8dc538,BONPREU Costella de porc a daus,4.8,9.59,2026-06-02 12:10:36
6307,ffdbe660-c753-4365-8f5b-97e2ece5591c,BONPREU Cuixes de pollastre per la brasa,3.8,7.59,2026-06-02 12:10:36
6308,5625bc8f-631a-439b-8a15-3805a750c507,BONPREU DE L'ERA Bistec 1ªB de vedella,7.05,23.49,2026-06-02 12:10:36
6309,83a1be3c-6ef8-4257-af36-300f17f8d1a0,BONPREU DE L'ERA Pit de pollastre,2.19,12.49,2026-06-02 12:10:36
6310,6d46e052-a9e2-4910-88f3-7db012a7cb5a,BONPREU Filet de vedella sencer,54.59,38.99,2026-06-02 12:10:36
6311,e1b28a9f-0112-4640-a563-35cbcb8641bd,BONPREU Peus de porc precuinats,6.98,7.59,2026-06-02 12:10:36
6312,aad4b4dc-7d89-4932-a586-d90959977846,BONPREU Tira de costella de porc,5.88,7.35,2026-06-02 12:10:36
6313,3b6c069e-201d-456f-9211-900ab81e78ae,BONPREU Xurrasco de costella de porc,4.8,9.59,2026-06-02 12:10:36
6314,74feb3a1-baee-4ca0-a704-9a33c37c36f4,BONPREU Llom de porc extra fi,9.85,4.93,2026-06-02 12:10:39
6315,a0581813-38c7-4773-acc5-2db180f34de2,BONPREU Llom tallat extra fi,10.25,3.08,2026-06-02 12:10:39
6316,78fc6799-7c3c-43ab-a06a-02b0578816e8,Llom arrebossat amb formatge i pernil,15.99,2.08,2026-06-02 12:10:39
6317,bc1ea11b-55cd-4259-bb14-b91e0065248e,BONPREU Espatlles de conill,19.9,6.97,2026-06-02 12:10:40
6318,ec122f18-cd9e-4eef-8d6d-a2b03605f797,BONPREU Blanqueta de pollastre,6.25,3.13,2026-06-02 12:10:41
6319,c922c919-74d1-4500-894d-6a731ce269eb,BONPREU DE L'ERA Bistec 1ªA de vedella,24.75,4.95,2026-06-02 12:10:41
6320,29a001ab-f994-471d-a0b5-aa9535920aa4,BONPREU DE L'ERA Xurrasco de vedella ecològic,15.75,5.51,2026-06-02 12:10:41
6321,eb08dcd5-f5c4-4ba6-9d6c-ec5ec825d36f,BONPREU DE L'ERA Conill sencer d'ulls negres,12.49,14.74,2026-06-02 12:10:45
6322,e650d64d-e246-4d1c-8262-a2d2827c87cc,Filet d'Orada,6.59,6.19,2026-06-02 12:10:47
6323,b8a2db97-4bae-45cd-b77b-c88eaf434d23,Suprema de Salmó,8.99,8.59,2026-06-02 12:10:47
6324,38bdcace-6223-45dd-841a-e62ce2ffb5e8,Filet de Gallineta Oceànica,1.87,14.99,2026-06-02 12:10:48
6325,43621112-1b62-4e09-805f-d025eb6db471,Filet de Lluç del cap,5.6,5.4,2026-06-02 12:10:48
6326,b579e7d8-efef-48e5-95ae-bddc0d30e51a,AGUINAMAR Anelles a la romana,4.39,3.99,2026-06-02 12:10:49
6327,ffd0d76d-10d5-44cf-b265-4d0c2cdd96a9,Anella de Canana gegant,9.99,2.5,2026-06-02 12:10:51
6328,8552ee01-39f6-47e9-a8e8-80b22e1014e3,Bacallà esqueixat salat,24.99,6.25,2026-06-02 12:10:51
6329,7ca81e82-76f6-46f8-8751-70783288ba47,Cua de rap,27.99,23.99,2026-06-02 12:10:51
6330,aa84214a-46ad-43f5-8f2f-730959eb233e,Gamba Llagostinera gran,17.99,4.5,2026-06-02 12:10:51
6331,82ab89e8-2d98-4a47-af0d-91e170714279,Gamba rosada del Mediterrani,9.99,11.99,2026-06-02 12:10:51
6332,cd1dbe3a-c8d0-4045-b08c-e0dbf257c5ec,Salmó superior sencer,34.98,32.48,2026-06-02 12:10:52
6333,22a79ee8-b3ac-4a90-9a01-9c7d295918fb,BIMBO Pa de motlle artesà,2.99,2.89,2026-06-02 12:10:53
6334,4c84f275-17f1-48d4-a31d-2bb87d7832f7,TERRA I TAST Llibrets de llom amb pernil cuit i formatge,5.99,9.95,2026-06-02 12:11:02
6335,e69e6119-3224-4336-99f3-30332fc2f57c,TERRA I TAST Delícies de pollastre nuggets,2.99,3.5,2026-06-02 12:11:03
6336,c7ba76f1-3099-4902-87fd-d5111b405afa,TERRA I TAST Fideuà,8.49,9.95,2026-06-02 12:11:03
6337,002dab6f-2c56-4a4a-a2e2-9b9cf07e3f74,LEGUMEN ARLET Cigronets cuits,3.49,3.25,2026-06-02 12:11:05
6338,c201f228-cfb2-4866-b705-56030f878882,LEGUMEN ARLET Llenties caviar cuites,3.49,3.25,2026-06-02 12:11:05
6339,58cdfb52-fe13-4723-ba4b-6b4ffcf276fb,LEGUMEN ARLET Fesolets cuits,3.49,3.25,2026-06-02 12:11:07
6340,5f2e29f1-0d95-4a50-8ea7-12a50e578d1f,CARBONELL Oli d'oliva verge extra,8.45,28.99,2026-06-02 12:11:14
6341,c36ca120-09bd-4264-bd92-c79fcdc43bf8,COOSUR Oli d'oliva verge,5.69,5.89,2026-06-02 12:11:16
6342,0cbe0f7e-ce7d-4b8a-acb8-766a7cf4cdf7,JUMPERS Snacks de mantega,1.45,1.49,2026-06-02 12:11:23
6343,866bac0a-4ec3-4c6e-828d-97db7f0a5c6c,LLUENA Nous crues,2.65,2.75,2026-06-02 12:11:30
6344,6542813e-a9b1-48db-a048-93b0bfb9b05b,L'OR Càpsules de cafè Ristretto,7.89,8.15,2026-06-02 12:11:34
6345,7d23bcb8-1656-4047-99b3-ca33cbe6f13b,L'OR Càpsules de cafè descafeïnat Ristretto,7.89,8.15,2026-06-02 12:11:34
6346,c1ac2d0e-3361-44ed-8f6c-75954650695d,MARCILLA Cafè molt natural Crème Express,5.65,5.45,2026-06-02 12:11:34
6347,35133cef-f7d0-43e1-9705-05d6ae4271ea,L'OR Càpsules de cafè Colombia Andes,7.89,8.15,2026-06-02 12:11:35
6348,8ec607e8-492c-4773-b7f7-b7ab8566ca24,L'OR Càpsules de cafè Sontuoso,7.89,8.15,2026-06-02 12:11:35
6349,21c2b4b6-c59c-4faf-8584-adc4a2e02a7b,MARCILLA Cafè molt mescla Crème Express,5.65,5.45,2026-06-02 12:11:35
6350,89b30e81-22e9-4733-9ff1-db8d44b31ec5,L'OR Càpsules de cafè Lungo Profondo,7.89,8.15,2026-06-02 12:11:36
6351,55f9226a-7eee-4158-9067-aef3609fcf3c,L'OR Càpsules de cafè Selection Barista,7.89,8.15,2026-06-02 12:11:36
6352,d34fac5a-bfeb-488b-8258-5d15aa6ec231,L'OR Càpsules de cafè Onyx,7.89,8.15,2026-06-02 12:11:38
6353,e22e5281-f874-4988-8366-3801c8772669,L'OR Càpsules de cafè Splendente,7.89,8.15,2026-06-02 12:11:39
6354,441f6e1f-2cf8-4db9-acc9-d6f30fb84fa7,PRINCIPE Galetes farcides de crema de xocolata,2.49,5.99,2026-06-02 12:11:42
6355,2dd65ed3-0df8-4248-8899-c6cf0a08c8f0,NESTLÉ DOLCA Xocolata amb llet,1.35,1.25,2026-06-02 12:11:54
6356,baa0538f-5d64-4153-9ca1-9ee612d0f3e8,NESTLÉ EXTRAFINO Xocolata amb llet,1.79,1.49,2026-06-02 12:11:54
6357,ceb4dd34-39ee-429f-bd7d-297a3ace711c,NESTLÉ EXTRAFINO Xocolata amb llet,4.99,4.25,2026-06-02 12:11:54
6358,ba72d0d7-7a79-48f4-9468-2081f21046e7,HUESITOS Mini barretes de galeta amb xocolata,4.1,3.99,2026-06-02 12:11:57
6359,de6069e0-3403-4bb4-a48d-19066a6a5d90,DONUTS Berlines glacé,2.99,2.89,2026-06-02 12:12:02
6360,52a061df-ab71-46e9-9f98-065ae392daab,"PASQUIER ""Tortitas""",2.99,5.99,2026-06-02 12:12:02
6361,da3b5dbc-27ee-40f2-bc43-cc4f9ace5200,BIMBO Bagels Clàssic,2.49,2.69,2026-06-02 12:12:04
6362,07775fe2-a1eb-4096-8608-37961aa2a6d4,BONPREU Bastonets de pa amb oli d'oliva sense gluten,1.33,1.42,2026-06-02 12:12:04
6363,c6eb5f0d-04ec-4690-8e09-331efd0e9bbc,ZORZI Bastonets pa de vidre,7.95,1.49,2026-06-02 12:12:04
6364,9c5f8eff-e96d-4b69-86bc-d885360d0189,BIMBO Bagels Llavors,2.59,2.79,2026-06-02 12:12:05
6365,305ac6a9-14a8-40be-bc7a-394bd9a1a774,OROWEAT Pa de motlle de pipes,3.16,3.39,2026-06-02 12:12:05
6366,aadf5f93-96ed-4ca4-97fd-2c9654c3ca3e,PASQUIER Brioixos petits,2.65,2.75,2026-06-02 12:12:05
6367,25746e45-e034-4000-8c57-2246deee4ac4,OROWEAT Pa de motlle 100% integral amb llavors,3.07,3.39,2026-06-02 12:12:07
6368,5685d0ae-7933-4e32-acd3-0a7e9b82616b,DONUTS Berlines glacé,1.61,1.99,2026-06-02 12:12:09
6369,8daadc1f-86e7-406f-99a2-710d415425b6,GALLO Pasta fina amb tomàquet i espinacs,1.59,7.95,2026-06-02 12:12:14
6370,7aafdac5-18b7-4de3-a403-5285c1d8ad55,BONPREU Arròs llarg,1.25,1.19,2026-06-02 12:12:15
6371,1553f184-cfa0-40c9-b2f5-5106a7309c61,BONPREU Espirals amb vegetals,2.59,0.79,2026-06-02 12:12:15
6372,01ef11bc-40b7-4978-a4a7-7731105e5d03,CUCA Tonyina clara en oli d'oliva,5.99,7.95,2026-06-02 12:12:24
6373,441e95fc-3148-4e19-8f0d-619fda64b8bb,SERPIS Olives farcides d'anxova,10.95,2.59,2026-06-02 12:12:24
6374,889e09fe-1cfd-4bf4-97f2-1fd555193f54,ALBO Sardines en oli d'oliva verge extra,2.49,2.75,2026-06-02 12:12:26
6375,3a3de52b-1339-40a1-af61-2bcdb4e99de4,CALVO Tonyina clara en oli de gira-sol,10.95,3.5,2026-06-02 12:12:26
6376,546697ae-354c-4856-b3d7-24169457997e,SERRATS Tonyina clara en oli d'oliva verge extra,4.95,5.25,2026-06-02 12:12:27
6377,65e442da-1178-44ea-8bee-cf1332f3e314,ALBO Sardines en escabetx,2.49,2.75,2026-06-02 12:12:29
6378,2b143af2-6b71-4f49-a4a7-633e1c27f8dd,ALBO Sardines en salsa picantona,2.49,2.75,2026-06-02 12:12:29
6379,6fbef194-58e2-43df-9fd2-992dfe03b6a7,ALBO Sardines en oli d'oliva,2.49,2.75,2026-06-02 12:12:30
6380,e0eee24d-51a0-47ef-b1d3-c4461ccf85b2,ALBO Sardines amb tomàquet,2.49,2.75,2026-06-02 12:12:32
6381,ab46324c-9624-48c5-a35b-70ceb986520c,BONPREU Brou de peix i marisc en pastilles,0.7,0.85,2026-06-02 12:12:42
6382,19af9090-987e-4eea-aba1-128e835e531b,BONPREU Brou sabor de carn en pastilles,0.7,0.85,2026-06-02 12:12:42
6383,e90cc560-dd4c-4a49-a506-33840cfa95c9,PRIMA Mostassa Original,1.89,1.79,2026-06-02 12:12:44
6384,f9706816-1615-4233-a77b-d82549e30ea2,SOLIS Tomàquet fregit estil casolà,2.49,7.95,2026-06-02 12:12:44
6385,02b65dea-12dc-42cb-92ce-e3e29cb7117e,HEINZ Maionesa,4.0,2.99,2026-06-02 12:12:46
6386,7b8cabf5-5ed5-44dc-9f49-7e827b1e544c,HEINZ Quètxup,4.0,2.99,2026-06-02 12:12:46
6387,11970972-a939-4639-878e-32e9d686d5dc,HP Salsa fumada Original,2.99,2.69,2026-06-02 12:12:50
6388,8f501891-965f-4c71-8805-6d5733b5f892,XLS MEDICAL Cremagreixos Pro 7 Nudge,99.0,58.95,2026-06-02 12:12:56
6389,f756c7a1-bc04-4214-9478-e81de52c4ebe,AQUILEA Magnesi i potassi,11.95,12.95,2026-06-02 12:12:58
6390,122064ef-9d91-471f-81bb-5b03fa98d639,CORNY Barretes de cereals amb xocolata blanca sense sucres,3.15,2.99,2026-06-02 12:13:03
6391,99f4086e-e769-42d4-99cf-9ca0b8faf601,PERRIER Aigua amb gas 1 L,1.55,1.53,2026-06-02 12:13:08
6392,a8b30228-2a98-4d5b-877c-574eea7839d0,SAN PELLEGRINO Aigua amb gas mineral  natural 6x1 L,5.56,8.34,2026-06-02 12:13:09
6393,a0968875-3a8b-486b-aeae-9cc30cdb5b8a,SAN PELLEGRINO Aigua amb gas mineral natural 1 L en ampolla,5.56,1.39,2026-06-02 12:13:09
6394,6ee50655-5d2a-4f6d-b209-7160f4a913c6,COCA-COLA Refresc de cola sabor original en llauna,38.4,22.99,2026-06-02 12:13:11
6395,aa0c2cf6-a727-429a-9655-fbc3381e6791,COCA-COLA Refresc de cola zero sucre 24x33cl llaunes,38.4,21.6,2026-06-02 12:13:11
6396,73342622-a225-40ca-a18c-bf686dcb4951,TRINA Refresc de llimona sense gas en llauna,0.68,0.66,2026-06-02 12:13:11
6397,9ed17f9f-348a-439a-9991-04cc5748804a,TRINA Refresc de taronja sense gas en llauna,0.68,0.66,2026-06-02 12:13:11
6398,d76d9af9-9e89-4c9d-9146-b663e53ff3dc,COCA-COLA Refresc de cola sabor original en ampolla,14.49,4.69,2026-06-02 12:13:13
6399,0ec3104b-abbe-4c35-ace0-97b52c5fdd65,SCHWEPPES Refresc tònica en ampolla,13.45,2.05,2026-06-02 12:13:13
6400,662c8e44-7f61-4ad7-8553-4e71b948a431,COCA-COLA Refresc de cola sabor original en ampolla,9.56,9.26,2026-06-02 12:13:14
6401,f65ceabf-d27d-4043-864b-1040d68d0f56,SCHWEPPES Refresc tònica Pink Zero en ampolla,13.45,2.05,2026-06-02 12:13:15
6402,115b31a5-bc36-481e-8661-e3baf265799f,SCHWEPPES Refresc tònica Zero en ampolla,13.45,2.05,2026-06-02 12:13:15
6403,0701172c-1194-4160-a689-95df0029a316,SUNNY DELIGHT Beguda refrescant Florida,0.92,0.89,2026-06-02 12:13:15
6404,3446c909-bc8a-405b-9cb2-704a10926325,SUNNY DELIGHT Refresc de maduixa,0.92,0.89,2026-06-02 12:13:15
6405,826e63da-f656-416a-a14e-a16645a819a0,TRINA Refresc de poma sense gas i Zero sucres en ampolla,1.75,1.0,2026-06-02 12:13:15
6406,caad69c1-787c-4e02-b591-c199ff524884,GRANINI Beguda de préssec en ampolla,2.99,5.99,2026-06-02 12:13:18
6407,53e45a4d-392c-4e34-b585-2c39dacff7e0,INNOCENT Smoothie super defensa exòtica,2.99,3.99,2026-06-02 12:13:19
6408,51c9d281-b8e4-478a-8b84-36471db176c7,COMPLOT Cervesa Complot IPA en llauna,1.38,1.32,2026-06-02 12:13:23
6409,e8295fb4-808a-4407-b888-60b5b1722b5c,MORITZ Cervesa especial en ampolla,1.38,1.29,2026-06-02 12:13:23
6410,762b3b05-58c9-4170-8099-c1dd819fc9e3,MORITZ Cervesa sense alcohol en llauna,0.84,7.95,2026-06-02 12:13:23
6411,6e4f1d9b-f4e6-4df0-9ed2-33cf1931e848,XIBECA Cervesa suau 12 x 33 cl en llauna,7.99,8.11,2026-06-02 12:13:23
6412,ab1fae54-0262-435b-a93e-106f7c42594c,XIBECA Cervesa suau en llauna,0.71,9.99,2026-06-02 12:13:23
6413,45f1ff4f-5927-4c7c-a80f-3e064e56f9fa,ESTRELLA DAMM Cervesa especial 12 x 25 cl en ampolla,10.95,8.28,2026-06-02 12:13:24
6414,dec67622-2654-4ef9-b7a8-bc851618efa3,TURIA Cervesa torrada,10.95,4.05,2026-06-02 12:13:24
6415,f772628f-4375-415e-a8d1-35f47145d5ad,ALBALI Caixa de vi negre Valdepeñas criança,16.74,17.94,2026-06-02 12:13:28
6416,843783bb-bcc7-4680-a84c-1064ca2e81f4,RAIMAT CLAMOR Caixa de vi negre ecològic DO Costers del Segre Km0,27.11,41.7,2026-06-02 12:13:28
6417,6db31acd-64f1-4f56-a36a-898d4c4461f2,BACH Vi blanc sec DO Catalunya Extrísima Km0,29.94,22.46,2026-06-02 12:13:29
6418,b6c3c7d4-49a6-438c-bbd2-edc874168b1a,BACH Vi blanc semi dolç DO Catalunya Km0,29.94,22.46,2026-06-02 12:13:29
6419,a9602da9-34d7-4ebf-8a4a-4e2781706ec6,CABRÓ Caixa vi blanc DO Catalunya Km0,23.81,31.74,2026-06-02 12:13:29
6420,663b25a4-124e-4be9-b8bb-6c0f2b721d2e,CLOT D'ENCIS Caixa de vi blanc km0,29.7,26.7,2026-06-02 12:13:29
6421,e4fa4614-c703-4d98-9504-f2ccfc59df0c,CLOT D'ENCÍS Caixa vi negre DO Terra Alta Km0,29.7,26.7,2026-06-02 12:13:29
6422,6cefe56c-3807-4e91-8a10-9afa15d33e3f,COMPTA OVELLES Caixa de vi blanc Do Penedès ecològic Km0,35.94,23.36,2026-06-02 12:13:29
6423,bd0eda0c-9329-43b0-9b75-fadb18ad9e94,NITS DE BOIRA Caixa vi negre DO Catalunya Km0 ecològic,17.96,23.94,2026-06-02 12:13:29
6424,577e3d55-5064-43f0-a1fe-129b90b5b055,RAIMAT CLAMOR Caixa de vi blanc ecològic Costers del Segre Km0,27.11,41.7,2026-06-02 12:13:29
6425,a6e24e17-77b1-41de-bcd3-f4a007d0a5c2,SANGRE DE TORO Caixa 6u. vi negre DO Catalunya,30.3,23.94,2026-06-02 12:13:29
6426,fcb73ee9-1b42-4646-a44c-6117f186f6b7,TAL COM RAJA Caixa de vi blanc DO Terra Alta Km0,41.7,27.11,2026-06-02 12:13:29
6427,eedd3cb2-ddfc-4f47-be62-ee785b033ade,TERRA CÀLIDA Caixa de vi rosat DO Catalunya Km0,19.46,29.94,2026-06-02 12:13:29
6428,4eb601e9-7189-40c2-944c-339df787ba36,VINYA ALBALI Caixa de vi negre DO Valdepeñas,20.94,23.34,2026-06-02 12:13:29
6429,7d465572-0da3-4dc3-be77-cf2dca42c75f,VIÑA ESMERALDA Caixa vi blanc DO Penedès Km0,50.94,47.94,2026-06-02 12:13:29
6430,750e3eac-43f9-4c1b-9672-feda26a6151b,VIÑA SOL Caixa vi blanc DO Catalunya ecològic Km0,36.54,29.94,2026-06-02 12:13:29
6431,97295174-1e1f-4408-bccf-a54090dc01f6,ALTOS TAMARON Caixa de vi negre DO Tierras Castilla,26.94,23.94,2026-06-02 12:13:30
6432,ddc261ac-8662-4bf1-928b-9bd575e45548,BACH Caixa de vi rosat DO Catalunya Km0,29.94,22.46,2026-06-02 12:13:30
6433,0bb41171-0204-401d-858c-0c4e73a895f1,CREVETA Caixa de vi blanc DO Terra Alta,15.08,20.1,2026-06-02 12:13:30
6434,80712600-5997-46bd-81e4-069731044644,CREVETA Caixa de vi negre DO Terra Alta Km0,15.08,20.1,2026-06-02 12:13:30
6435,2df4b29b-6a9f-4bff-a134-4022896f6424,CURIOSA Caixa de vi rosat ecològic DO Penedès Km0,42.71,56.94,2026-06-02 12:13:30
6436,c6056cba-4cd3-4e52-8ac3-83d0965da54e,EL XITXAREL·LO Caixa de vi blanc Do Penedès Km0,44.78,59.7,2026-06-02 12:13:30
6437,921496a7-2acb-4dab-9f92-448c5944a6e8,LA PICOSSA Caixa de vi blanc DO Terra Alta Km0,47.94,31.16,2026-06-02 12:13:30
6438,5a63654a-a0cb-4d50-9668-d74734473293,RAIG DE RAÏM Caixa de vi blanc km0,41.94,27.26,2026-06-02 12:13:30
6439,199049ab-8d65-47ea-b521-dbcfe368a5f3,RAIG DE RAÏM Vi negre DO Terra Alta Km0,41.94,27.26,2026-06-02 12:13:30
6440,314322b9-fd30-42a7-9506-5b7c53c0992c,SINOLS Caixa de vi rosat DO Empordà km0,32.94,24.71,2026-06-02 12:13:30
6441,9af39f07-26b9-4528-a8c8-33a9addbb9a9,ALTOS TAMARON Caixa  vi negre DO Ribera del Duero,37.5,41.94,2026-06-02 12:13:31
6442,e26d0c97-2807-4fbe-ad5c-5ac596d63c85,BACH Caixa de vi negre DO Catalunya Km0,29.94,22.46,2026-06-02 12:13:31
6443,8dda0c87-224b-49fe-9d1c-f26fa6926895,CABRÓ Caixa vi negre selecció DO Catalunya ecològic Km0,23.81,31.74,2026-06-02 12:13:31
6444,c66bc1fe-d429-4905-8479-8bec4fdc7d7a,CHIVITE Caixa 6u. vi rosat Chivite,81.9,69.9,2026-06-02 12:13:31
6445,c0af3b3b-2e00-4a7d-9ccd-e1883e596a0a,INDISPENSABLE Caixa de vi blanc DO Empordà Km0,41.7,35.7,2026-06-02 12:13:31
6446,9c493e52-56d0-48f6-9f35-124b64474d71,LLÀGRIMES DE TARDOR Caixa  Vi negre criança DO T.Alta Km0,62.1,58.14,2026-06-02 12:13:31
6447,a0e04a27-32f4-49fc-bdf4-50493041fd59,LOPEZ DE HARO Caixa vi negre DO Rioja,50.34,41.94,2026-06-02 12:13:31
6448,b14c2fee-3703-4331-b7e2-a5044935c06f,SINOLS Caixa de vi negre DO Empordà Km0,32.94,24.71,2026-06-02 12:13:31
6449,00023b3c-10c0-4eea-9a0d-a406744d4bc9,VIÑA ESMERALDA Caixa 6u. vi rosat DO Catalunya,50.94,47.94,2026-06-02 12:13:31
6450,18723e83-902d-42bc-bb71-be28ba55d552,BLANC PESCADOR Caixa de vi d'agulla blanc verdejo,23.7,29.94,2026-06-02 12:13:32
6451,3e9c1ed1-ad32-4503-bb81-8bbce5aacb4d,CALA PESCADOR Caixa 6u. vi blanc DO Catalunya,29.7,22.28,2026-06-02 12:13:32
6452,ea92f6cf-5de6-4c3e-b011-25f45b735514,CAP DE RUC Caixa de vi blanc DO Catalunya Km0,41.7,31.28,2026-06-02 12:13:32
6453,9c184013-f7e3-4611-9507-1b1c5c581e4d,COMPTA OVELLES Caixa de vi negre DO Penedès ecològic  Km0,35.94,23.36,2026-06-02 12:13:32
6454,cfcb8526-cb8c-4933-992e-269e0f744618,ELS NANOS Caixa de vi blanc DO Conca de Barberà ecològic Km0,33.08,44.1,2026-06-02 12:13:32
6455,d70d29ad-6719-4831-8bbc-810cbec086a6,ERMITA D'ESPIELLS Caixa de vi blanc Penedès ecològic Km0,58.74,53.34,2026-06-02 12:13:32
6456,f03fcb3b-0991-46bc-b415-5693813579e2,GR174 Caixa de vi negre DO Priorat Km0,89.7,76.5,2026-06-02 12:13:32
6457,42a093bd-69dd-465c-b129-0ef736e9dad7,LA BOSCANA Caixa de vi negre DO Costers del Segre Km0,47.7,41.7,2026-06-02 12:13:32
6458,ea3dc87f-beb2-470a-bbb6-82fa735706b7,LA PICOSSA Caixa de vi negre DO Terra Alta Km0,47.94,31.16,2026-06-02 12:13:32
6459,651a1c7d-482d-47f1-b0b7-431aa3bd963b,LEGARIS Caixa vi negre DO Ribera del Duero,41.94,53.7,2026-06-02 12:13:32
6460,f72989ae-0c5c-4f83-931d-6b0b5024b394,MINVANT Caixa de vi negre DO Terra Alta,44.78,59.7,2026-06-02 12:13:32
6461,190f9387-154e-4a51-83da-9465a16d0605,PANSA BLANCA Caixa de vi blanc DO Alella Km0,59.7,53.94,2026-06-02 12:13:32
6462,352ce0ff-2a5b-4457-9a50-dd9b6b6a23e4,RAIMAT CLAMOR Caixa de vi rosat ecològic DO Costers del Segre Km0,27.11,41.7,2026-06-02 12:13:32
6463,8aa80639-6f33-4689-a3bd-27c6e342791c,REYNAL Caixa 6u. vi rosat Frizzante,20.21,26.94,2026-06-02 12:13:32
6464,73ea5455-4650-432f-a9e0-6ba3c259702f,TAL COM RAJA Caixa de vi negre DO Terra Alta Km0,41.7,27.11,2026-06-02 12:13:32
6465,37d34417-2c40-4d1f-9e40-399fe9c85233,VIA TERRA Caixa de vi blanc DO Terra Alta,47.7,31.01,2026-06-02 12:13:32
6466,3153fa9e-d393-434d-9992-c2ef719869ef,VIA TERRA Caixa de vi negre DO Terra Alta Km0,47.7,31.01,2026-06-02 12:13:32
6467,bfce0a66-8a62-4071-afa4-76134bab007e,VINA POMAL Caixa de vi negre DOQ Rioja criança,56.7,41.94,2026-06-02 12:13:32
6468,97285be2-f1c1-4f97-913c-c47da47570b9,DINARELLS Caixa 6u. vi blanc Do Empordà,25.74,29.1,2026-06-02 12:13:33
6469,6c4d8d79-474a-497f-80cc-e8a58de04353,EMENDIS FLOS Vi blanc DO Penedès ecològic  Km0,47.34,30.77,2026-06-02 12:13:33
6470,8de105ab-bbc5-45d1-a7ad-ff279ed15338,GARNATXA FOSCA Caixa de vi negre DO Priorat Km0,93.54,70.16,2026-06-02 12:13:33
6471,e9a1ce7e-8b22-466b-aee9-e5e40b44def2,GR 65-5 Caixa de vi negre DO Montsant km0,53.7,47.7,2026-06-02 12:13:33
6472,159583b7-6f26-4110-9622-d9fb8e4d535d,JAN PETIT Caixa 6u. vi negre DO Costers del Segre,47.94,41.94,2026-06-02 12:13:33
6473,21209f0f-698b-47af-9dd6-5f33c7c22edf,MATSU EL PICARO Caixa vi negre DO Toro,48.9,56.34,2026-06-02 12:13:33
6474,97eafce5-7257-4ed9-b6ac-5a53d30b8f41,TERRA ENDINS Caixa de vi negre ecològic DO Catalunya,29.94,19.46,2026-06-02 12:13:33
6475,cd5bdfe8-3cfa-4592-a92d-1f9261221918,VALL SELLADA Caixa 6u. vi negre DO Montsant,25.74,23.34,2026-06-02 12:13:33
6476,5da1aa81-0569-4de4-a86f-f9f3d37ec9bc,822 Caixa 6u. vi negre Do Ribera del Duero,64.5,70.5,2026-06-02 12:13:34
6477,e23925e3-6efa-4d1f-9959-8e56034383bf,BOVER Caixa 12u. de vi negre DO Catalunya Km0,35.88,32.28,2026-06-02 12:13:34
6478,f97f2bb1-4d1e-443d-94d6-87d6c271a8da,CAP DE COLLA Caixa de vi negre DO Conca de Barberà ecològic,47.7,35.78,2026-06-02 12:13:34
6479,b47cb3f9-a3e7-4e7e-8e34-eb59993e48bf,CIGONYES Caixa de vi blanc DO Empordà Perelada Km0,52.5,46.14,2026-06-02 12:13:34
6480,e21de04c-97c5-4b9f-b9f8-dc0a7df1f18c,CIGONYES Caixa de vi negre DO Empordà Km0 Perelada,52.5,46.14,2026-06-02 12:13:34
6481,1ebd413e-2780-4e38-882c-9f5bb79d2a70,DINARELLS Caixa 6u. vi negre DO Empordà,25.74,29.1,2026-06-02 12:13:34
6482,78b72774-92ed-4a2e-8f51-7b515113ba78,ELS NANOS Caixa de vi negre DO Conca de Barberà ecològic Km0,33.08,44.1,2026-06-02 12:13:34
6483,b5097178-d357-4c68-a44a-e6b27cd03e9c,ENUC Caixa 6u. de vi negre DOQ Priorat,50.94,47.34,2026-06-02 12:13:34
6484,5de2753a-a314-4793-b216-81f7900838e8,FREIXENET Caixa de vi blanc DO Catalunya,30.56,40.74,2026-06-02 12:13:34
6485,f2d02088-d328-49ea-b228-987e7d0650db,GARBO Caixa 6u. vi negre DO Montsant,53.7,40.28,2026-06-02 12:13:34
6486,ff6bac24-f03e-48be-bc5d-b6f534d0090c,INDISPENSABLE Caixa de vi negre DO Empordà Km0,41.7,35.7,2026-06-02 12:13:34
6487,ba416b33-73c9-47ff-b494-54b84f42f386,JAN BLANC Caixa de vi blanc DO Costers del Segre Km0,47.94,41.94,2026-06-02 12:13:34
6488,8309ccf3-6e34-45e5-82c8-ab697a4e3332,PACO & LOLA Caixa de vi blanc albarinyo DO Rias Baixas,83.7,71.94,2026-06-02 12:13:34
6489,1abbc437-fce5-4801-b73a-65af1ee62e20,PERELADA Caixa de vi negre Reserva DO Empordà 5 Finques Km0,80.7,71.7,2026-06-02 12:13:34
6490,bf47c21c-085c-4715-b7d1-039e8496ffbf,PUNTILS Caixa 6u. vi negre DO Empordà,40.74,35.94,2026-06-02 12:13:34
6491,f93ee6a7-263c-4108-ae4a-598b60134e3d,RAIMAT Caixa de vi negre DO Costers del Segre Km0,59.7,53.94,2026-06-02 12:13:34
6492,e9780f65-a4c2-43fd-8d58-437706e713db,ALADELTA Caixa vi negre vi lliure,26.78,35.7,2026-06-02 12:13:35
6493,59cccef9-3805-4135-a823-a724529000f9,CASTELL DEL REMEI Caixa de vi blanc DO. Costers del Segre Km0 Oda,71.7,65.7,2026-06-02 12:13:35
6494,bbadb148-05c4-463b-9906-47f30984d45a,FINCA LA BOLTANA Caixa de vi blanc ecològic DO Penedès Km0,53.94,40.46,2026-06-02 12:13:35
6495,e3a1e034-1f25-4a37-baf9-2944c7aec1bf,RIGAU ROS Caixa de vi negre DO Empordà Km0,35.7,39.54,2026-06-02 12:13:35
6496,6cb19aac-0111-4cdf-a393-50dae86747c8,VALDESPINO Caixa 6u. vi dolç Jerez,38.94,44.94,2026-06-02 12:13:35
6497,e8c8e196-876b-480a-8f2f-69c70e55443f,VALDESPINO Capsa 6u. vi sec Jerez,38.94,44.94,2026-06-02 12:13:35
6498,b965a492-f30c-4538-97dc-6fd345f3ea96,ALGES CLOS PONS Caixa de vi negre DO Costers del Segre Km0,59.94,71.1,2026-06-02 12:13:36
6499,21ae2f59-c77a-4dbd-853a-9fb145edd9c2,CASTELL DEL REMEI Caixa de vi negre DO Costers del Segre Km0,83.1,77.7,2026-06-02 12:13:36
6500,b317a28e-63c8-4b6e-b612-b7a0a5d78e37,CÉRVOLES Caixa de vi negre ecològic DO Costers del Segre Km0,138.0,147.0,2026-06-02 12:13:36
6501,939a577b-ee08-4470-a0e9-2215d9952c5c,EMILIO MORO Caixa de vi negre DO Ribera Duero,135.0,126.0,2026-06-02 12:13:36
6502,b216f4e0-6759-4495-a5aa-6af5d2996a02,FINCA MALAVEÏNA Caixa de vi negre DO Empordà Km0,141.0,126.0,2026-06-02 12:13:36
6503,ce01e0d3-6c27-4bf9-b8b6-f6b12ad52663,RAIMAT Caixa de vi blanc DO Costers del Segre Km0,59.7,53.94,2026-06-02 12:13:36
6504,234f715b-5e52-411f-a85f-a4d4a4446ba2,TERRA CÀLIDA Vi blanc DO Catalunya Km0,8.99,4.99,2026-06-02 12:13:36
6505,5dcfcd43-710a-4e4f-b1b5-2dff37273d13,TERRA CÀLIDA Vi negre Catalunya Km0,8.99,4.99,2026-06-02 12:13:36
6506,064a7955-4820-4b37-9a64-f8d4892d8ffa,TINES DE ROQUETA Vi negre Cabernet DO Catalunya,7.95,5.99,2026-06-02 12:13:36
6507,04da8c98-cbd6-4a5a-ace6-be771c19663c,VILOSELL Caixa de vi negre ecològic DO Costers del Segre Km0,77.7,82.14,2026-06-02 12:13:36
6508,7a36f018-f86e-4237-857d-e8d82e8ac384,VALL SELLADA Vi negre DO Montsant,4.29,3.89,2026-06-02 12:13:38
6509,7bd79ad4-fd9b-49c3-809c-70bb2d7daf48,ENUC Vi negre DOQ Priorat,8.49,7.89,2026-06-02 12:13:42
6510,1979f593-27aa-458e-9df3-4a86b44d4771,ANNA CODORNÍU Cava Brut Nature guarda,9.95,9.75,2026-06-02 12:13:46
6511,209cab6a-5db6-4182-9c39-88b53276bf6e,BACH Caixa de Cava Brut Nature guarda,32.7,24.53,2026-06-02 12:13:46
6512,3b2f7247-b666-4996-a735-8ff772ee7654,ANNA CODORNÍU Caixa de cava Brut guarda,58.5,43.88,2026-06-02 12:13:47
6513,ce277ca2-e64a-4e59-a431-293c54aac166,ANNA CODORNÍU Cava Brut Nature guarda caixa,59.7,43.88,2026-06-02 12:13:47
6514,c10c0369-ca05-4dd9-89ba-11b2bb400884,ANNA CODORNÍU Cava rosat Brut guarda,9.95,9.75,2026-06-02 12:13:47
6515,574f94c1-02d1-401b-bd15-c4e6eeb2f60e,BACH Caixa de cava rosat Brut guarda,32.7,24.53,2026-06-02 12:13:47
6516,dc9557f2-3499-4784-9057-dc2e23117942,BACH Caixa de cava semisec guarda,32.7,24.53,2026-06-02 12:13:47
6517,c2b6b8a5-ad76-41b1-b78a-31c480053a93,FAMÍLIA OLIVEDA Caixa de cava Brut Nature guarda superior reserva,39.54,44.1,2026-06-02 12:13:47
6518,8047a669-9abc-4719-9f2b-7b82e364ebaa,FAMÍLIA OLIVEDA Caixa de cava Brut rosat guarda,39.54,35.7,2026-06-02 12:13:47
6519,1510d314-b12f-44e6-ad1c-fe274295c2b4,FREIXENET MERITUM Caixa de cava Brut Nature guarda superior gran reserva eco,56.97,114.0,2026-06-02 12:13:47
6520,b310e26f-4aa8-41e8-a1eb-9d6fb0994141,JAUME SERRA ICE Caixa de cava Brut rosat guarda,37.5,33.54,2026-06-02 12:13:47
6521,b4c8207c-6f05-43ac-be4f-6ac05521a1ea,JUVÉ CAMPS Caixa de Corpinnat Brut Nature ecològic,123.0,128.0,2026-06-02 12:13:47
6522,2c2e25a1-078d-4f71-b8ff-091dcf279d41,JUVÉ CAMPS ESSENTIAL Caixa de Corpinnat Brut,88.14,83.34,2026-06-02 12:13:47
6523,2931276a-8927-457b-ae57-e4c82a2192e5,BEEFEATER Ginebra,13.45,14.25,2026-06-02 12:13:51
6524,eda81fae-4fb2-4be3-bf08-8e5c3b93082e,JB Whisky escocès,16.69,16.49,2026-06-02 12:13:51
6525,abd06e44-5891-4806-9198-30b8cdf33fa7,SEAGRAM'S Ginebra Extra Dry Gin,17.59,17.39,2026-06-02 12:13:51
6526,35f7ecb2-d242-464b-8c4f-2ead892c2a8e,BRUGAL Rom anyenc,15.39,13.49,2026-06-02 12:13:52
6527,93d18fa9-3e67-4c1f-8c3a-fc9c6bbd0959,JB Whisky escocès,11.79,11.59,2026-06-02 12:13:52
6528,19e4e796-ebae-474e-a1f6-5cc0addb9edf,SEAGRAM'S Ginebra Extra Dry Gin,23.49,25.69,2026-06-02 12:13:52
6529,e8c5fe15-3ea1-4660-9685-916ce474e428,TERRY Beguda espirituosa Centenario,7.25,6.65,2026-06-02 12:13:52
6530,19c32ff3-865f-44f6-a436-deb2e3c1308b,JIM BEAM Whisky Bourbon Kentucky Straight,15.75,10.49,2026-06-02 12:13:53
6531,80714362-7556-4782-81f9-0cd1cebca751,SANTA TERESA Rom anyenc,15.55,15.99,2026-06-02 12:13:53
6532,d7955377-b213-4e96-bc63-a033e62c317b,SUNTORY Ginebra japonesa Gin Roku,20.95,25.99,2026-06-02 12:13:54
6533,c8bc9e72-5d41-4a60-85ea-2d4133dbbf94,LA CASTELLANA Anís dolç,9.35,7.89,2026-06-02 12:13:55
6534,c2d7e80e-8dbf-4789-a375-a4be8f78f93d,ECOCESTA Beguda vegetal proteica de soja ecològica,2.65,2.79,2026-06-02 12:13:58
6535,b8046ca8-7454-466e-b9e2-495fe72801ef,BONPREU Anelles de pota argentina,7.49,7.99,2026-06-02 12:14:00
6536,0cf4ef69-a230-454e-bd82-e99adfdb5587,BONPREU Gambes boreals cuites i pelades,5.89,4.99,2026-06-02 12:14:00
6537,8560e79c-70f2-46ed-9567-8d0023cf7e6a,RISTORANTE Pizza 4 formatges,3.95,9.99,2026-06-02 12:14:10
6538,9a0b0ea7-747b-4d3e-8e87-a90ec2e9daa9,RISTORANTE Pizza Barbacoa,3.95,9.99,2026-06-02 12:14:10
6539,0b0e0ac6-dab5-4d7c-ad03-b597725a1d18,RISTORANTE Pizza Funghi,3.95,9.99,2026-06-02 12:14:10
6540,16de0115-50b7-4f70-bffa-5074d3f13fdb,RISTORANTE Pizza Hawaii,3.95,9.99,2026-06-02 12:14:10
6541,f5bfe03c-c795-4bfe-a9ae-957edf569f00,RISTORANTE Pizza Speciale,3.95,9.99,2026-06-02 12:14:10
6542,f1f5da7b-9d3d-47a1-899b-79c4d321bf64,RISTORANTE Pizza bolonyesa,3.95,9.99,2026-06-02 12:14:10
6543,030b937e-6e37-4392-88ca-c5663a41d643,RISTORANTE Pizza d'espinacs,3.95,9.99,2026-06-02 12:14:10
6544,4609b1e5-7ea3-4012-8bde-e3c02c58342b,RISTORANTE Pizza de mozzarella,3.95,9.99,2026-06-02 12:14:10
6545,db165d50-8bb1-492b-89af-260721888f72,RISTORANTE Pizza de pernil dolç i formatge,3.95,9.99,2026-06-02 12:14:10
6546,adb631bc-ed8e-4421-95fa-bcaa48168e92,RISTORANTE Pizza de tonyina,3.95,9.99,2026-06-02 12:14:10
6547,ae08cd2c-29ea-4dfc-b9df-21e459f94fd3,RISTORANTE Pizza vegana,3.95,9.99,2026-06-02 12:14:10
6548,7b2917b8-1d34-43f9-81cc-b1cebb3a03a0,RISTORANTE Pizza vegetal,3.95,9.99,2026-06-02 12:14:10
6549,65c9029d-6cb7-4bb3-827c-cdfcf7e570f5,HÄAGEN-DAZS Gelat de dolç de llet,7.59,7.49,2026-06-02 12:14:12
6550,d7f284d7-2624-4b7b-ad0e-27b0f3e8e164,HÄAGEN-DAZS Gelat de mango i gerds,7.59,7.49,2026-06-02 12:14:12
6551,c82d31d8-af7b-4853-b709-3d2cc3f134e8,HÄAGEN-DAZS Gelat de vainilla,7.59,7.49,2026-06-02 12:14:12
6552,14e19aa6-0f5a-45c0-b982-8113fe267ba3,MAGNUM Gelat bombó de caramel Gold,4.99,9.99,2026-06-02 12:14:12
6553,e842436c-16ec-4f67-91e0-fa39a8f85bab,MAGNUM Gelat bombó de caramel i ametlla BonBon,4.99,9.99,2026-06-02 12:14:12
6554,365ccfc3-d9f3-499c-8fbc-63126245dd2f,MAGNUM Gelat bombó de xocolata blanca i cookies,4.99,9.99,2026-06-02 12:14:12
6555,d3906071-19a1-4be8-8f07-67c98d9598be,MAGNUM Gelat de cirera Bonbon,4.99,9.99,2026-06-02 12:14:12
6556,8e131499-de81-41cb-b2b0-2d359f3a4c36,HÄAGEN-DAZS Gelat de vainilla i nous de Macadàmia,3.75,4.99,2026-06-02 12:14:13
6557,0d628df6-0805-4209-a8a4-440cade7e3f1,NESTLÉ PIRULO Gelat Mini Tropical,5.32,5.39,2026-06-02 12:14:14
6558,c30b0e94-7a8d-4d73-9371-139ed7751179,NESTLÉ PIRULO Gelats Fantasmikos,5.32,5.39,2026-06-02 12:14:14
6559,234cd7de-0271-44c6-9e3e-bddeaec6cf7a,HÄAGEN-DAZS Gelat Salted Caramel,3.75,4.99,2026-06-02 12:14:15
6560,b12cdcf9-93e3-41c5-a045-5925ec76fe10,HÄAGEN-DAZS Gelat de xocolata blanca amb maduixa,3.75,4.99,2026-06-02 12:14:16
6561,1e5c18d6-20a1-4589-b4f3-6d7486a95b6a,NESTLÉ PIRULO Gelat Mikolápiz,5.32,5.39,2026-06-02 12:14:16
6562,0a2fb2ed-9280-4647-b178-53eb12ff06b4,NESTLÉ PIRULO Gelat Fruit Explosion Mix,5.32,5.39,2026-06-02 12:14:18
6563,77459bf3-6b04-48b5-99bc-fee8da6c67c2,PULEVA OMEGA 3 LLet desnatada amb nous en cartró,1.93,1.95,2026-06-02 12:14:26
6564,87e8a1af-a883-43e3-8c3a-be3d2febd014,PULEVA Llet sencera Tido Milky en cartró,2.79,2.75,2026-06-02 12:14:27
6565,ab3a50c4-dcb8-4c4d-9bf3-7a3f664e448f,PULEVA VITA CALCIO Llet desnatada amb calci en cartró,1.55,1.59,2026-06-02 12:14:27
6566,2f1aa490-50c7-4ac5-8add-e93d4cfc4a2c,PULEVA VITA CALCIO Llet semidesnatada amb calci 6x1L en ampolla,9.3,9.54,2026-06-02 12:14:27
6567,bf09db12-243d-4770-b164-5402bc5766d1,PULEVA VITA CALCIO Llet semidesnatada amb calci en cartró,1.55,1.59,2026-06-02 12:14:27
6568,bd346edf-4f43-47aa-b725-f06009f8d729,PULEVA VITA CALCIO Llet sencera amb calci en cartró,1.55,1.59,2026-06-02 12:14:27
6569,8df3a3b6-5292-418a-bbce-7dd4e1ba3566,PULEVA OMEGA 3 Llet desnatada amb civada en cartró,1.93,1.95,2026-06-02 12:14:28
6570,ad6b0f04-f44a-42e4-87c1-e5334f97708b,PULEVA OMEGA3 Llet desnatada amb nous 6x1L en cartró,11.58,11.7,2026-06-02 12:14:28
6571,d1456f8b-59e3-438e-9dfe-b48871ccaefd,PULEVA VITA CALCIO Llet desnatada amb calci 6x1L en cartró,9.3,9.54,2026-06-02 12:14:28
6572,b060bfaa-21be-490a-8ef7-17f556ce7d8e,PULEVA VITA CALCIO Llet sencera amb calci 6x1L en cartró,9.3,9.54,2026-06-02 12:14:28
6573,8273e83d-7cf9-4cbc-a2ba-88e35c3a1429,ARIAS Mantega fàcil d'untar,3.6,3.25,2026-06-02 12:14:29
6574,71a307f2-ef89-4041-a9c9-41cfb84edc4c,CACAOLAT Batut de cacau en ampolla,2.6,5.99,2026-06-02 12:14:30
6575,64b91382-84b2-49b7-becd-b0ef73d09abe,PULEVA Batut de cacau en cartró,2.79,2.75,2026-06-02 12:14:31
6576,943ac82b-8d7e-4f51-b54f-7e7e60eeaa72,PULEVA Batut de maduixa en cartró,2.79,2.75,2026-06-02 12:14:31
6577,827ed0f6-5f8a-43d0-8598-e9bca77b0348,PULEVA Batut de vainilla en cartró,2.79,2.75,2026-06-02 12:14:31
6578,182c98c0-9dc3-451e-8ad8-41aeadc176ab,ACTIVIA Quefir amb maduixa,3.39,1.79,2026-06-02 12:14:34
6579,80a0c607-4b9c-4671-a198-dae96da167f0,ACTIVIA Quefir per beure amb gust de mango,3.39,1.79,2026-06-02 12:14:34
6580,2f822123-9bcf-4e30-bc9c-032087420489,ACTIVIA Quefir per beure natural,3.39,1.79,2026-06-02 12:14:34
6581,4657cdf4-7f60-4d93-a507-056f8ef84eac,ALPRO Producte vegetal de soja amb coco,3.39,2.3,2026-06-02 12:14:34
6582,ae668550-4c75-4329-99fe-8538363ee8d8,YOPRO Beguda proteïna de stracciatella,3.39,2.39,2026-06-02 12:14:34
6583,d134b2e8-07db-4c77-b1b9-6b10992cdce3,ACTIVIA Quefir per beure amb gust de nabius,3.39,1.79,2026-06-02 12:14:35
6584,9d58a0c6-bfd0-4d90-b3c4-015c1ce4a18c,ALPRO Producte vegetal de soja i maduixa,2.55,2.6,2026-06-02 12:14:35
6585,d7b83c3a-a15c-47f5-a8e7-9babb58d11ff,ALPRO Producte vegetal de soja natural,2.55,2.6,2026-06-02 12:14:35
6586,071179b0-0de5-4dba-a1df-205c0f953c00,OIKOS Iogurt grec amb caramel,3.29,2.99,2026-06-02 12:14:35
6587,a8631b3f-142c-4715-9fff-342279fff368,SANEX Gel de dutxa Neutre Hidratant,5.99,3.65,2026-06-02 12:14:47
6588,ee84bbb8-953e-45c6-aa90-e947934ec686,SANEX Gel de bany dermo therapy pell atòpica,4.75,4.49,2026-06-02 12:14:49
6589,9ae2b012-2bde-4d5d-b223-959292054aa7,SANEX Gel de bany dermo therapy pell seca,4.75,4.49,2026-06-02 12:14:49
6590,8ce6aa8d-622e-4654-bb3e-ec8e6f0b40ac,NENUCO Xampú suau infantil,3.99,4.25,2026-06-02 12:14:56
6591,731bde3e-f5ae-45a4-9249-710af4d6faac,COLGATE Crema dental Max White Purple Reveal,5.99,3.45,2026-06-02 12:15:26
6592,17309009-13b1-472d-a83f-90167138c1ba,GUM Raspall interdental Soft Picks Pro mitjà,6.19,5.99,2026-06-02 12:15:31
6593,fa4179c6-ab47-4b2a-b689-11ab5645919f,GUM Raspall interdental Soft Picks Pro llarg,6.19,5.99,2026-06-02 12:15:32
6594,02f825d3-735d-4c63-a2e8-43da4968748c,GUM Raspall interdental Soft Picks Pro petit,6.19,5.99,2026-06-02 12:15:32
6595,a840667b-e05d-44cc-bb1a-11708ef78e59,PALMOLIVE Sabó líquid pell sensible,5.99,2.45,2026-06-02 12:15:33
6596,b137527d-05aa-438c-9394-7e61a6b0196a,AUTAN Repel·lent multi insectes plus,8.99,8.65,2026-06-02 12:15:41
6597,d245cb6d-298a-46cd-8a92-708025eb3138,BLOOM Gel post picada Derm,5.99,7.85,2026-06-02 12:15:43
6598,7669d3ec-1a04-42a7-8f12-6d61a49f7843,BLOOM Loció repel·lent amb àloe vera Derm,5.99,7.85,2026-06-02 12:15:43
6599,39d6c52d-7025-46ee-abba-9b93f391e428,COLON Detergent líquid de 34 dosis,9.99,28.99,2026-06-02 12:16:06
6600,4eb7b764-8b68-4fe3-8615-9c9a0e2136bf,FLOR Suavitzant concentrat Blau de 59 dosis,3.99,28.99,2026-06-02 12:16:06
6601,d9bd2f52-43f0-4828-a9a5-4deac6532c6d,FINISH Abrillantador per a rentavaixelles,4.95,28.99,2026-06-02 12:16:14
6602,bff1664c-2d5d-4ef8-8f6c-0a19729c203c,FINISH QUANTUM Rentavaixelles Powerball Quantum de 40 dosis,9.99,28.99,2026-06-02 12:16:14
6603,5563641b-890b-401b-ae17-9e7c959a82f8,CILLIT BANG Netejador calç i brutícia Expert,4.99,28.99,2026-06-02 12:16:17
6604,e71961e8-6602-4704-b8a2-268338d2e16a,FROSCH Netejavidres ecològic,3.09,2.95,2026-06-02 12:16:18
6605,467b5fb1-cb68-43c3-bb77-8811c9bc4e00,AIR WICK Recanvi ambientador automàtic Nenuco,10.99,11.49,2026-06-02 12:16:27
6606,8877c0d1-feb6-4546-8318-d4651adedf6e,AIR WICK Recanvi ambientador elèctric Nenuco,9.49,10.49,2026-06-02 12:16:27
6607,aa28f3da-12b0-49d9-9b29-8c3bdabc0819,KRAFFT Netejador parabrises elimina insectes,2.95,4.95,2026-06-02 12:19:15
6608,c5a4359e-0a47-4100-8ea6-06309104b049,COCOSI Menjar Semihumit de peix per a gos,15.95,17.89,2026-06-02 12:19:29
6609,ba7a3079-3a8e-4b99-8be6-3a6376d7481a,COCOSI Menjar Semihumit de pollastre per a gos,15.95,17.89,2026-06-02 12:19:29
6610,654396f2-4872-4293-8799-1517365432df,COCOSI Sorra Vegetal de Tofú per a gat,9.89,10.45,2026-06-02 12:19:38
6611,20fc5077-2cbe-4897-a75c-629b9ff1d2c3,NENUCO Sabó líquid ultra suau,2.95,3.15,2026-06-02 12:19:50
6612,8f842456-bd3f-4048-a393-90f459d7a716,NENUCO Llet corporal hidratant infantil,3.99,4.25,2026-06-02 12:19:51
6613,004c1f64-a7ea-4116-bf51-b9b73b94b6da,DODOT ACTIVITY Bolquers T5 (12-17 kg),30.99,31.99,2026-06-02 12:19:55
6614,e9a65ad6-1148-49f3-8680-4032e74c8551,DODOT ACTIVITY Bolquers T6 (+14 kg),30.99,31.99,2026-06-02 12:19:55
6615,5f74575f-9950-47d0-ade4-95c26562dde2,DODOT SENSITIVE Bolquers T3 (7-11 kg) Extra,30.65,31.49,2026-06-02 12:19:55
6616,2e646430-08b8-45d7-8d07-0130237253a0,DODOT SENSITIVE Bolquers T4 (10-15 kg) Extra,30.65,31.49,2026-06-02 12:19:55
6617,d1aec8e9-2eae-4e26-8d2a-f29db6992e34,AUTAN Gel post-picades de mosquits i mosques,7.49,8.65,2026-06-02 12:19:58
6618,23c6ef6c-0d26-402b-905d-8732b7bac601,AQUILEA Magnesi en comprimits,5.35,6.19,2026-06-02 12:20:08
6619,bf258e86-5b3a-482c-909a-d595e2e230a3,AQUILEA Magnesi i potassi en comprimits,7.39,8.49,2026-06-02 12:20:09
6620,67335ad8-84d8-4fe9-a77f-d355e7c8610e,"DIELISA Complement alimentari amb Omega 6, onagra i borratja",20.99,16.95,2026-06-02 12:20:09
6621,572745d1-7333-47a9-9403-a8e915aa0215,AQUILEA Magnesi en comprimits,18.29,18.3,2026-06-02 12:20:13
6622,e16ebdb1-54fa-46f5-a1f7-5e9c6f3d0693,AQUILEA Magnesi més col·lagen en comprimits,7.99,9.45,2026-06-02 12:20:44
6623,3184bca7-54ae-4332-abb2-71328ef6d859,BONPREU Puntes d'espàrrecs blancs molt gruixuts,4.25,4.65,2026-06-02 22:49:08
6624,274a5d94-c60e-42a5-8be1-cbf9a1cd7dbc,LA COLLITA Albercocs Km0 en safata de 600 g,3.49,2.99,2026-06-03 12:46:30
6625,a67b9c18-9223-4958-8011-d42ad25a1058,NAVIDUL Espatlla d'enceball ibèrica,7.5,6.99,2026-06-03 12:46:39
6626,1553f184-cfa0-40c9-b2f5-5106a7309c61,BONPREU Espirals amb vegetals,0.79,0.75,2026-06-03 12:48:17
6627,e2926827-9369-4d80-834e-4424d835ff5e,BONPREU Macarrons amb vegetals,0.79,0.75,2026-06-03 12:48:19
6628,cd5bdfe8-3cfa-4592-a92d-1f9261221918,VALL SELLADA Caixa 6u. vi negre DO Montsant,23.34,25.74,2026-06-03 12:49:19
6629,b5097178-d357-4c68-a44a-e6b27cd03e9c,ENUC Caixa 6u. de vi negre DOQ Priorat,47.34,50.94,2026-06-03 12:49:22
6630,7a36f018-f86e-4237-857d-e8d82e8ac384,VALL SELLADA Vi negre DO Montsant,3.89,4.29,2026-06-03 12:49:26
6631,7bd79ad4-fd9b-49c3-809c-70bb2d7daf48,ENUC Vi negre DOQ Priorat,7.89,8.49,2026-06-03 12:49:30
6632,fa93c3f4-b9b6-4e08-a5c1-d10f2b97f15f,Pera Conference Km0 1 u.,0.47,0.52,2026-06-04 11:46:08
6633,33592a95-bc77-4789-b028-bcdbc08194e7,"LA COLLITA Pera conference km0 en safata d'1,5 kg",3.29,3.49,2026-06-04 11:46:11
6634,a403333d-65b1-4fd2-af57-4f38844017f2,Patates de muntanya en bossa de 3 kg,2.99,4.99,2026-06-04 11:46:11
6635,a4fcf377-dbb3-4107-b0bc-45580b21a526,BONPREU Llonganissa extra de pagès Bonpreu en talls de 150 grams,3.0,2.92,2026-06-04 11:46:17
6636,22f9494d-0119-4e05-9ecf-6f69ebd3e3ad,Llamàntol blau (unitari),24.99,21.99,2026-06-04 11:46:46
6637,042ef1ff-8ce0-473e-82d1-606eeb0bce13,RANA Kit espaguetis carbonara,5.99,3.99,2026-06-04 11:47:00
6638,1afa0540-361b-4c47-9e06-ec1e7e51a05c,RANA Kit parpadelle ragú Toscano,5.99,3.99,2026-06-04 11:47:00
6639,fa786ee2-4736-4a4e-8688-ddb620645440,BONPREU Galetes amb xocolata negra,1.4,1.35,2026-06-04 11:47:28
6640,125ba53e-f229-47bd-bba5-9926dc04f686,BONPREU Galetes duets xocolata amb llet,1.4,1.35,2026-06-04 11:47:28
6641,f22aac3c-934e-4a24-b3f7-2888ad6142a4,BONPREU Galeta de xocolata blanca Duets,1.4,1.35,2026-06-04 11:47:29
6642,758edbeb-b113-465d-b994-ea886d444842,CABALLERO Licor,12.75,12.49,2026-06-04 11:49:15
6643,6c7de652-7016-4f2f-aedd-e30e0d248b78,SOJASUN Producte vegetal de soja i llimona,2.75,2.69,2026-06-04 11:49:50
6644,dd85bd02-48a6-4edb-923c-afec2a11c7de,SOJASUN Producte vegetal soja i nabius,2.75,2.69,2026-06-04 11:49:50
6645,ca03b55b-f265-4485-87df-c431d53c24cc,SOJASUN Producte vegetal de soja i fruites vermelles,2.75,2.69,2026-06-04 11:49:51
6646,62374621-32bb-4878-9246-4a7aa5771b12,SOJASUN Producte vegetal de soja amb gust de cafè,2.75,2.69,2026-06-04 11:49:52
6647,a370801e-ac38-421e-b5df-0f936b18939b,BECKMANN Llevataques,2.59,2.69,2026-06-04 11:51:05
6648,3e3d2b8f-5933-48fe-acab-c3208a94118d,BECKMANN Llevataques bolígraf,2.59,2.69,2026-06-04 11:51:05
6649,afac5980-6fa9-472f-9c00-e684f942a58d,BECKMANN Llevataques de greix i oli,2.59,2.69,2026-06-04 11:51:05
6650,c83a9892-73da-46c0-bd7c-0950dcf0020f,BECKMANN Llevataques sang,2.59,2.69,2026-06-04 11:51:05
6651,2c8909a9-4da0-40db-a2f3-7bacd40a88b6,BECKMANN Llevataques òxid i desodorant,2.59,2.69,2026-06-04 11:51:05
6652,133e866b-87b5-424b-8a6e-9823c80928b0,DR. BECKMANN Llevataques de tenyits,2.59,2.69,2026-06-04 11:51:05
6653,20422c2a-43a9-48dc-96d8-d5e257b7dc7a,BONPREU Camusses atrapapols,1.2,1.15,2026-06-04 11:51:13
6654,d55c4244-e17f-41da-ad1e-f2c222ba2145,BONPREU Sacs escombraries industrials 100 L,1.49,1.65,2026-06-04 11:51:13
6655,1e299efb-1bcf-4ebb-a448-bc8a635e0de1,Kiwi verd 1 u.,0.45,0.99,2026-06-05 11:35:05
6656,cd8b2216-86b5-4654-820b-4918a86421d9,BONPREU Espetec extra,2.49,2.39,2026-06-05 11:35:08
6657,53a7806f-9793-4bc7-bbf4-477dcd613fb3,GALBANI Mozzarella fresca en bola,1.59,1.0,2026-06-05 11:35:19
6658,acb5ea50-3a14-4645-90ba-c0be1a6b4301,Calamar fresc,16.5,15.0,2026-06-05 11:35:46
6659,6f1ffe25-a1e1-433b-aea9-a41107749713,RANA Salsa fresca de trufa,2.49,2.69,2026-06-05 11:37:46
6660,cad8a847-0f82-40d1-8fc9-7cba2ccf9c7b,Cueta de rap (ració),10.2,23.99,2026-06-06 10:26:45
6661,f6b140b5-4012-445e-984a-690886dbd92e,BONPREU Iogurt grec amb stracciatella,1.29,1.49,2026-06-06 10:29:37
6662,cad8a847-0f82-40d1-8fc9-7cba2ccf9c7b,Cueta de rap (ració),23.99,10.2,2026-06-07 10:48:10
6663,4fd434f0-ba79-4a05-8caa-a68824351620,IGGY'S Pa de pita,2.69,2.75,2026-06-08 12:23:38
6664,22064f0d-bd39-4027-8bdf-44be079e49f7,TATAY Recipient hermètic de 30 cl,1.79,1.89,2026-06-08 12:28:46
6665,8673e7b6-568b-4bf4-8cf9-c1f6e437eed7,"TATAY Recipient hermètic quadrat blau 1,3L",2.99,3.29,2026-06-08 12:28:46
6666,5e697277-e920-42ea-b0ae-edf82a879229,TATAY Contenidor hermètic blanc 1L,2.99,3.19,2026-06-08 12:28:47
6667,3fb59441-792c-43c5-bc35-ed13bf67f42e,TATAY Contenidor hermètic blanc 20 cl,1.69,1.79,2026-06-08 12:28:47
6668,f2e340d3-b3e7-4bc4-86b9-d73cc0030433,TATAY Contenidor hermètic blau 20 cl,1.69,1.79,2026-06-08 12:28:47
6669,e752c42d-da09-45cd-8462-e4fcce0bd972,"TATAY Contenidor hermètic de vidre 1,1L Cook&Eat",7.49,7.99,2026-06-08 12:28:47
6670,03d8b6e9-2b9a-4078-8bab-b55505e12b93,"TATAY Contenidor hermètic de vidre 1,5L Cook&Eat",8.99,9.99,2026-06-08 12:28:47
6671,dfe4da8f-be22-4cbc-a46c-3f168cda865b,TATAY Contenidor hermètic de vidre 37 cl Cook&Eat,4.99,5.49,2026-06-08 12:28:47
6672,c91f1992-8b72-439c-aab3-1ee5958a62eb,TATAY Contenidor hermètic de vidre 64 cl Cook&Eat,5.99,6.49,2026-06-08 12:28:47
6673,08c73ca6-19fc-42a3-9f62-94100a2644b7,TATAY Recipient hermètic d'1L,2.49,2.69,2026-06-08 12:28:47
6674,311e62d5-8adf-4d63-8ffb-32901c6a7339,"TATAY Recipient hermètic de 2,1L",3.99,4.49,2026-06-08 12:28:47
6675,0efc7a2b-b7be-4c1e-b83c-803fdc7af026,"TATAY Recipient hermètic de 2,9 L",4.39,4.79,2026-06-08 12:28:47
6676,c408458c-d4b2-4a66-bf01-2e8d1824734a,"TATAY Recipient hermètic de 4,7 L",5.49,5.99,2026-06-08 12:28:47
6677,2669d7f1-7640-4865-9355-b192d37def82,TATAY Recipient hermètic de 50 cl,1.99,2.19,2026-06-08 12:28:47
6678,4415caf1-4098-484d-b245-714be4e1ebf5,TATAY Contenidor hermètic blau 1L,2.99,3.19,2026-06-08 12:28:48
6679,1b07c19a-c003-4280-ab47-17d900069c32,TATAY Cubell amb tapa per a residus orgànics,6.99,7.49,2026-06-08 12:29:07
6680,9235cded-4245-4c4c-9389-831e05100913,TATAY Cubell amb pedal color Hydraulic,15.99,16.99,2026-06-08 12:29:08
6681,f0119efc-2321-4bdf-9195-18294d6fa349,TATAY Cubell d'escombraries reciclatge negre,22.99,24.99,2026-06-08 12:29:08
6682,bc49bbb5-1c00-4b64-a29d-2274cbed992a,TATAY Galleda amb escorredor i rodes,8.49,8.99,2026-06-08 12:29:08
6683,a8a2c41c-ce0d-4079-846e-f65c26a38400,TATAY Got per a raspalls de dents Baobab gris,2.49,2.79,2026-06-08 12:29:21
6684,a6360c88-80e7-4e12-a711-f69946d9b690,TATAY Catifa de bany antilliscant blanca 97x36 cm,15.99,16.99,2026-06-08 12:29:22
6685,14d62198-7040-4fcc-a303-cc1e5a1770a0,"TATAY Mànega de dutxa Dual Flex 1,7m",8.99,9.99,2026-06-08 12:29:22
6686,455b501b-a10e-49c7-aaba-4ba1aa7066cc,TATAY Catifa de bany antilliscant blau 36x70 cm,12.99,13.99,2026-06-08 12:29:24
6687,a14e6ca6-43fc-4d56-a4e5-1cbbb0f494b5,TATAY Capçal per a la dutxa cromat Pacific,7.99,8.49,2026-06-08 12:29:26
6688,e2ad8bc6-39a7-442d-b193-d6aace228843,TATAY Cubell de bany amb pedal blanc,7.49,7.99,2026-06-08 12:29:26
6689,6618dd41-d0c4-4a84-b40b-e5331e9b4549,TATAY Mànega de dutxa 2 metres Loop,8.99,9.99,2026-06-08 12:29:26
6690,9db366ea-3fb1-4ebf-8c6d-96ba4d95831e,TATAY Catifa de bany antilliscant blava 97x36 cm,15.99,16.99,2026-06-08 12:29:28
6691,55a26ee4-d49a-4266-8a8e-e1b44444f1e8,TATAY Escombreta per al bany bambú,22.99,23.99,2026-06-08 12:29:28
6692,24a3a00f-fdd1-4581-9498-a3c33989f964,TATAY Anelles per a cortina de dutxa,2.49,2.79,2026-06-08 12:29:30
6693,0d1d9e59-4581-4ba3-92bc-7c44afc1a667,TATAY Barra recta de dutxa ajustable 110 a 190cm,15.99,16.99,2026-06-08 12:29:30
6694,c9f72330-dfc9-4c0f-b750-98eff5c12d3d,TATAY Capçal per a la dutxa cromat Vanity,10.99,11.99,2026-06-08 12:29:32
6695,8b455618-fbf1-40fe-adf3-dfb0164142fd,TATAY Dosificador de sabó color gris,4.99,5.99,2026-06-08 12:29:32
6696,b60aa9b6-3e4b-4ac9-b5c3-005fe8a5d56f,TATAY Capçal per a la dutxa Bombay,9.99,10.99,2026-06-08 12:29:33
6697,ca6c0312-9fd4-43eb-a2a8-2179d6b6f429,TATAY Tovalloler Olympia color blanc,7.49,7.99,2026-06-08 12:29:33
6698,8d571097-09fd-451c-aeb3-b63418033923,TATAY Dosificador sabó de bambú,11.99,12.99,2026-06-08 12:29:34
6699,012009f8-0084-4523-84cb-83c9d632f32c,TATAY Tovalloler Olympia color blanc,5.99,6.49,2026-06-08 12:29:34
6700,67d86fd5-ffda-41a4-812b-a6b0a41217c9,TATAY Catifa de bany antilliscant blanca 36x70 cm,12.99,13.99,2026-06-08 12:29:35
6701,8cf6c0da-d8e2-4f8a-bfe6-ff1a878b3343,TATAY Cistell amb penjador per a la dutxa,21.99,22.99,2026-06-08 12:29:38
6702,0f9c5b74-cb1b-4486-a1c3-28165ed451c8,TATAY Got de bambú,8.99,9.99,2026-06-08 12:29:38
6703,e9f95a54-4afd-47e6-998d-dbc1bef2b35a,TATAY Penjador per escombra clip,5.29,5.49,2026-06-08 12:29:38
6704,6836ce52-024b-471f-8acc-586f0e846629,TATAY Sabonera de bany Baobab,2.49,2.79,2026-06-08 12:29:38
6705,a4834cd1-6f51-490f-b66e-49c4cd53d939,TATAY Sabonera de bambú,10.99,11.99,2026-06-08 12:29:39
6706,19a54162-24a3-4b93-a336-426c00c70289,TATAY Penjador Olympia color blanc,2.99,3.49,2026-06-08 12:29:40
6707,cc7136f2-aee3-414f-abec-bcc34b4e7524,TATAY Porta-rotlles amb fixació,4.99,5.49,2026-06-08 12:29:40
6708,36792cc9-abef-4815-821a-feab4f317255,FUENCAMPO Ceba dolça 1 u.,0.83,2.75,2026-06-09 11:28:46
6709,2d9c9b56-716a-4a67-a4b4-0ce7bbcb6ed6,LA COLLITA Maduixot en terrina de 500 g,2.49,2.59,2026-06-09 11:28:46
6710,6f8f5506-ba1d-4d05-a896-b489dd2ad886,Llimona 1 u.,0.55,0.59,2026-06-09 11:28:46
6711,cc5f365c-96a7-4ff3-b662-0645c03257dd,Poma Golden Km0 1 u.,0.45,0.46,2026-06-09 11:28:46
6712,141121ea-aed2-4426-a9fd-544340e2bdb4,Taronja 1 u.,0.61,0.65,2026-06-09 11:28:46
6713,341d7c5f-c9db-458a-a4e9-b6c49f955b98,Tomàquet tipus Raf 1 u.,0.99,4.49,2026-06-09 11:28:46
6714,632ed9fe-1ea8-4e5b-9126-2b3ccff86e55,LA COLLITA Llimona malla 1 kg,2.85,3.19,2026-06-09 11:28:47
6715,7add96f3-d63e-4596-b3ec-46ba58269b0d,"LA COLLITA Poma golden de Girona Km0 bossa 1,5 kg",2.69,3.29,2026-06-09 11:28:47
6716,3cb0a454-b336-490c-a61c-b34f4037bf4f,Mango en safata de 2 u.,2.99,2.79,2026-06-09 11:28:47
6717,76f31d46-1148-4eff-b15c-5da11de7b3ff,LA COLLITA Llimona ecològica en malla 500 g,1.89,1.99,2026-06-09 11:28:48
6718,feff33be-ac85-419b-92f8-271e676e4c3b,LA COLLITA Mores en terrina de 125 g,2.39,2.19,2026-06-09 11:28:48
6719,486ce6e6-cdcc-4ad0-9d97-5770d5295be7,LA COLLITA Síndria amb llavors ecològica 1 u.,5.99,4.99,2026-06-09 11:28:48
6720,13a22d11-3a94-482f-b1e9-b5810148dc22,Préssec paraguaià 1 u.,0.51,0.5,2026-06-09 11:28:48
6721,25805d40-2fda-4f96-95de-753b7a498922,Llimona 1 u.,0.82,0.88,2026-06-09 11:28:49
6722,5e684724-6e91-4067-8483-5e466bef7f25,Poma Golden km0 1u.,0.43,0.47,2026-06-09 11:28:49
6723,a116294a-f87f-4aff-8ae6-40833c1fc405,Síndria Fashion 1 u.,11.99,11.49,2026-06-09 11:28:49
6724,ea9caa61-e56b-49eb-b592-580a1f89b443,LA COLLITA Cireres Km0 en capsa d'1 Kg,8.69,7.49,2026-06-09 11:28:50
6725,f460461b-48b1-493f-b7d1-9c7bc837cea9,Meló Cantalup 1 u.,3.89,3.49,2026-06-09 11:28:50
6726,5f397204-82d3-4928-92c6-68d1a00a865a,Meló Gàl·lia 1 u.,3.29,3.49,2026-06-09 11:28:50
6727,43d0caa0-f0b7-49d9-b8cf-cb2f09db5ccb,Pera ercolina 1 u.,0.35,0.36,2026-06-09 11:28:50
6728,4e68703b-7055-45b3-86e4-b6e023a251e5,"LA COLLITA Poma golden de Girona Km0 en bossa 1,5 kg",2.99,3.29,2026-06-09 11:28:51
6729,ef2797f7-65af-455d-9b66-f7765e99c363,"LA COLLITA Poma golden de Lleida Km0 bossa 1,5 kg",2.99,3.39,2026-06-09 11:28:51
6730,4dcaeed5-0e4d-44c3-ab26-e2827dab8e90,Meló Gàl·lia 1 u.,4.01,4.32,2026-06-09 11:28:52
6731,45b16d79-fab3-4bb8-9b43-b53a017f9cad,Síndria taronja 1 u.,12.6,10.95,2026-06-09 11:28:52
6732,25ff0adb-8ed8-4e9d-835f-53f21c38ebad,BONPREU Cansalada viada curada,2.09,1.99,2026-06-09 11:28:55
6733,6a70c608-ecbe-49e4-8be0-1756f100f6e7,DON BERNARDO Formatge d'ovella vell manxec DOP al tall en porció,3.4,5.99,2026-06-09 11:29:10
6734,c76e09c6-f84a-457e-8cde-21abd94c3eef,Lluç del Cap sencer (palangre),26.99,17.99,2026-06-09 11:29:21
6735,c9cfa48e-fb31-45bc-a4b8-ffd874b84ceb,Suprema de Salmó,7.0,6.25,2026-06-09 11:29:21
6736,acb5ea50-3a14-4645-90ba-c0be1a6b4301,Calamar fresc,15.0,16.5,2026-06-09 11:29:23
6737,8680fae6-dfdb-451b-a076-4dc16678c460,Sípia bruta,13.19,13.79,2026-06-09 11:29:23
6738,1a6d247a-5627-47c8-b345-c4ab85a0d3e5,RANA Raviolis de prosciutto di parma i burrata,3.59,4.39,2026-06-09 11:30:33
6739,6acc3c76-2a8d-4f98-961e-0807e522d5db,COCA-COLA Refresc de cola Zero sucre en ampolla,2.15,1.99,2026-06-09 11:31:14
6740,d0d172f0-67b5-465f-b45b-7c9f52474197,COCA-COLA Refresc de cola sabor original en ampolla,2.52,2.36,2026-06-09 11:31:14
6741,afdb9309-479c-4589-9b54-bb75bea59e88,COCA-COLA Refresc de cola sense cafeïna en ampolla,2.52,2.36,2026-06-09 11:31:14
6742,13a22d11-3a94-482f-b1e9-b5810148dc22,Préssec paraguaià 1 u.,0.5,0.48,2026-06-10 11:43:20
6743,4c324709-bdec-435d-9ec3-8aeb5e03f060,FLORETTE Duo de canonge i ruca,1.99,2.05,2026-06-10 11:43:21
6744,bf243fed-a342-47a5-9fe7-982dd33ade2a,FLORETTE Primers brots d'espinacs,1.79,1.99,2026-06-10 11:43:21
6745,06964a36-32de-4a7a-9e33-80e7b2147275,FLORETTE Amanida de nous i formatge de cabra,3.35,3.49,2026-06-10 11:43:22
6746,1f9fc691-40e0-41b1-bff1-edf814bdf76c,FLORETTE Bastonets de pastanaga,2.09,2.15,2026-06-10 11:43:22
6747,20fb653a-6f66-4975-af17-73d4fca8fe43,FLORETTE Brots deluxe,2.05,2.09,2026-06-10 11:43:22
6748,cbe294db-4d59-4816-8b3b-95f8732929ce,FLORETTE Verdures per microones,2.05,2.15,2026-06-10 11:43:22
6749,f2db94f3-8790-4130-8f4b-0b15520e6d4b,FLORETTE Amanida Cèsar,3.25,3.39,2026-06-10 11:43:23
6750,eadfa561-ddef-45a9-8810-501d38ec7782,FLORETTE Amanida Japó,3.99,4.09,2026-06-10 11:43:23
6751,9a4078ef-f086-4de0-b339-f048efac1b0b,FLORETTE Amanida amb pollastre crispy Xtreme,3.99,4.09,2026-06-10 11:43:23
6752,68ed2e4a-1058-460e-8f6d-19c43bbd990e,FLORETTE Amanida de pasta i ruca,3.45,3.59,2026-06-10 11:43:23
6753,cf94d08b-ca1c-43d9-9454-901d546aaf44,FLORETTE Brots clàssics,2.05,2.09,2026-06-10 11:43:23
6754,4f754e14-93d2-4a2e-8ffa-6c47acb08452,FLORETTE Mix de verdures carbassó,2.49,2.59,2026-06-10 11:43:23
6755,7b20bca7-1596-48f7-ae7f-3316801c9ac4,FLORETTE Verdures per microones al vapor,2.05,2.19,2026-06-10 11:43:23
6756,36428349-a4c6-4c2a-a79b-578d5ec21561,FLORETTE Amanida Cèsar Light,3.35,3.49,2026-06-10 11:43:24
6757,bac1bf0b-c09e-42ee-9598-c3cf2b4df0e9,FLORETTE Amanida Wraps,3.99,4.39,2026-06-10 11:43:24
6758,e76776f3-ad94-4a71-8758-be69ee46b198,FLORETTE Amanida de pasta i tonyina,3.49,3.59,2026-06-10 11:43:24
6759,4dcaeed5-0e4d-44c3-ab26-e2827dab8e90,Meló Gàl·lia 1 u.,4.32,4.63,2026-06-10 11:43:24
6760,fe51f3a5-4c3b-4cd4-bcfc-22a6185833df,ISIGNY STE. MERE Formatge Mimolette al tall en porció,32.99,6.6,2026-06-10 11:43:42
6761,602a512d-ef00-4764-affa-7aebf1df3ccd,BONPREU Cuixa de pollastre filetejat,2.49,2.65,2026-06-10 11:43:44
6762,cc4a5840-fbdf-46a5-ad7d-457734d1ce71,BONPREU Filet d'indiot,3.99,4.15,2026-06-10 11:43:44
6763,670c4674-5dcf-4f6b-8b27-5ed298fc3bc6,BONPREU Filet de pollastre,4.09,4.19,2026-06-10 11:43:44
6764,313fd6c2-e26f-46d2-afc6-1382cebdff72,BONPREU Pit de pollastre,4.29,4.39,2026-06-10 11:43:44
6765,d4ad1013-24bb-4826-9567-bde367c7173f,BONPREU Pit de pollastre filetejat tall fi,4.45,4.55,2026-06-10 11:43:44
6766,bbcdd950-f41c-4cc0-b938-b6fd3f6b0174,BONPREU Pit filetejat pollastre,4.39,4.49,2026-06-10 11:43:44
6767,6851114e-b8b2-457f-bdb7-8a9d528986e5,BONPREU DE L'ERA Filet de vedella,9.65,9.75,2026-06-10 11:43:45
6768,eb7d46f4-d35e-4207-8d44-aca31c9f1e63,BONPREU Costelles de xai,14.49,13.99,2026-06-10 11:43:46
6769,e93fa36d-394e-4940-95df-5f6cd540c527,BONPREU Cuixa i mitjana de xai,14.75,14.25,2026-06-10 11:43:46
6770,acf92d34-a546-4a5d-a50f-1f93ad7b0e13,BONPREU Cabrit per arrebossar,17.99,17.49,2026-06-10 11:43:47
6771,92e105a3-3cfe-483c-b320-9185b78ef007,BONPREU Xai amb torna 5 o 6 talls,12.49,11.99,2026-06-10 11:43:47
6772,2ece3e6f-498c-4401-81af-0230e39f2a29,BONPREU Xai del país,21.24,20.39,2026-06-10 11:43:48
6773,f3d00975-085b-4a93-a6e2-b195183e077b,BONPREU Costelles de xai,14.4,14.04,2026-06-10 11:43:49
6774,7174ff99-c453-4d65-8351-9fe3952f0348,BONPREU Espatlla de xai,28.99,27.99,2026-06-10 11:43:49
6775,e1271268-e868-4510-8f68-9147159ffdd0,BONPREU Costella i mitjana de xai,25.02,24.37,2026-06-10 11:43:50
6776,cf75d10f-2932-47d7-8d94-9a0e6df52c0d,BONPREU Cuixa tallada amb os de xai,9.8,9.4,2026-06-10 11:43:50
6777,f1a456bc-2370-4b33-a5ec-50f2c00f0ba0,BONPREU Espatlla de xai,13.5,13.05,2026-06-10 11:43:50
6778,d659ee5f-b9d8-4224-aa93-7aca8e286d79,BONPREU Mitjana de xai,10.5,10.2,2026-06-10 11:43:50
6779,cb2d2e58-ffda-43ce-ab1d-52f861a39137,BONPREU Braó de xai,10.0,9.5,2026-06-10 11:43:51
6780,3151546e-5188-43c9-82ec-ecd931fe6c1a,BONPREU Cabrit,18.0,17.5,2026-06-10 11:43:51
6781,6932c6f9-02d7-4a67-821c-b5191dea16e7,BONPREU Cabrit per arrebossar,18.5,18.0,2026-06-10 11:43:51
6782,8110e685-ae3b-45b0-a09d-686f45fd8656,BONPREU Coll de xai,8.0,7.6,2026-06-10 11:43:51
6783,acf03f8e-7c76-4861-b82a-c8bf4f1df621,BONPREU Cuixa i mitjana de xai,14.75,14.25,2026-06-10 11:43:51
6784,24a257e7-6f41-4113-92e6-670fb5e82206,BONPREU Espatlla de cabrit,17.55,17.1,2026-06-10 11:43:51
6785,cdab9686-61c0-418e-865f-df84d3cd0375,BONPREU Espatlla de xai,28.99,27.99,2026-06-10 11:43:51
6786,39fbd819-fe99-4005-bc82-0574a55751ee,Musclo en atmosfera modificada,4.59,4.99,2026-06-10 11:43:53
6787,5a0c5996-2f69-4fd0-8808-2508e4ba460c,BON PREU Cereals de civada cruixents,1.9,1.8,2026-06-10 11:44:37
6788,a014129a-bb84-4135-912a-b6295d625ab9,FLORETTE Salsa cèsar,2.25,2.35,2026-06-10 11:45:26
6789,256d51b2-7372-4dd6-a324-a2b711dcb705,FLORETTE Salsa de Mòdena i mel,2.25,2.35,2026-06-10 11:45:27
6790,0f4e9a5c-ee70-4b8d-b868-165aa01c70bb,FLORETTE Salsa de iogurt,2.25,2.35,2026-06-10 11:45:27
6791,2e92eb25-1e68-4dfb-8834-9170ef9e6450,NEGRITA Rom Negrita,9.29,8.95,2026-06-10 11:46:15
6792,bb107810-9323-477a-97a3-9228063eee24,BONPREU Mocadors de paper amb loció,1.5,1.55,2026-06-10 11:47:54
6793,1018fe66-eb83-462f-8404-5117cc299527,BONPREU Mocadors extrasuaus,1.05,1.1,2026-06-10 11:47:54
6794,8c3c9a58-9818-4eba-8484-22a4a6aa95b3,BONPREU Paper higiènic compacte 2 capes 12 un.,4.49,4.59,2026-06-10 11:47:54
6795,78be2032-0aef-40bd-80e5-31f52da9e778,BONPREU Paper higiènic compacte 2 capes 24 un.,8.69,8.89,2026-06-10 11:47:54
6796,b7ad04fc-8397-4df4-b3aa-c52b377b8665,BONPREU Paper higiènic compacte 2 capes 6 un.,2.29,2.35,2026-06-10 11:47:54
6797,9cc3ebc0-4696-4544-a472-7148d523140d,BONPREU Paper higiènic suau 4 capes 8 un.,3.55,3.69,2026-06-10 11:47:54
6798,9e33b677-9853-4c66-b0c1-219883aa44ab,BONPREU Paper multiús superabsorbent 90 metres 1un.,2.89,2.95,2026-06-10 11:47:54
6799,f5798f1d-750c-413d-9d91-b07da9dbb9c3,BONPREU Tovallons de paper blancs 30x30 cm 100 unitats,1.55,1.65,2026-06-10 11:47:54
6800,82991fec-d493-4221-a650-0728807a8876,BONPREU Tovallons de paper blancs 30x30 cm 200 unitats,1.25,1.15,2026-06-10 11:47:54
6801,b5395748-5af2-428d-a2c4-c01f13f2c2b6,BONPREU Mocadors de paper,1.65,1.69,2026-06-10 11:47:55
6802,6ee45445-3c6b-499e-8f0b-23aa112d5e6e,BONPREU Tovallons de paper blancs 33x33 cm,0.89,0.95,2026-06-10 11:47:55
6803,b2988bbb-40aa-491b-b03b-5e917f17774d,BONPREU Tovallons de paper color 33x33 cm,1.35,1.45,2026-06-10 11:47:55
6804,662bfbfb-edfa-4e2a-8e3d-da6f675145f4,BONPREU Tovallons de paper color 33x33 cm,1.35,1.45,2026-06-10 11:47:55
6805,90dea777-d3f5-4aec-9e38-f589a598f6aa,Tomàquet cor de bou 1 u.,1.05,1.09,2026-06-10 22:27:59
6806,eb93987a-11b2-4295-8af9-c7c52628bb2d,Nectarina  1 u.,0.79,0.74,2026-06-11 12:12:20
6807,56813b28-afcb-40d1-953c-e63f0d2e568d,Papaia gegant 1 u.,6.66,6.04,2026-06-11 12:12:27
6808,9392b333-2687-49d5-b1e3-c010b373018a,Pruna vermella 1 u.,0.71,0.54,2026-06-11 12:12:27
6809,1801dea8-0ce5-4943-a433-f16ce0da0749,AZUAGA Espatlla d'enceball 50% Ibèrica,95.79,89.0,2026-06-11 12:12:39
6810,90b6cb3f-cd6d-4c91-a7fc-30909a06ead7,BONPREU Alons de pollastre,2.69,2.75,2026-06-11 12:12:54
6811,ef7584e3-f3f8-45b4-8fe6-c59b41c520e1,BONPREU Carn magra,3.99,4.15,2026-06-11 12:12:54
6812,643dc4b4-a34e-445b-a742-dff2631ad29c,BONPREU Cuixes de pollastre per a la brasa,2.99,3.15,2026-06-11 12:12:54
6813,7201a851-9f72-45e3-ab11-a233c20fe8a2,BONPREU Cuixetes de pollastre,2.89,2.99,2026-06-11 12:12:54
6814,fee676f2-9a6c-4586-8b56-8ed2497cfe32,BONPREU DE L'ERA Bistec 1ªA de vedella,6.65,6.85,2026-06-11 12:12:54
6815,28df0c23-b0a4-4e09-87cd-0f1190933a24,BONPREU DE L'ERA Medalló de vedella ecològica,5.75,5.99,2026-06-11 12:12:54
6816,39b5cae2-9465-4e82-a8ca-4d8995bcb7bb,BONPREU Filet de porc,4.25,4.35,2026-06-11 12:12:54
6817,c4b2fdd6-6dd2-4718-a2e8-ebb18ffbbce6,BONPREU Llom de porc extra fi,2.99,3.15,2026-06-11 12:12:54
6818,c6cc9998-f41e-4b4e-9c76-ac6882bca813,BONPREU Llom porc,4.49,4.75,2026-06-11 12:12:54
6819,75867605-5d97-481c-b65d-0e7756c2e2fe,BONPREU Pit de pollastre arrebossat,3.99,4.15,2026-06-11 12:12:54
6820,dcebd9e5-2e6c-40d9-bd07-e7502243ba89,BONPREU Quarts de cuixa de pollastre,4.39,4.49,2026-06-11 12:12:54
6821,8e55b85b-7761-4c38-a1a5-56d5d9fde05d,BONPREU Xurrasco de vedella ecològica,3.49,3.65,2026-06-11 12:12:54
6822,254e8be2-c4f2-4abb-b86a-26aa50c125be,BONPREU Ales de pollastre partides,3.5,3.6,2026-06-11 12:12:55
6823,0529720e-0722-4369-a8c9-4428ce08dcb4,BONPREU Blanqueta de pollastre,2.99,3.15,2026-06-11 12:12:55
6824,3b190cd3-1235-4d7a-83d6-ba770fd0e6f4,BONPREU Cuixetes de pollastre,5.29,5.45,2026-06-11 12:12:55
6825,ab05321e-a7af-4c9d-9e43-adfc7a8a608d,BONPREU DE L'ERA Entrecot de vedella madurat,9.99,10.25,2026-06-11 12:12:55
6826,311da5c2-62de-4364-b39c-00c06806421f,BONPREU DE L'ERA Estofat de vedella,6.49,6.65,2026-06-11 12:12:55
6827,348df55f-f864-430a-b116-8150d48e9c6d,BONPREU DE L'ERA Fricandó de vedella,6.25,6.3,2026-06-11 12:12:55
6828,82f88877-0749-49dc-963b-fc67f469f182,BONPREU DE L'ERA Pit de pollastre filetejat ecològic,7.49,7.75,2026-06-11 12:12:55
6829,97fdff8c-cfdc-4b78-b246-89c7541d3ef8,BONPREU Lloms de conill,4.95,5.2,2026-06-11 12:12:55
6830,3255f507-82b5-4592-a523-80a75c745e94,BONPREU Llonzes porc,3.69,3.85,2026-06-11 12:12:55
6831,b30b4f14-94b6-475e-95ca-bf333ee618c6,BONPREU Pit d'indiot filetejat extra fi,5.29,5.39,2026-06-11 12:12:55
6832,2694ac28-1e32-498e-86d1-5737e1a36bda,BONPREU Pit de pollastre al buit,7.99,8.25,2026-06-11 12:12:55
6833,0205d0f4-513d-4a6e-b47e-e2ed9be2c8f9,BONPREU Pit de pollastre filetejat,6.29,6.45,2026-06-11 12:12:55
6834,97647ab7-1f5a-4d6d-8aa7-2e029ca40691,BONPREU Tira de costella de porc,4.69,4.75,2026-06-11 12:12:55
6835,9d39005a-a207-4bce-b471-e182a7ea6576,BONPREU Conill trossejat,11.99,12.49,2026-06-11 12:12:56
6836,1251e438-ba3f-46c0-acd5-bf79b95d0adb,BONPREU Peus de porc precuinats,7.25,7.45,2026-06-11 12:12:56
6837,91a1d61e-e222-48e8-8669-1a91d8b59d83,FINURA DE IBÉRICO Llom de porc ibèric filetejat,12.49,12.75,2026-06-11 12:12:57
6838,554197e6-57ce-419e-a432-a083881e8c7c,BONPREU Cafè molt mescla,2.55,2.5,2026-06-11 12:13:54
6839,e1a58aae-e4af-4211-99b4-1143b006899d,BONPREU Cafè molt natural de torrat natural,2.55,2.5,2026-06-11 12:13:54
6840,b733dd44-d11a-46ed-b1cf-12d0863221a1,BONPREU Càpsules de cafè amb llet,3.45,3.35,2026-06-11 12:13:55
6841,8a65c553-b8c3-464d-95a1-a061065e1b26,BONPREU Càpsules de cafè descafeïnat,3.45,3.35,2026-06-11 12:13:55
6842,05543630-4141-43b6-935b-c2aeacad6554,BONPREU Càpsules de tallat,3.45,3.35,2026-06-11 12:13:57
6843,fa87f0dc-5ca6-4d54-bcca-42ca5ecf3ca0,BONPREU Salsa bolonyesa,1.4,1.45,2026-06-11 12:15:09
6844,0d50406e-c6e4-4d9b-83fa-a63690dcd11a,BONPREU Salsa pesto,1.99,1.89,2026-06-11 12:15:09
6845,7cc0831f-e829-4aec-bab7-832151a61366,BONPREU Tomàquet fregit,0.9,0.95,2026-06-11 12:15:09
6846,93d70f4b-931b-4c58-bac9-230b8726e84d,BONPREU Salsa carbonara,1.55,1.45,2026-06-11 12:15:10
6847,a4cbe3f9-7736-4052-a3e1-4e85354ab533,BONPREU Salsa de formatge,1.55,1.45,2026-06-11 12:15:10
6848,b50ed423-f32a-473d-a55a-8b4332cf0a06,BONPREU Mostassa a l'estil americà,1.39,1.25,2026-06-11 12:15:11
6849,8483f101-5758-49e6-a58f-1e8300d1f8c1,BONPREU Salsa bolonyesa,1.55,1.45,2026-06-11 12:15:11
6850,466e91a7-3b95-47f8-850e-9b12f4e90f3a,IFA Salsa còctel,1.25,1.15,2026-06-11 12:15:12
6851,0ec3104b-abbe-4c35-ace0-97b52c5fdd65,SCHWEPPES Refresc tònica en ampolla,2.05,1.99,2026-06-11 12:15:36
6852,115b31a5-bc36-481e-8661-e3baf265799f,SCHWEPPES Refresc tònica Zero en ampolla,2.05,1.99,2026-06-11 12:15:37
6853,7abf9851-5aa0-441e-8658-44b528382c74,SCHWEPPES Refresc Ginger Ale en ampolla,2.05,1.99,2026-06-11 12:15:39
6854,f65ceabf-d27d-4043-864b-1040d68d0f56,SCHWEPPES Refresc tònica Pink Zero en ampolla,2.05,1.99,2026-06-11 12:15:39
6855,b18e516d-e43a-427e-a3ff-8ef0e138e9da,DANONE Iogurt natural,1.99,1.7,2026-06-11 12:17:00
6856,a6dd0059-4260-416f-9502-42f2ac6fdd72,DANONE Iogurt natural ensucrat,1.99,1.7,2026-06-11 12:17:02
6857,9beddce6-f9cb-4947-8638-896a6be417c1,MAYBELLINE Base de maquillatge to 115 cobertura mat Fit Me,7.0,7.59,2026-06-11 12:17:37
6858,58b89b19-92dd-423a-a4e9-664985cb3446,MAYBELLINE Base de maquillatge to 128 cobertura mat Fit Me,7.0,7.59,2026-06-11 12:17:37
6859,03c382f1-a162-492f-ae88-16ee3f4b6e7d,MAYBELLINE Base de maquillatge to 120 cobertura mat Fit Me,7.0,7.59,2026-06-11 12:17:39
6860,f41f32af-7687-49dd-be5b-510ef25b9ad3,MAYBELLINE Base de maquillatge to 118 cobertura mat Fit Me,7.0,7.59,2026-06-11 12:17:41
6861,0d0871d4-c2cf-4681-9bc9-7e9734d2fbec,MAYBELLINE Pintallavis líquid to 15 Super Stay Matte Ink,8.95,9.55,2026-06-11 12:17:41
6862,37d93261-e4db-4717-8837-b97c7e81d56e,MAYBELLINE Pintallavis líquid to 50 Super Stay Vinyl Ink,12.95,11.25,2026-06-11 12:17:41
6863,deb0f7e2-4ed7-424e-8124-f7a225c28a61,MAYBELLINE Pintallavis líquid to 35 Super Stay Vinyl Ink,12.95,11.25,2026-06-11 12:17:42
6864,4347c4ff-870d-4c23-b5c1-dbbea86ceddd,MAYBELLINE Base de maquillatge to 130 cobertura mat Fit Me,7.0,7.59,2026-06-11 12:17:43
6865,59f33b4d-9c1f-4e7b-a96b-3553c668fb92,MAYBELLINE Base de maquillatge to 250 cobertura mat Fit Me,7.0,7.59,2026-06-11 12:17:43
6866,def62908-9c40-4bc9-8465-0afc59f5ec8e,MAYBELLINE Pintallavis líquid to 110 Super Stay Vinyl Ink,12.95,11.25,2026-06-11 12:17:43
6867,caf2a779-5b78-4661-ad76-74e2e89e469d,MAYBELLINE Pintallavis líquid to 50 Super Stay Matte Ink,8.95,9.55,2026-06-11 12:17:43
6868,eab067cc-b82c-4f14-ad03-56d7917b9589,MAYBELLINE Pintallavis líquid to 65 Super Stay Matte Ink,8.95,9.55,2026-06-11 12:17:43
6869,0e9e1b8e-0994-4e53-8f48-71b2165076c1,MAYBELLINE Pintallavis líquid to 100 Super Stay Vinyl Ink,12.95,11.25,2026-06-11 12:17:45
6870,646ce2ab-1ce6-431c-8e1e-289c6c03cb21,MAYBELLINE Pintallavis líquid to 20 Super Stay Vinyl Ink,12.95,11.25,2026-06-11 12:17:45
6871,24f936c7-b2a6-445f-b782-b9c89cd06955,MAYBELLINE Pintallavis líquid to 55 Super Stay Vinyl Ink,12.95,11.25,2026-06-11 12:17:45
6872,24ff5272-a3d5-40a8-b907-a567bd69ff36,MAYBELLINE Pintallavis líquid to 70 Super Stay Matte Ink,8.95,9.55,2026-06-11 12:17:45
6873,5441f393-4521-4399-b421-a0b39d67cc89,MAYBELLINE Base de maquillatge to 110 cobertura mat Fit Me,7.0,7.59,2026-06-11 12:17:46
6874,170a4b45-ed27-4691-a453-ce7889eff02e,MAYBELLINE Pintallavis líquid to 10 Super Stay Vinyl Ink,12.95,11.25,2026-06-11 12:17:46
6875,1d8f09f6-4f90-4602-b70b-bc9b707eed2d,MAYBELLINE Pintallavis líquid to 105 Super Stay Vinyl Ink,12.95,11.25,2026-06-11 12:17:46
6876,ebc39105-5c2c-4e0c-b1d2-c01b2b219697,MAYBELLINE Pintallavis líquid to 80 Super Stay Matte Ink,8.95,9.55,2026-06-11 12:17:46
6877,15a46011-ee0a-447e-8058-1b21f7e87866,MAYBELLINE Pintallavis líquid to 15 Super Stay Vinyl Ink,12.95,11.25,2026-06-11 12:17:47
6878,ce321624-fb77-4535-922a-a65efc6f869d,MAYBELLINE Base de maquillatge to 220 cobertura mat Fit Me,7.0,7.59,2026-06-11 12:17:48
6879,e23949b4-a6e6-42a5-837d-992a06061875,MAYBELLINE Pintallavis líquid to 35 Super Stay Matte Ink,8.95,9.55,2026-06-11 12:17:48
6880,06ace538-540f-424a-9247-21b07031db65,MAYBELLINE Pintallavis líquid to 60 Super Stay Matte Ink,8.95,9.55,2026-06-11 12:17:48
6881,1eced8e6-e235-4022-a2f3-96cca70c75b1,MAYBELLINE Pintallavis líquid to 125 Super Stay Vinyl Ink,12.95,11.25,2026-06-11 12:17:50
6882,02ec4308-aad3-4060-8075-f047a4ba72ac,MAYBELLINE Pintallavis líquid to 130 Super Stay Vinyl Ink,12.95,11.25,2026-06-11 12:17:50
6883,d0d87543-9f43-4c4b-9c80-f016f1fef169,MAYBELLINE Pintallavis líquid to 25 Super Stay Vinyl Ink,12.95,11.25,2026-06-11 12:17:50
6884,155c92b4-df66-42a3-9799-61ee06c99021,MAYBELLINE Pintallavis s.matte ink 325,8.95,9.55,2026-06-11 12:17:50
6885,21098d34-fc91-4768-a6bc-0aef354e0aa8,MAYBELLINE Pintallavis líquid to 20 Super Stay Matte Ink,8.95,9.55,2026-06-11 12:17:51
6886,7605e8a8-26ca-46ae-9671-40120dc9e920,BONPREU Gel d'higiene íntima,1.25,1.29,2026-06-11 12:18:10
6887,9ad2ba80-8723-451b-8f49-14c0dac95f79,BONPREU Baieta de pal microfibra,2.7,2.8,2026-06-11 12:18:47
6888,68b1306d-85ff-4070-8128-c81a06cf044f,TATAY Penjador mànega 25m,3.45,3.75,2026-06-11 12:21:04
6889,8ef18c9c-014c-4111-a16d-0c9ddf5f9ce9,TATAY Pistola universal amb 7 posicions per a mànega,9.95,10.25,2026-06-11 12:21:08
6890,b9cac90b-1a41-467f-b50c-4359320168e4,"TATAY Mànega per a regar extensible 7,5m",17.95,18.95,2026-06-11 12:21:09
6891,d4e97438-e806-4881-9be2-524e559cab0c,TATAY Racor aixeta 2 vies,9.75,9.95,2026-06-11 12:21:09
6892,87200c84-7532-422b-86a9-11e36219c184,TATAY Racor d'aixeta femella,1.75,1.85,2026-06-11 12:21:09
6893,2c949c7b-b502-42bf-a096-9acd0bec2f56,TATAY Aspersor de 3 braços amb base,5.75,5.95,2026-06-11 12:21:10
6894,f436001b-6aa8-4145-ac34-27596991917a,TATAY Aspersor sectorial,3.25,3.75,2026-06-11 12:21:10
6895,be6cc16e-3404-4d8a-b8ea-4c5300eeb22b,"TATAY Connector ràpid 3/4"" premium",2.65,2.75,2026-06-11 12:21:10
6896,dc62e66a-0a1a-4511-b13f-6408ef1c026a,TATAY Kit mànega 15 metres 5/8,24.95,25.95,2026-06-11 12:21:10
6897,98dc81bb-a8e8-4be1-8d25-d15793bb215a,TATAY Pistola 2 posicions,8.75,8.95,2026-06-11 12:21:12
6898,7d895960-c4f5-4fb3-9963-1081db30a667,TATAY Pistola 2 posicions,17.75,17.95,2026-06-11 12:21:12
6899,d437236d-b6f7-4585-a107-98183304c935,TATAY Programador  analògic,28.75,28.95,2026-06-11 12:21:12
6900,2f242e49-aea6-47cd-9665-e59d4143f1f3,TATAY Mànega amb kit de reg,17.95,18.95,2026-06-11 12:21:14
6901,145d65da-df2d-4316-a2ff-b73d08a19592,TATAY Pistola 8 posicions,19.25,19.95,2026-06-11 12:21:14
6902,194d47ad-0228-4768-bbd9-7355620bf328,TATAY Aspersor impuls,6.95,7.45,2026-06-11 12:21:16
6903,de007754-d6b0-4980-804e-6e4f96281ae5,TATAY Connector ràpid Premium per a mànegues,2.25,2.45,2026-06-11 12:21:16
6904,3fbd7064-011f-456a-8492-8c8e5c8d2c9a,TATAY Kit mànega espiral 15m,29.75,29.95,2026-06-11 12:21:16
6905,4202ebc5-d6d1-4db7-86e9-821fd017dd42,TATAY Mànega extensible 15m,24.95,25.95,2026-06-11 12:21:17
6906,4c7487a6-d2e5-4a37-a0a9-5562baa48aef,"TATAY Reparador mànega 3/4""",2.45,2.55,2026-06-11 12:21:18
6907,fabbf9ae-354b-4256-9701-4772e25db1ee,TATAY Broquet Premium per mànega,2.95,3.25,2026-06-11 12:21:19
6908,84755e4d-cfa4-46bc-a62f-a51c5ab2627c,TATAY Kit mànega 25 metres 5/8,34.95,35.95,2026-06-11 12:21:19
6909,504f8801-6e52-4476-ae39-4ff56392998f,BONPREU Tovalloletes humides aloe vera per a nadó,1.75,1.85,2026-06-11 12:22:27
6910,b4e2136f-6d07-4a72-9725-1b46c11d2bb3,BONPREU Tovalloletes humides infantils pells sensibles,1.59,1.65,2026-06-11 12:22:27
6911,53465c7a-a818-4176-8903-a87e93a8c7c8,Préssec paraguaià Km0 1 u.,0.69,0.49,2026-06-12 11:59:44
6912,13a22d11-3a94-482f-b1e9-b5810148dc22,Préssec paraguaià 1 u.,0.48,0.47,2026-06-12 11:59:45
6913,a0203727-885c-4869-8187-25845f621d07,LA COLLITA Taronges Terres de l'Ebre Km0 en malla de 2 kg,3.19,3.29,2026-06-12 11:59:46
6914,37c8af14-70fa-4782-b522-e8e6273426e4,LA COLLITA Patata blanca bossa 800 g,0.99,1.59,2026-06-12 11:59:47
6915,3079010e-06cb-4647-8cb5-190219dda77a,Síndria sense llavors 1 u.,8.08,7.04,2026-06-12 11:59:49
6916,1801dea8-0ce5-4943-a433-f16ce0da0749,AZUAGA Espatlla d'enceball 50% Ibèrica,89.0,95.0,2026-06-12 12:00:00
6917,9ec83f10-fb22-42b5-80d1-2d1230bb540e,Cloïssa Japonesa,7.5,6.5,2026-06-12 12:00:26
6918,baeac763-a587-46f6-9acf-2ae52fcfc7f5,Cua de Lluç (unitat).,10.99,13.99,2026-06-12 12:00:26
6919,649fd35e-55d0-4dd8-82c5-7f68befd2856,ALEMANY Mel de farigola Km0,7.85,8.95,2026-06-12 12:00:59
6920,7693b815-33a5-48f4-9a6b-648511ff1d8f,CERELIA Base per a Pizza sense gluten,2.47,2.59,2026-06-12 12:01:35
6921,be8fe0a7-af99-41ef-9139-ba892e7d7819,DON SIMON Vi blanc,1.75,1.69,2026-06-12 12:02:41
6922,b1aa8827-42ba-4258-a548-dcc07a101938,DON SIMON Vi negre,1.75,1.69,2026-06-12 12:02:41
6923,ac4fe7dd-294a-49b7-bcf0-b6d5f44c9081,NIVEA Crema hidratant,3.99,4.55,2026-06-12 12:04:15
6924,66a263fc-fdb6-4215-8565-adf7e2c4bec8,LA COLLITA Mango 1 u.,3.99,4.99,2026-06-13 10:49:09
6925,c6de765b-c110-42f0-b6e5-93dde38555d7,Mini burger meat de filet de vaca,1.25,3.99,2026-06-13 10:49:50
6926,9f1a58e3-4eea-419e-a4fe-2c91395bb3f3,Sardina grossa,3.5,3.0,2026-06-13 10:49:53
6927,453ce810-1b12-46fe-af66-6f7905c13045,RANA Tallarines fresques amb ou i espinacs,2.49,2.59,2026-06-13 10:51:20
6928,40de764a-53d4-4c49-a920-ca51e247593a,RANA Espaguetis amb ou,2.49,2.59,2026-06-13 10:51:21
6929,8adce847-e57c-4d37-9765-0fd43a3373bb,RANA Tallarines Tagliatelle amb ou,2.49,2.59,2026-06-13 10:51:21
6930,b9ea9372-43ea-42f5-8326-01d7765b1734,BOOMER Xiclet de maduixa,3.05,2.49,2026-06-13 10:52:05
6931,c5feaaa4-f50f-40a6-8c02-ca29b577d8c1,BONPREU Desinfectant tèxtil sense lleixiu,2.99,3.15,2026-06-13 10:55:02
6932,66fd8dbb-8a0f-4410-a274-c6604a452013,BONPREU Detergent líquid marsella i espígol de 32 dosis,3.99,4.15,2026-06-13 10:55:02
6933,f7ea71be-7c37-4647-a616-8e8603550720,BONPREU Gel anticalç per rentadora,2.29,2.39,2026-06-13 10:55:02
6934,d34de14d-e9ab-477f-bd71-2e8a1905764c,BONPREU Suavitzant concentrat clàssic de 30 dosis,1.29,1.35,2026-06-13 10:55:02
6935,95c9e8d9-0944-41bc-a9b7-3a0a6fcb5133,BONPREU Suavitzant concentrat ecològic de 60 dosis,2.75,2.85,2026-06-13 10:55:03
6936,d2c860cf-5592-484e-a910-e5a551e2d51f,BONPREU Detergent en pols de 12 dosis,2.49,2.59,2026-06-13 10:55:04
6937,43714738-6728-4dc8-9746-6f1471b72f49,BONPREU Detergent líquid marsella rosa mosqueta de 32 dosis,3.99,4.15,2026-06-13 10:55:04
6938,3662b7c2-1374-4783-8ca1-bde39abef69a,BONPREU Detergent rentavaixelles bàsic de 50 dosis,4.15,4.25,2026-06-13 10:55:09
6939,a7621c18-f96f-4531-9a93-d6fda29c74c9,BONPREU Netejador vitroceràmica i inducció,1.95,2.15,2026-06-13 10:55:10
6940,dca4cc46-4544-425c-81de-08eec26dfb99,BONPREU Gel líquid anticalç bany,1.1,1.15,2026-06-13 10:55:13
6941,e318d187-4f19-4c2f-9137-605d694d9f57,PETRUS Grapes 23/6-200,4.69,4.95,2026-06-13 10:56:08
6942,52b69c23-8716-4c5b-a509-50384e47d34a,ELBA Carpeta classificadora negra,4.89,4.95,2026-06-13 10:56:13
6943,86c5d3fc-3217-4d1e-bb3c-a73b545ab92d,PETRUS Grapadora Liliput 200 amb grapes 23/6,6.79,6.95,2026-06-13 10:56:13
6944,b3e52233-9803-43a8-a3ed-02051cb21e33,PRYSE Carpeta vermella amb fundes,7.99,8.25,2026-06-13 10:56:13
6945,fa0466ef-0cdb-4829-95de-89cd250d9f73,PLAY-DOH Plastelina en pot individual,1.49,0.99,2026-06-13 10:58:08
6946,35f7ecb2-d242-464b-8c4f-2ead892c2a8e,BRUGAL Rom anyenc,13.49,15.39,2026-06-14 11:25:42
6947,19c32ff3-865f-44f6-a436-deb2e3c1308b,JIM BEAM Whisky Bourbon Kentucky Straight,10.49,15.75,2026-06-14 11:25:42
6948,c8bc9e72-5d41-4a60-85ea-2d4133dbbf94,LA CASTELLANA Anís dolç,7.89,9.35,2026-06-14 11:25:44
6949,09e17579-46eb-482e-b7bb-6a8514051b68,BONPREU Llenties vermelles ecològiques,2.39,2.89,2026-06-15 13:52:42
6950,12fe0709-debf-4b16-b35f-5f8896a501b6,FERRER Pebrot escalivat,3.29,3.5,2026-06-15 13:52:52
6951,150e2756-5c67-4dcf-a674-bb8d6f9e81c1,FERRER Variat de bolets,2.65,2.75,2026-06-15 13:52:53
6952,3795b86f-0806-4f2d-9797-007a512aad13,BONPREU Rovellons silvestres al natural trossejats,2.99,3.29,2026-06-15 13:52:56
6953,4000c875-809d-485d-9c6f-b866c7d507c0,BONPREU Bolets variats cultivats,2.49,2.59,2026-06-15 13:52:57
6954,32577880-3ea7-417b-8cf4-dc215123c8ee,BONPREU Rovellons silvestres al natural sencers,3.29,3.99,2026-06-15 13:53:02
6955,38f01d34-2cd4-4e11-9e68-56a729b661e0,BONPREU Maionesa,1.29,1.35,2026-06-15 13:53:10
6956,5031c835-f67b-4478-b5b1-e2aa7ae336dd,EL GAITERO Sidra clàssica,2.69,2.79,2026-06-15 13:54:05
6957,d5f655b1-7256-4be4-9f12-628c7b93ac98,PESCANOVA Calamar net,6.79,6.99,2026-06-15 13:54:23
6958,bad9c4d2-8600-4f91-b295-55e849fa534c,PESCANOVA Angurinyes,2.35,2.39,2026-06-15 13:54:25
6959,dbb13e62-c1da-42b8-85c4-6cdb6ed66b4d,PESCANOVA Cors de lluç del Cap,7.55,7.75,2026-06-15 13:54:25
6960,65ec02e3-0fcb-4acd-8a1f-81b946d42fd4,PESCANOVA Filets de lluç sense pell,5.89,6.15,2026-06-15 13:54:25
6961,1f1dc5f2-f0f1-41db-801e-63c04b8595f5,PESCANOVA Gamba vermella pelada,9.69,9.79,2026-06-15 13:54:25
6962,2e08f225-305b-4f12-b8fd-484bd76f9af9,PESCANOVA Llagostí pelat cru,4.89,4.99,2026-06-15 13:54:25
6963,970c72c1-c476-413a-ad5b-8e78b955dab0,PESCANOVA Lloms de lluç del Cap,8.29,8.59,2026-06-15 13:54:25
6964,c2a02992-20ee-4207-95a3-b93531812ce4,PESCANOVA Medallons de salmó,5.19,5.99,2026-06-15 13:54:25
6965,0b7d99a6-a357-4f7c-b878-4ca488770c9a,PESCANOVA Sípia Faraònica trossejada neta,6.65,6.75,2026-06-15 13:54:25
6966,0a78a440-f0fe-4116-b943-629774d35184,PESCANOVA Capritxos a la romana,4.69,4.75,2026-06-15 13:54:30
6967,1f53ae19-0a1b-48b9-ace1-72e113990469,PESCANOVA Anelles a la romana sense gluten,3.69,3.79,2026-06-15 13:54:32
6968,54126334-9348-4a95-a385-eccb09053606,PESCANOVA Cuixeta de cranc,2.65,2.75,2026-06-15 13:54:32
6969,880c9b56-626c-40ee-a28b-fac5481a8380,PESCANOVA Nuggets de lluç,2.89,2.99,2026-06-15 13:54:32
6970,3490a85b-4377-4ef1-8bbf-5e3fa75d97b9,PESCANOVA Varetes de lluç,3.55,3.89,2026-06-15 13:54:32
6971,697c167b-7ec4-4c28-8ccd-7ad4cf71d3f1,PESCANOVA Varetes de lluç arrebossat,4.29,4.69,2026-06-15 13:54:32
6972,185dff90-616a-4c7a-a2be-bcdf47f4bad2,DANONE La Copa de nata i xocolata,1.99,2.09,2026-06-15 13:54:54
6973,c4ad89e8-27c7-4e4f-a3c7-d7c3d0f36ea7,DANONE Quallada,1.49,1.59,2026-06-15 13:54:54
6974,c629eb18-4804-4171-8ab1-3168c794be4d,DANET Natilles amb Twix,2.49,2.59,2026-06-15 13:54:55
6975,07ade73a-3e5c-4d4a-b184-5b69cbb5e120,DANONE Flam de formatge,3.89,3.99,2026-06-15 13:54:55
6976,bd8bac1c-6e12-4900-bbba-6ab14d641181,DANONE Quallada amb sucre,1.49,1.59,2026-06-15 13:54:55
6977,cea622ec-343a-499a-8858-68a9e356eeb7,YOPRO Postres làcties cremós desnatat natural,3.29,3.49,2026-06-15 13:54:55
6978,b16c0c00-b7da-4228-a234-b1416db3a2a6,DANET Natilles gust xocolata i festuc Dubai,2.49,2.59,2026-06-15 13:54:56
6979,72c96edd-2d8b-4f93-8b83-11853dd64893,ACTIVIA Iogurt cremós amb gust de llima i llimona,2.69,2.89,2026-06-15 13:54:59
6980,b506b832-6dde-47e6-8460-bffbcd91b048,ACTIVIA Iogurt natural,3.89,3.99,2026-06-15 13:54:59
6981,8e1d4230-720b-44b0-bd49-8516d22890d1,ACTIVIA Iogurt natural 0%,3.89,3.99,2026-06-15 13:54:59
6982,910e4a02-8f5a-4eb4-9bb2-79993ee3b7ac,ALPRO Producte vegetal de soja amb gustos mixts,2.8,2.99,2026-06-15 13:54:59
6983,2fa86eb7-89b6-4ba4-b6fb-c96946ef1f57,ALPRO Producte vegetal de soja natural,2.5,2.6,2026-06-15 13:54:59
6984,c7e7c2dc-dfd0-4484-9720-4bb92fcac54c,ALPRO Producte vegetal soja fruites vermelles,2.8,2.99,2026-06-15 13:54:59
6985,287c7d8a-c558-493c-9fa4-f7b970ee7c74,DANONE Iogurt grec Stracciatella,1.69,1.79,2026-06-15 13:54:59
6986,1233b0f6-6808-4db0-b29c-d4a41035731c,DANONINO Iogurt per beure de maduixa,2.59,2.69,2026-06-15 13:54:59
6987,1f1cc57c-daa4-45d0-a973-c04963e27258,ACTIVIA Iogurt natural desnatat edulcorat amb probiòtics,3.89,3.99,2026-06-15 13:55:00
6988,d84ceddb-ce88-4e7d-8c8c-1f870c2923a4,ALPRO Producte vegetal de coco amb stracciatella,2.6,2.99,2026-06-15 13:55:00
6989,eb883db9-c47b-4049-af57-1254a94c9b4b,DANACOL Iogurt per beure de llima i llimona,4.49,4.59,2026-06-15 13:55:00
6990,47b3acaa-8199-4b8e-a989-3b5af9c58bb0,DANONINO Iogurt maxi de maduixa,2.29,2.39,2026-06-15 13:55:00
6991,eb8eb146-ceb1-48e9-a9ff-309eb6ab97fe,DANONINO Iogurt maxi de maduixa i plàtan,2.29,2.39,2026-06-15 13:55:00
6992,deee0eef-374e-44bf-9983-a6ff52319c75,ACTIVIA Iogurt cremós amb gust de maduixa,2.69,2.89,2026-06-15 13:55:01
6993,69b34924-7fd5-4dd2-93e2-f7d36944cccb,DANONE Iogurt grec amb gust de maduixa,1.69,1.79,2026-06-15 13:55:01
6994,2e0e4a2a-fdd3-459c-bb2e-dee47bfd8fe3,VITALINEA Iogurt desnatat natural,2.29,2.49,2026-06-15 13:55:01
6995,3b823dd5-5e35-4941-8080-410c841e40f2,ACTIVIA Iogurt natural 0%,2.69,2.89,2026-06-15 13:55:02
6996,a03065ff-9758-4524-8abf-858665e614ac,DANACOL Iogurt per beure desnatat de fruits vermells,4.49,4.59,2026-06-15 13:55:02
6997,4fe28235-46a4-474f-bbd0-51b712569e2e,DANACOL Iogurt per beure natural,4.49,4.59,2026-06-15 13:55:02
6998,c264f0c6-d7da-47da-acb1-5cff848d5642,DANONE Iogurt grec gust a coco,1.69,1.79,2026-06-15 13:55:02
6999,8a3f7143-e307-4b38-a9ca-eb2e5fcc8a83,DANONE Iogurt grec gust a llima llimona,1.69,1.79,2026-06-15 13:55:02
7000,09076ae0-68b9-4c18-aad5-0b3739a68ae7,DANONINO Iogurt per beure de maduixa,2.59,2.69,2026-06-15 13:55:02
7001,6f469e90-fa94-4375-bebc-d5550491d2fa,DANONE Iogurt grec amb caramel,1.89,1.79,2026-06-15 13:55:03
7002,99a33b0d-9d6d-41ad-b140-6a31ea9fc21c,DANONE Iogurt grec amb poma i canyella,1.89,1.79,2026-06-15 13:55:03
7003,1e6c29b9-4d11-42ee-8bee-ea1fafdaff7c,VITALINEA Iogurt amb gust de fruits del bosc 0%,2.29,2.49,2026-06-15 13:55:03
7004,db449089-4d87-4baf-b079-3682abfce7f7,ACTIVIA Iogurt cremós amb gust de préssec,2.69,2.89,2026-06-15 13:55:04
7005,1be40450-4b39-4fb1-a660-bbcbc0c02731,ACTIVIA Iogurt cremós amb trossets de xocolata,2.69,2.89,2026-06-15 13:55:04
7006,7051e444-4007-4a1e-85cc-882732d00e90,DANACOL Iogur per a beure gust a préssec i albercoc,4.49,4.59,2026-06-15 13:55:04
7007,aa079a83-4c85-47d2-9498-79d3a5e8934b,DANACOL Iogurt per beure de civada,4.49,4.59,2026-06-15 13:55:04
7008,71b307a4-72c0-45af-9880-4e5f42ba3d21,DANONINO Iogurt per beure de maduixa i plàtan,2.59,2.69,2026-06-15 13:55:04
7009,c469459d-b2bb-4577-84d9-ba91967d5c7f,MAXI PRODUCTS Tovallons de paper 40x40 cm Blau,2.99,1.49,2026-06-15 13:56:22
7010,ca4097e3-7040-4a4a-9ef7-8cdb170cd19b,MAXI PRODUCTS Tovallons de paper 40x40 cm Espígol,2.99,1.49,2026-06-15 13:56:22
7011,e88a2b20-14cb-4e8b-9003-272c2a374d10,MAXI PRODUCTS Tovallons de paper 40x40 cm Groc,2.99,1.49,2026-06-15 13:56:22
7012,b247ed80-f1a7-47cc-a7a5-059b4e0576c9,MAXI PRODUCTS Tovallons de paper 40x40 cm Rosa,2.99,1.49,2026-06-15 13:56:22
7013,9db16337-9848-45b7-b86d-9c1696e6581d,MAXI PRODUCTS Tovallons de paper 40x40 cm Vermell,2.99,1.49,2026-06-15 13:56:22
7014,ef81dc3f-e13a-47ef-bbb7-47b3d30a15c5,Tovallons de paper premium color verd 40 x 40 cm,2.99,1.49,2026-06-15 13:56:22
7015,50c8771b-4ffc-4246-90d8-f50a03de4736,ORTOLACER Cera d'ortodòncia en barres,5.65,4.49,2026-06-15 14:00:29
7016,7dae93de-3803-487c-ac06-3feb5dc3a9d4,Alvocat 1 u.,1.35,4.99,2026-06-16 12:58:33
7017,7dd1518a-55a2-44e0-8f35-a9eace27d55e,Cogombre 1 u.,0.66,1.75,2026-06-16 12:58:33
7018,806ccd0e-8395-4cab-b691-b1ed1f1d7ced,LA COLLITA Pinya madurada 1 u.,3.78,1.99,2026-06-16 12:58:33
7019,4dcaeed5-0e4d-44c3-ab26-e2827dab8e90,Meló Gàl·lia 1 u.,4.63,2.99,2026-06-16 12:58:33
7020,45b16d79-fab3-4bb8-9b43-b53a017f9cad,Síndria taronja 1 u.,10.95,1.99,2026-06-16 12:58:33
7021,c0c733dc-a57e-40eb-9ee5-b576827c1059,Tomàquet rosa 1 u.,1.07,3.99,2026-06-16 12:58:33
7022,a3542b64-89c0-476d-ba42-e6517dcd1396,LA COLLITA Ceba tendra 1 manat,1.69,1.25,2026-06-16 12:58:34
7023,625feae0-0920-4e85-9c0d-e0091b7e62e7,LA COLLITA Nabius en terrina de 170 g,4.0,2.39,2026-06-16 12:58:34
7024,15c2dc4e-cf1f-4733-9a5e-c7f588366b46,LA COLLITA Amanida variada,1.99,1.09,2026-06-16 12:58:35
7025,d8192935-02dc-414d-8a4f-3dbcb98d7d50,LA COLLITA Gerds en safata de 125 g,1.99,1.95,2026-06-16 12:58:35
7026,cdd65141-b495-4a6a-adb5-a014a79e7860,LA COLLITA Nabius en terrina de 500 g,5.99,5.59,2026-06-16 12:58:35
7027,eb93987a-11b2-4295-8af9-c7c52628bb2d,Nectarina  1 u.,0.74,0.72,2026-06-16 12:58:35
7028,13a22d11-3a94-482f-b1e9-b5810148dc22,Préssec paraguaià 1 u.,0.47,0.45,2026-06-16 12:58:35
7029,2695ad0f-0195-4b89-b3d3-dc8d0978a093,FLORETTE Brots gourmet,1.99,2.09,2026-06-16 12:58:36
7030,a0203727-885c-4869-8187-25845f621d07,LA COLLITA Taronges Terres de l'Ebre Km0 en malla de 2 kg,3.29,3.19,2026-06-16 12:58:36
7031,36792cc9-abef-4815-821a-feab4f317255,FUENCAMPO Ceba dolça 1 u.,2.75,0.83,2026-06-16 12:58:37
7032,59881cb8-b8f3-43f2-91aa-ea1b4e26edd6,LA COLLITA Carbassa Km0 1 u.,2.49,2.89,2026-06-16 12:58:37
7033,37c8af14-70fa-4782-b522-e8e6273426e4,LA COLLITA Patata blanca bossa 800 g,1.59,1.49,2026-06-16 12:58:37
7034,c92bf1f1-e762-4e81-b780-54cfc4f2fbf1,Poma Tessa Km0 1 u.,2.69,0.54,2026-06-16 12:58:37
7035,3b8dcc0f-dbe0-4e02-a60c-438a71fc9906,ZESPRI Kiwi groc 1 u.,7.29,1.02,2026-06-16 12:58:37
7036,ea9caa61-e56b-49eb-b592-580a1f89b443,LA COLLITA Cireres Km0 en capsa d'1 Kg,7.49,6.59,2026-06-16 12:58:38
7037,347102ba-dc55-49ac-a61d-09b8a09a042a,Tomàquet blau 1 u.,4.95,1.68,2026-06-16 12:58:38
7038,4e3bd710-6607-4d5c-8d8d-9c912d74b053,Carbassa  Km0 1 u.,2.7,3.18,2026-06-16 12:58:39
7039,3079010e-06cb-4647-8cb5-190219dda77a,Síndria sense llavors 1 u.,7.04,6.14,2026-06-16 12:58:39
7040,341d7c5f-c9db-458a-a4e9-b6c49f955b98,Tomàquet tipus Raf 1 u.,4.49,0.99,2026-06-16 12:58:39
7041,adab5557-66fe-4e2a-a5d8-7f451d2633b8,ARGAL Pernil cuit Bonnatur,3.15,15.75,2026-06-16 12:58:41
7042,a3023fd7-7107-40dc-bf43-ff0614f3f532,BONPREU Botifarra catalana extra Bonpreu en talls de 150 grams,1.79,11.95,2026-06-16 12:58:41
7043,5f1e8cc9-82d0-4b1c-ace7-583fb71ea7a5,BONPREU Pernil cuit extra 50%Duroc pètals,2.45,4.95,2026-06-16 12:58:41
7044,ef8ac54f-f09f-4cb1-b2c5-bd0a434cbf4b,CAMPOFRIO Salami gegant Campofrío en talls de 150 grams,2.4,15.99,2026-06-16 12:58:41
7045,7999fee0-ee95-4f0d-84ce-06753673fa1a,CASA FÍGOLS Llonganissa Casa Fígols en talls de 150 grams,4.48,29.85,2026-06-16 12:58:41
7046,c5cc11a9-82e2-455c-a63c-1fc4d900d0b3,LEGADO Espatlla d'enceball ibèrica en maletí,54.99,49.95,2026-06-16 12:58:41
7047,a69671af-48e3-41ae-a8ad-0af5138a0a38,REVILLA Xoriço tradició extra Revilla en talls de 100 grams,1.7,16.99,2026-06-16 12:58:41
7048,9e60dc96-27f7-4d18-a871-540acac2cf06,CARLIT Baiona de la Cerdanya Carlit en talls de 100 grams,2.0,19.99,2026-06-16 12:58:42
7049,806cae82-8c1c-4f51-a796-b44f7bfcd7a4,CEREZO Encenalls serrano,6.99,3.59,2026-06-16 12:58:42
7050,700585f0-e411-4d8c-b7c7-d2a32bc59a4f,LA SELVA Xop de porc a la llauna La Selva en talls de 150 grams,1.72,11.49,2026-06-16 12:58:42
7051,a7729923-5b6e-404c-9af1-7bfd8cc8e7a2,SALGOT Llardons Salgot en paperina de 150 grams,4.48,29.85,2026-06-16 12:58:42
7052,bd27f4f6-3e26-489f-8405-a3db7eb68fe9,CUIT'S Pit d'indiot al forn Cuit's en talls de 150 grams,22.95,3.44,2026-06-16 12:58:45
7053,14f077b0-808c-4dee-9c45-3916f2117a02,BONPREU Sobrassada cular IGP de Mallorca Bonpreu en talls de 150 g,14.59,2.19,2026-06-16 12:58:46
7054,f8a008a4-f928-41b3-99c5-f8558b8e1736,CAMPOFRIO Pernil cuit extra Campofrio en talls de 200 grams,14.99,3.0,2026-06-16 12:58:46
7055,cb70dbec-4ac4-43db-a10a-d60c47e2834c,EPICUM Espatlla d'enceball Epicum en talls de 150 grams,59.79,8.97,2026-06-16 12:58:46
7056,1cd951c3-5514-466a-add0-b03fe2cb8889,LA SELVA Llom curat amb pebre La Selva en talls de 100 grams,29.95,3.0,2026-06-16 12:58:47
7057,374c8a1a-b7e0-467e-a858-e2c006264e86,PEDRAGOSA Llonganissa d'indiot Km0 Pedragosa en talls de 150 grams,34.95,5.24,2026-06-16 12:58:47
7058,7d337f1c-436a-4cb3-a925-7ef5306e2393,RAL D'AVINYO Espatlla curada polida Ral d'Avinyó en talls de 150 grams,30.99,4.65,2026-06-16 12:58:47
7059,c6716030-2eaf-4537-95c2-520088d5125a,SALGOT Bull de llengua i fetge Salgot a talls de 150 grams,19.49,2.92,2026-06-16 12:58:47
7060,d0f4d9d8-a5e8-4ca0-ae0a-f512bb74bf7b,FERJU Xoriço de Lleó Ferju en peça de 460 grams,19.95,9.18,2026-06-16 12:58:48
7061,ac7d59d3-7b5b-48c9-8b1c-36dbc20dbe18,FERJU Xoriço picant de Lleó Ferju en peça de 460 grams,19.95,9.18,2026-06-16 12:58:48
7062,3f74fc8f-3010-4ac7-bbbc-2550210d9415,PRÉSIDENT Formatge especial pizza,3.29,4.95,2026-06-16 12:58:50
7063,d03e244f-d209-48ba-8a04-2375903d6653,BONPREU Formatge curat al tall en porció,3.81,12.69,2026-06-16 12:58:51
7064,ca205379-5e13-4f07-8dde-b3d8a63a5ec8,BONPREU Formatge de cabra al tall en porció,3.4,16.99,2026-06-16 12:58:51
7065,a0f85777-5094-4f7f-99da-198bbacd186f,CADÍ Formatge madurat light al tall llescat,1.87,12.49,2026-06-16 12:58:51
7066,583f25ad-678d-474e-bced-a3d004bb77ee,MONTBRÚ Formatge sarró de cabra Km0 al tall en porció,7.49,29.95,2026-06-16 12:58:51
7067,834cd65e-7390-471d-b8ff-fb46301676bb,UBACH Mató Km0 al tall,1.53,7.65,2026-06-16 12:58:51
7068,3528fb4f-006d-4fe9-8767-5b378e42ea33,BETARA Formatge d'ovella ecològic Km0 al tall en porció,5.13,28.49,2026-06-16 12:58:52
7069,9be78bad-f6ce-4cf2-9381-65cfe7c8fa2f,BETARA Formatge d'ovella super or Km0 al tall en porció,4.77,26.49,2026-06-16 12:58:52
7070,67909f62-d124-4577-9ce1-311825ee5cb8,BETARA Formatge semicurat de cabra farcell Km0 al tall en porció,7.82,26.05,2026-06-16 12:58:52
7071,ea47f024-7420-4d79-a242-737a2f1f31db,BOFFARD Formatge vell d'ovella reserva al tall en porció,6.57,26.29,2026-06-16 12:58:52
7072,6b80d6af-9660-464b-af59-1ef794c6382c,BONPREU Formatge anyenc d'ovella al tall en porció,4.24,16.95,2026-06-16 12:58:52
7073,091d5bbe-5e98-48fe-9639-c9a3325826a9,CAN PONSA Mató Km0,2.05,10.25,2026-06-16 12:58:52
7074,b27cfde7-7f27-4c1f-989d-a2998b597194,CANTOREL Formatge Camembert gegant al tall,3.75,14.99,2026-06-16 12:58:52
7075,55926cd7-397c-499e-9723-584f28913a3d,CHAMOIS D'OR Formatge Brie al tall,4.18,27.85,2026-06-16 12:58:52
7076,6a70c608-ecbe-49e4-8be0-1756f100f6e7,DON BERNARDO Formatge d'ovella vell manxec DOP al tall en porció,5.99,29.95,2026-06-16 12:58:52
7077,39d23b43-deb1-4344-aca8-fbceb36536f1,EL PASTOR Formatge d'ovella amb tòfona al tall en porció,5.75,28.75,2026-06-16 12:58:52
7078,4e720fb2-dc3e-4cec-a307-e4f1585d53f0,EL TORRAT Formatge madurat de vaca i cabra ecològic al tall en porció,5.5,21.99,2026-06-16 12:58:52
7079,bc3f5232-8253-49ce-b590-f6bfe0cb0e68,EMMI Formatge Appenzeller de vaca curat al tall en porció,5.99,29.95,2026-06-16 12:58:52
7080,af6bb577-a1f4-4eb6-bbcc-fc8f03f7cbe6,EMMI Formatge gruyère Kaltbach AOP,6.79,33.95,2026-06-16 12:58:52
7081,bd52c8e1-d3ae-49e0-8832-d1ef4c4b03d4,EMMI Formatge gruyère suís AOP al tall,5.92,29.59,2026-06-16 12:58:52
7082,5ba5ad48-6bd0-42f5-9e97-8d53300a2358,ERMITA SAN LORENZO Formatge de cabra i vaca al tall llescat,2.99,19.95,2026-06-16 12:58:52
7083,fe51f3a5-4c3b-4cd4-bcfc-22a6185833df,ISIGNY STE. MERE Formatge Mimolette al tall en porció,6.6,32.99,2026-06-16 12:58:52
7084,f5fc6aeb-9fcf-4b71-8ad1-d089320ed70c,LA CABRA FELIZ Formatge de cabra i vaca light al tall porció,6.15,20.49,2026-06-16 12:58:52
7085,82e45c6a-1523-4190-bbd2-3763708dc242,LA CLEDA Formatge d'ovella semicurat Km0 al tall en porció,9.9,29.99,2026-06-16 12:58:52
7086,4edd88b5-8005-4aa9-a780-66f828000e46,MAS ROVIRA Formatge de cabra Rústic Km0 al tall en porció,4.17,27.79,2026-06-16 12:58:52
7087,5e05b356-800e-4095-9b04-aaf1f75901ac,MASGRAU Pastís de formatge Km0 al tall en porció,3.99,15.95,2026-06-16 12:58:52
7088,fa1447af-445d-4862-acb3-0e3157632b73,MONTBRU Formatge curat de cabra Km0 al tall en porció,8.49,33.95,2026-06-16 12:58:52
7089,326d9165-4cdb-4e2d-a0b0-a34121f42d18,MONTBRÚ Formatge de cabra novell Km0 al tall,5.36,26.79,2026-06-16 12:58:52
7090,756fba62-8c4a-4ae5-ac63-cc9b41270938,MONTBRÚ Formatge fresc de cabra Km0 al tall en porció,2.7,17.99,2026-06-16 12:58:52
7091,44499347-3a6d-4eda-b348-dccc95df6aaa,MONTBRÚ Formatge tendre de cabra Lleugeret Km0 al tall porció,4.32,28.79,2026-06-16 12:58:52
7092,f13a3178-0a4d-459b-8c39-53a27024fc41,MUNTANYOLA Formatge de cabra Garrotxa  Km0 al tall en porció,8.09,26.95,2026-06-16 12:58:52
7093,40ac1ef8-817c-4c98-9777-358491ce1fd5,MUNTANYOLA Formatge vell reserva de cabra Km0 Muntanyola en peça variab,5.45,36.36,2026-06-16 12:58:52
7094,56b5e6a4-73bc-4b4b-8512-e790d7591b27,SERRA DEL TORMO Formatge d'ovella Km0 al tall en porció,8.92,25.49,2026-06-16 12:58:52
7095,5f223234-d492-4c78-bd3d-616a33c840ee,SERRA DEL TORMO Formatge semi d'ovella Km0 al tall en porció,7.7,21.99,2026-06-16 12:58:52
7096,336c1f02-ee1c-4853-a8c6-5cc7b4686125,SOCIÉTÉ Formatge rocafort DOP al tall,5.14,34.25,2026-06-16 12:58:52
7097,d96943a9-9446-4876-bbb4-53b08112f25a,ST. GIL Formatge de cabra Garrotxa Km0 al tall en porció,5.29,26.45,2026-06-16 12:58:52
7098,876ae29e-3944-4ea0-8451-381555c5b2cc,SWITZERLAND Formatge tête de moine AOP Suís al tall en flors,5.06,33.75,2026-06-16 12:58:52
7099,a8a5874b-0f66-44ce-8dd0-62b99d82e875,TROS DE SORT Formatge de vaca Kuadrat Km0 al tall,4.18,20.9,2026-06-16 12:58:52
7100,c7fae4fe-b808-4d38-856b-d1c5d233a177,UBACH Formatge curat de cabra 349 Km0 al tall en porció,6.64,29.49,2026-06-16 12:58:52
7101,f47ff6c0-0389-42d2-bf4b-2c5aad136f3b,UBACH Formatge curat de vaca Pastura Km0 al tall en porció,4.31,17.95,2026-06-16 12:58:52
7102,f20788f8-a4d1-47bb-b1b6-ae772eee2991,EMMI Formatge Emmental suís al tall en porció,4.7,23.49,2026-06-16 12:58:53
7103,c386a82a-fab5-4bc4-81e8-ab97b94d3376,GARCIA BAQUERO Formatge de barreja semicurat amb tòfona al tall en porció,4.38,21.9,2026-06-16 12:58:53
7104,8625fce4-9c03-4b8e-95c0-bacdd5bb0fc6,LOS MELESES Formatge Los Meleses Km0 al tall,9.99,28.55,2026-06-16 12:58:53
7105,3e0c1932-76ba-4c26-aab7-e2c7994ab74f,MANTEQUERÍAS ARIAS Formatge blau Sant Agur al tall en porció,4.48,29.89,2026-06-16 12:58:53
7106,03e1639e-a7ce-4677-9482-fcfb88ce3212,MUNTANYOLA Formatge ecològic curat amb cervesa Km0 al tall en porció,3.29,21.95,2026-06-16 12:58:53
7107,ed9bd687-ed7b-48e9-a5f8-4adb57fdd490,RIO VERO Formatge de cabra Rio Vero Km0 al tall,11.45,32.7,2026-06-16 12:58:53
7108,9a613a9e-f34f-4ae0-bc81-0051a5355a45,SAN PELEGRÍN Formatge de cabra Km0 al tall,10.75,30.7,2026-06-16 12:58:53
7109,2ac9095e-a052-4b67-826e-62f5630894ed,SERRAT DEL TRIADOR Formatge curat Km0,15.57,25.95,2026-06-16 12:58:53
7110,817caf35-0854-4afa-8b4a-c3367c505972,SIERRA DE SEVIL Formatge Sierra de Sevil Km0 al tall,9.99,28.55,2026-06-16 12:58:53
7111,cb6f633d-8383-40c0-b9ce-257da3f62823,TROS DE SORT Formatge Roi curat Km0,5.19,25.95,2026-06-16 12:58:53
7112,31de87cf-5c5b-4947-b697-55f66ed37c11,POK Formatge d'ovella anyenc tallat,5.45,6.29,2026-06-16 12:58:55
7113,bf0823b2-0c5b-4134-ac24-f3de5193b25b,ARLA Formatge havarti al tall llescat,14.95,5.23,2026-06-16 12:58:58
7114,1f892d21-a1d9-477a-bece-9cf86a68b94b,BONPREU Formatge de cabra rotlle al tall en tros,15.99,3.2,2026-06-16 12:58:58
7115,31f623c8-17c4-453e-873c-e157f163c12d,CADÍ Formatge Neu al tall,17.23,3.45,2026-06-16 12:58:58
7116,6e2fe883-a49f-4a79-8ebd-a91df4fe7e27,COINGA Formatge semicurat de Maó al tall,14.49,2.9,2026-06-16 12:58:58
7117,a326487a-df14-4b75-ae7f-8503aa610189,EL PASTOR Formatge vell reserva al tall en porció,14.99,4.12,2026-06-16 12:58:58
7118,22f09e64-2b25-48d6-be46-cb9a37306c55,PRÉSIDENT Formatge Brie francès al tall,19.99,3.4,2026-06-16 12:58:58
7119,9eb62d34-0150-470c-a8fb-40689712becf,CHAUMES Formatge madurat al tall,29.89,4.48,2026-06-16 12:58:59
7120,c9621268-02a7-4625-b44d-4e3a64abaea4,CLAWSON Formatge blau Shropshire al tall en poció,29.75,5.36,2026-06-16 12:58:59
7121,54c96d3d-c3f1-46cc-8217-539db8c47be8,GARCÍA BAQUERO Formatge curat la cava barus al tall en porció,20.95,7.33,2026-06-16 12:58:59
7122,c81e3ee6-c641-4ac8-85ac-84633c2066b5,SOMBRERO DE COPA Formatge tendre Edam al tall en porció,10.99,1.65,2026-06-16 12:58:59
7123,91bc9cb9-ea5b-4af6-8cad-7ebf8f816dc2,BONPREU Broqueta de pollastre adobada groga,5.49,4.75,2026-06-16 12:59:00
7124,f9c24238-c424-4ddb-95b0-a0c52e0da5fd,BONPREU Broqueta de porc adobada groga,6.75,5.2,2026-06-16 12:59:00
7125,9f17f3fe-e330-4515-8196-9b45e9f7e4da,BONPREU DE L'ERA Medalló de Vedella ecològic,7.65,25.49,2026-06-16 12:59:00
7126,bbea2459-94dc-4768-b354-3a80b7bc6a85,BONPREU DE L'ERA Preparat de carn picada de porc i vedella,7.99,7.75,2026-06-16 12:59:00
7127,6d46e052-a9e2-4910-88f3-7db012a7cb5a,BONPREU Filet de vedella sencer,38.99,54.59,2026-06-16 12:59:00
7128,b7511c17-dde0-4f80-8093-c56b1dfb998d,BONPREU Galta de porc tallada amb os,7.6,11.69,2026-06-16 12:59:00
7129,9bbf9c01-133e-4c6b-9be4-07135150d611,BONPREU Llom de conill,5.36,15.99,2026-06-16 12:59:00
7130,74feb3a1-baee-4ca0-a704-9a33c37c36f4,BONPREU Llom de porc extra fi,4.93,9.85,2026-06-16 12:59:00
7131,a0581813-38c7-4773-acc5-2db180f34de2,BONPREU Llom tallat extra fi,3.08,10.25,2026-06-16 12:59:00
7132,babb78da-e235-43cb-8782-4abb2e0fd639,BONPREU Botifarra fresca de porc individual,6.75,3.75,2026-06-16 12:59:01
7133,ee8cbc3c-cdfd-4df8-9b52-e32c3c8c0ba0,BONPREU Costella de porc a daus,5.49,5.65,2026-06-16 12:59:02
7134,4f6506c3-5a05-4eae-9549-bfca9ea089c9,BONPREU DE L'ERA Bistec 1ªB vedella,6.2,6.3,2026-06-16 12:59:02
7135,ffdbe660-c753-4365-8f5b-97e2ece5591c,BONPREU Cuixes de pollastre per la brasa,7.59,3.8,2026-06-16 12:59:03
7136,b61559e5-50d9-4f3b-9641-9dba4e8dc538,BONPREU Costella de porc a daus,9.59,4.8,2026-06-16 12:59:04
7137,5625bc8f-631a-439b-8a15-3805a750c507,BONPREU DE L'ERA Bistec 1ªB de vedella,23.49,7.05,2026-06-16 12:59:04
7138,aad4b4dc-7d89-4932-a586-d90959977846,BONPREU Tira de costella de porc,7.35,5.88,2026-06-16 12:59:04
7139,e1b28a9f-0112-4640-a563-35cbcb8641bd,BONPREU Peus de porc precuinats,7.59,6.98,2026-06-16 12:59:05
7140,3b6c069e-201d-456f-9211-900ab81e78ae,BONPREU Xurrasco de costella de porc,9.59,4.8,2026-06-16 12:59:05
7141,83a1be3c-6ef8-4257-af36-300f17f8d1a0,BONPREU DE L'ERA Pit de pollastre,12.49,2.19,2026-06-16 12:59:06
7142,43a45fe5-027b-45ac-ab9c-2577dd1f9918,Calamar del cap,7.65,16.99,2026-06-16 12:59:09
7143,cd1dbe3a-c8d0-4045-b08c-e0dbf257c5ec,Salmó superior sencer,32.48,12.99,2026-06-16 12:59:09
7144,8680fae6-dfdb-451b-a076-4dc16678c460,Sípia bruta,13.79,22.99,2026-06-16 12:59:09
7145,e650d64d-e246-4d1c-8262-a2d2827c87cc,Filet d'Orada,6.19,6.59,2026-06-16 12:59:10
7146,b8a2db97-4bae-45cd-b77b-c88eaf434d23,Suprema de Salmó,8.59,8.99,2026-06-16 12:59:10
7147,38bdcace-6223-45dd-841a-e62ce2ffb5e8,Filet de Gallineta,14.99,1.87,2026-06-16 12:59:11
7148,c9cfa48e-fb31-45bc-a4b8-ffd874b84ceb,Suprema de Salmó,6.25,7.0,2026-06-16 12:59:11
7149,22a79ee8-b3ac-4a90-9a01-9c7d295918fb,BIMBO Pa de motlle artesà,2.89,2.99,2026-06-16 12:59:13
7150,4fd434f0-ba79-4a05-8caa-a68824351620,IGGY'S Pa de pita,2.75,2.65,2026-06-16 12:59:13
7151,c76e09c6-f84a-457e-8cde-21abd94c3eef,Lluç del Cap sencer (palangre),17.99,26.99,2026-06-16 12:59:13
7152,2ecf44a3-9c34-4ff0-bb36-65b80a7d6f9f,BRUNAT Formatge de vaca Bruna dels Pirineus Km0 al tall en porció,5.09,25.45,2026-06-16 12:59:16
7153,45ae826e-d925-44b2-9235-9f23543580cb,MAS ROVIRA Formatge de cabra Garrotxa Km0 al tall en porció,5.3,26.49,2026-06-16 12:59:16
7154,9dc1506b-39ce-409e-b182-884a8a9ff344,NOEL Pollastre estil rostidor,8.95,12.95,2026-06-16 12:59:21
7155,c7ba76f1-3099-4902-87fd-d5111b405afa,TERRA I TAST Fideuà,9.95,12.95,2026-06-16 12:59:21
7156,4c84f275-17f1-48d4-a31d-2bb87d7832f7,TERRA I TAST Llibrets de llom amb pernil cuit i formatge,9.95,5.99,2026-06-16 12:59:21
7157,5f2e29f1-0d95-4a50-8ea7-12a50e578d1f,CARBONELL Oli d'oliva verge extra,28.99,8.45,2026-06-16 12:59:30
7158,efb14d36-51d3-49fa-93a4-6d752b26cf04,DORITOS Snacks de blat de moro amb gust de formatge Tex-Mex,2.99,11.95,2026-06-16 12:59:36
7159,cb917bfd-f61a-4733-a1c6-2e70d4aa2098,FRIT RAVICH Còctel sense closca,2.89,11.95,2026-06-16 12:59:36
7160,6071c021-0157-4ace-9f38-8df06708f9fe,FRIT RAVICH Patates fregides casolanes,2.19,12.75,2026-06-16 12:59:36
7161,b0f8846a-8ed5-4d9e-ab91-ac6666d2d9cc,SMILEAT Snack amb maduixa i plàtan ecològic,1.45,1.19,2026-06-16 12:59:39
7162,426089e1-b3bb-4815-a6c3-d257292c412b,SMILEAT Snack amb poma i platàn ecològic,1.45,1.19,2026-06-16 12:59:39
7163,ed78f027-9380-466b-9eae-5c97d15025ff,SMILEAT Snack de blat de moro ecològic,1.99,1.65,2026-06-16 12:59:40
7164,d36e905e-a4d4-4986-b898-4f4324398415,BONKA Cafè en gra natural,10.45,10.29,2026-06-16 12:59:46
7165,00d043ed-7da5-452d-9c8c-c01f02f2220b,BONPREU Cookies amb trossos de xocolata,0.8,1.79,2026-06-16 12:59:52
7166,bd1586b9-cb29-414a-bf48-dc65ea9f3b63,CORNY Barretes cereals amb xocolata amb llet,3.15,2.99,2026-06-16 12:59:53
7167,441f6e1f-2cf8-4db9-acc9-d6f30fb84fa7,PRINCIPE Galetes farcides de crema de xocolata,5.99,2.49,2026-06-16 12:59:53
7168,02de39bf-309c-4ccb-a1b1-89b4e1a491c2,CORNY Barretes cereals amb coco i xocolata,3.15,2.99,2026-06-16 12:59:54
7169,22cee6a7-9472-4cad-94ea-0cb252770f76,MUSFI'S Coca de brioix amb crema,8.99,9.99,2026-06-16 13:00:10
7170,cf30343c-ce0b-4ad5-85e9-dccbf6e7adc4,MUSFI'S Coca de brioix amb fruita,8.99,9.99,2026-06-16 13:00:10
7171,8b685932-7ed5-4684-bf06-469a145e9b3d,MUSFI'S Coca de brioix amb xocolata,8.99,9.99,2026-06-16 13:00:10
7172,432608cf-cd36-4fbc-a0cd-15c41b535141,MUSFI'S Coca de full amb cabell d'àngel,7.95,9.99,2026-06-16 13:00:10
7173,27778a6a-329f-4255-a72a-5d24ac442892,MUSFI'S Coca de full amb cacau,7.95,9.99,2026-06-16 13:00:10
7174,833036bd-1723-4f03-bc94-ac6761d02c42,MUSFI'S Coca de full amb llardons,8.99,9.99,2026-06-16 13:00:10
7175,959ab490-0a63-4fc9-a6ae-20e72c64290c,MUSFI'S Coca de vidre amb crema de cacau  i avellana,7.95,9.99,2026-06-16 13:00:10
7176,0b572c4b-7a49-4480-a2c6-b0c830058b7b,MUSFI'S Coca reixada de full amb cacau i ametlla,7.95,9.99,2026-06-16 13:00:10
7177,9ec9c6ae-e15c-4519-afca-81bda28c7dcc,MUSFI'S Coca reixada de full amb crema de cacau,7.95,9.99,2026-06-16 13:00:10
7178,de6069e0-3403-4bb4-a48d-19066a6a5d90,DONUTS Berlines glacé,2.89,2.99,2026-06-16 13:00:11
7179,52a061df-ab71-46e9-9f98-065ae392daab,"PASQUIER ""Tortitas""",5.99,2.99,2026-06-16 13:00:11
7180,8e71d229-db11-4148-ba9a-cc09b292d503,BONPREU Espaguetis,0.79,7.75,2026-06-16 13:00:19
7181,5f24237a-de14-4209-b98f-13e22e9c06ef,BUITONI Base per a pizza Finíssima Maxi rectangular,2.89,4.95,2026-06-16 13:00:19
7182,8daadc1f-86e7-406f-99a2-710d415425b6,GALLO Pasta fina amb tomàquet i espinacs,7.95,1.59,2026-06-16 13:00:19
7183,fd565dcf-7ed3-4b47-b598-d2c9e1686bdc,RANA Tortellini farcits de formatge La vaca que rie,2.69,2.95,2026-06-16 13:00:25
7184,0a35a1cd-1343-4511-bd8c-750f3d99f81e,BAYMAR Escopinyes al natural 55/65,5.25,12.75,2026-06-16 13:00:27
7185,f9846f4d-b131-44e8-bc24-13a7c91bbf70,BONPREU Tomàquet triturat extra,0.99,7.75,2026-06-16 13:00:27
7186,bebbbb3b-ce97-43c2-9760-f3e61e671708,SERPIS Olives farcides d'anxova,2.15,12.75,2026-06-16 13:00:27
7187,b22a3ead-ab72-4d3e-a510-f8c0748247e5,SERRATS Bonítol amb oli d'oliva,6.45,6.25,2026-06-16 13:00:27
7188,01ef11bc-40b7-4978-a4a7-7731105e5d03,CUCA Tonyina clara en oli d'oliva,7.95,5.99,2026-06-16 13:00:29
7189,5a9cc1f5-281e-4f4c-8478-011eb0e639b7,CHOVI Allioli en morter,0.85,7.99,2026-06-16 13:00:43
7190,f9706816-1615-4233-a77b-d82549e30ea2,SOLIS Tomàquet fregit estil casolà,7.95,2.49,2026-06-16 13:00:44
7191,e90cc560-dd4c-4a49-a506-33840cfa95c9,PRIMA Mostassa Original,1.79,1.89,2026-06-16 13:00:45
7192,a5c1e0f0-70b3-4071-ba9e-ddf0d2d9598c,OLD EL PASO Nachips originals,1.99,3.15,2026-06-16 13:00:48
7193,8f501891-965f-4c71-8805-6d5733b5f892,XLS MEDICAL Cremagreixos Pro 7 Nudge,58.95,99.0,2026-06-16 13:00:56
7194,44b94177-e3cc-4693-acf2-0318409e1afe,FONT VELLA Aigua mineral natural 6x2 L,5.94,6.72,2026-06-16 13:01:01
7195,7ffd7433-563d-43c2-a1ac-b2845f4fc1bd,"FONT VELLA Aigua mineral natural garrafa 6,25 L",2.35,2.49,2026-06-16 13:01:01
7196,99f4086e-e769-42d4-99cf-9ca0b8faf601,PERRIER Aigua amb gas 1 L,1.53,1.55,2026-06-16 13:01:01
7197,6114d811-e85d-4648-9fa1-8aac655473e0,FONT VELLA Aigua mineral natural 6x33 cl,3.24,3.54,2026-06-16 13:01:02
7198,807f9687-0d68-4f84-a220-d910f928b7a5,FONT VELLA Aigua mineral natural 6x50 cl,4.02,4.32,2026-06-16 13:01:02
7199,6c6e6793-2f70-4953-b254-08a0374762df,FONT VELLA Aigua mineral natural 2 L,0.99,1.12,2026-06-16 13:01:03
7200,d4c67bbe-dd3e-4d36-b178-10b684e16a91,FONT VELLA Aigua mineral natural 50 cl,0.67,0.72,2026-06-16 13:01:03
7201,27b6905f-a94a-42cf-92a7-00c2554bc345,FONT VELLA Aigua mineral natural 75 cl,0.94,0.99,2026-06-16 13:01:03
7202,8d67c7be-d4ec-4004-8908-7f6b89e679fa,COCA-COLA Refresc de cola Zero sucre en lot  de 12 llaunes,11.16,12.75,2026-06-16 13:01:04
7203,e32fcfe9-6114-43a4-a66c-0c98247c5d9d,COCA-COLA Refresc de cola mini en ampolla de vidre,4.76,19.89,2026-06-16 13:01:04
7204,3d8f3782-9113-454b-bc33-5328e9bb2b79,COCA-COLA Refresc de cola sabor original en llauna,11.88,12.75,2026-06-16 13:01:04
7205,0e2e6fa3-40e7-43fc-a551-10ec10b5a5c7,FEVER TREE Refresc tònica,1.65,23.49,2026-06-16 13:01:04
7206,75c2ef4e-c7cf-4652-99f4-52dc613e3614,VITAE Te Kombutxa de llimona i gingebre Km0,4.93,4.89,2026-06-16 13:01:04
7207,9ed17f9f-348a-439a-9991-04cc5748804a,TRINA Refresc de taronja sense gas en llauna,0.66,0.68,2026-06-16 13:01:05
7208,37b10bf4-ee35-42a8-a0fc-a1613ed045c9,VITAE Te kombutxa de fruits del bosc amb açaí Km0 en ampolla,4.93,4.89,2026-06-16 13:01:05
7209,73342622-a225-40ca-a18c-bf686dcb4951,TRINA Refresc de llimona sense gas en llauna,0.66,0.68,2026-06-16 13:01:06
7210,af012e39-9aee-4fdd-8f83-31805cfa4f4c,ALEO Refresc amb àloe vera,1.49,1.59,2026-06-16 13:01:07
7211,caad69c1-787c-4e02-b591-c199ff524884,GRANINI Beguda de préssec en ampolla,5.99,2.99,2026-06-16 13:01:10
7212,fa353d28-d344-4c9b-a50d-ec6b94dabd7c,CERDOS VOLADORES Cervesa sense alcohol IPA en llauna Km0,1.19,1.15,2026-06-16 13:01:14
7213,b412fd9f-3a0f-4448-9c56-591fafffe304,"CORONA Cervesa 0,0 sense alcohol",1.39,1.33,2026-06-16 13:01:14
7214,5856948a-3e7a-4092-9b0c-046f53dc850f,CORONA Cervesa mexicana en ampolla,1.39,1.33,2026-06-16 13:01:14
7215,12988a2a-39ea-4378-94b3-c88128d0e5e0,DAMM LEMON Cervesa amb llimona,0.82,11.95,2026-06-16 13:01:14
7216,421abcf7-7183-493f-b08e-37ebc3f8d4e4,DESPERADOS Cervesa mojito amb llima en ampolla,1.36,1.33,2026-06-16 13:01:14
7217,42622593-4e80-4f64-a54a-a6a15b9ca205,DESPERADOS Cervesa mojito en ampolla,1.36,1.33,2026-06-16 13:01:14
7218,400490a7-0f78-4d9f-bc9e-1d3f9342e905,ESTRELLA DAMM Cervesa especial 12 x 33 cl en llauna,10.32,11.95,2026-06-16 13:01:14
7219,3d41d61f-891b-43b4-b4a0-0ee014e18296,MORITZ EPIDOR Cervesa Torrada Extra en llauna,0.99,0.94,2026-06-16 13:01:14
7220,f1d0a173-a50b-4108-9aa6-09b165e31780,PACIFICO Cervesa internacional Clara en ampolla,1.82,1.79,2026-06-16 13:01:14
7221,51c9d281-b8e4-478a-8b84-36471db176c7,COMPLOT Cervesa Complot IPA en llauna,1.32,1.38,2026-06-16 13:01:15
7222,4f8695d9-6c27-4048-97e5-930d4952e8a6,MAHOU Cervesa especial en llauna,0.86,0.85,2026-06-16 13:01:15
7223,e8295fb4-808a-4407-b888-60b5b1722b5c,MORITZ Cervesa especial en ampolla,1.29,1.38,2026-06-16 13:01:15
7224,762b3b05-58c9-4170-8099-c1dd819fc9e3,MORITZ Cervesa sense alcohol en llauna,7.95,0.84,2026-06-16 13:01:15
7225,ab1fae54-0262-435b-a93e-106f7c42594c,XIBECA Cervesa suau en llauna,9.99,0.71,2026-06-16 13:01:15
7226,1e4937af-4972-4451-96a4-080891f79b86,MAHOU 5 ESTRELL Cervesa especial 8 x 33 cl en llauna,6.88,6.8,2026-06-16 13:01:17
7227,a2ee0fe4-4658-4004-bcab-ac03fd5941bc,BLANC PESCADOR Vi blanc d'agulla Km0,4.35,23.99,2026-06-16 13:01:19
7228,0bd7dc85-75bd-49bf-922d-40153f04d7e5,CUNE Vi negre Rioja criança,6.95,14.5,2026-06-16 13:01:19
7229,73ea5455-4650-432f-a9e0-6ba3c259702f,TAL COM RAJA Caixa de vi negre DO Terra Alta Km0,27.11,41.7,2026-06-16 13:01:19
7230,0376dd3f-ef59-4361-9fa1-58473083edd4,TAL COM RAJA Vi blanc DO Terra Alta Km0,6.95,9.95,2026-06-16 13:01:19
7231,8e4ce6e9-f9fa-457d-b939-62af539bcc72,TAL COM RAJA Vi negre DO Terra Alta Km0,6.95,9.95,2026-06-16 13:01:19
7232,a9602da9-34d7-4ebf-8a4a-4e2781706ec6,CABRÓ Caixa vi blanc DO Catalunya Km0,31.74,20.63,2026-06-16 13:01:20
7233,8dda0c87-224b-49fe-9d1c-f26fa6926895,CABRÓ Caixa vi negre selecció DO Catalunya ecològic Km0,31.74,20.63,2026-06-16 13:01:20
7234,663b25a4-124e-4be9-b8bb-6c0f2b721d2e,CLOT D'ENCIS Caixa de vi blanc km0,26.7,29.7,2026-06-16 13:01:20
7235,e4fa4614-c703-4d98-9504-f2ccfc59df0c,CLOT D'ENCÍS Caixa vi negre DO Terra Alta Km0,26.7,29.7,2026-06-16 13:01:20
7236,6cefe56c-3807-4e91-8a10-9afa15d33e3f,COMPTA OVELLES Caixa de vi blanc Do Penedès ecològic Km0,23.36,35.94,2026-06-16 13:01:20
7237,20aee3ab-1b4d-4345-a9d6-e4bb0694e635,CUNE Vi blanc verdejo DO Rueda,6.65,14.5,2026-06-16 13:01:20
7238,62165af5-da85-4e3f-a7ef-f5d7251476c0,IMUS Caixa vi negre DO Montsant Km0,35.7,23.8,2026-06-16 13:01:20
7239,921496a7-2acb-4dab-9f92-448c5944a6e8,LA PICOSSA Caixa de vi blanc DO Terra Alta Km0,31.16,47.94,2026-06-16 13:01:20
7240,ca822bfd-8308-4022-8f43-c501407e7354,MARTA VIOLET Caixa de vi blanc DO Penedès ecològic,59.7,53.7,2026-06-16 13:01:20
7241,faf80405-abcf-4043-a08b-014051653791,MASIA FREYE Caixa de vi blanc DO Penedès ecològic Km0,49.14,36.86,2026-06-16 13:01:20
7242,fe8a640c-a3c2-4fd3-b7fd-ec23d7f615ed,PROTOS Caixa 6u. de vi blanc Verdejo DO Rueda,47.94,41.94,2026-06-16 13:01:20
7243,199049ab-8d65-47ea-b521-dbcfe368a5f3,RAIG DE RAÏM Vi negre DO Terra Alta Km0,27.26,20.97,2026-06-16 13:01:20
7244,6deb0c0f-4c9e-4a47-8e6c-7e0df85cc6d1,BLUME Caixa 6u. vi blanc DO Rueda,33.9,23.94,2026-06-16 13:01:21
7245,62d42db8-3676-495b-96a6-120542cff667,CAMPO VIEJO Caixa vi negre criança DO Rioja,35.1,26.33,2026-06-16 13:01:21
7246,6249844c-a84a-49e1-aded-4397d63f7ffa,COTO DE IMAZ Caixa 6u. vi negre Rioja reserva,53.1,52.8,2026-06-16 13:01:21
7247,b85c103c-6765-4194-9c6e-a429cbe7b9f7,EL COTO Caixa 6u. vi blanc DOQ Rioja,26.94,26.7,2026-06-16 13:01:21
7248,92ae9fa6-3b43-4e94-b90d-b5917dbda91e,EL COTO Caixa vi negre DOQ Rioja criança,39.54,39.3,2026-06-16 13:01:21
7249,6c4d8d79-474a-497f-80cc-e8a58de04353,EMENDIS FLOS Vi blanc DO Penedès ecològic  Km0,30.77,47.34,2026-06-16 13:01:21
7250,67884d54-7ad5-4f15-a623-4fa008077806,GOTIM BRU Caixa de vi negre DO Costers del Segre km0,57.54,50.7,2026-06-16 13:01:21
7251,ea3dc87f-beb2-470a-bbb6-82fa735706b7,LA PICOSSA Caixa de vi negre DO Terra Alta Km0,31.16,47.94,2026-06-16 13:01:21
7252,190f9387-154e-4a51-83da-9465a16d0605,PANSA BLANCA Caixa de vi blanc DO Alella Km0,53.94,59.7,2026-06-16 13:01:21
7253,b9d1db7d-9927-4748-bc7c-24603fd221c0,SINOLS Caixa de vi negre DO Empordà km0,41.34,31.01,2026-06-16 13:01:21
7254,fcb73ee9-1b42-4646-a44c-6117f186f6b7,TAL COM RAJA Caixa de vi blanc DO Terra Alta Km0,27.11,41.7,2026-06-16 13:01:21
7255,f571a152-be7c-4588-88d3-38c0b6afd0cc,EDERRA Caixa de vi negre DO Rioja criança,47.7,35.78,2026-06-16 13:01:22
7256,42a093bd-69dd-465c-b129-0ef736e9dad7,LA BOSCANA Caixa de vi negre DO Costers del Segre Km0,41.7,47.7,2026-06-16 13:01:22
7257,2634c485-8b46-410c-b5b4-83b78fa733c7,PROTOS Caixa vi negre DO Ribera Duero,59.7,53.94,2026-06-16 13:01:22
7258,5a63654a-a0cb-4d50-9668-d74734473293,RAIG DE RAÏM Caixa de vi blanc km0,27.26,41.94,2026-06-16 13:01:22
7259,8aa80639-6f33-4689-a3bd-27c6e342791c,REYNAL Caixa 6u. vi rosat Frizzante,26.94,20.21,2026-06-16 13:01:22
7260,903383f5-0fd5-45ba-9566-c192b60267d1,TERRA CÀLIDA Caixa vi negre DO Catalunya Km0,29.94,19.46,2026-06-16 13:01:22
7261,fdbc5e23-673a-4806-b254-732472acb495,TINES DE ROQUETA Caixa de vi blanc DO Catalunya Km0,35.94,26.96,2026-06-16 13:01:22
7262,37390059-711e-4f9d-abca-083f42e49074,TINES DE ROQUETA Caixa de vi blanc Garnatxa Blanca DO Catalunya Km0,35.94,26.96,2026-06-16 13:01:22
7263,0a0fa0bc-9c63-4e17-bbb4-00cd6d62e6a8,TINES DE ROQUETA Caixa de vi negre Cabernet DO Catalunya Km0,35.94,26.96,2026-06-16 13:01:22
7264,37d34417-2c40-4d1f-9e40-399fe9c85233,VIA TERRA Caixa de vi blanc DO Terra Alta,31.01,47.7,2026-06-16 13:01:22
7265,3153fa9e-d393-434d-9992-c2ef719869ef,VIA TERRA Caixa de vi negre DO Terra Alta Km0,31.01,47.7,2026-06-16 13:01:22
7266,bfce0a66-8a62-4071-afa4-76134bab007e,VINA POMAL Caixa de vi negre DOQ Rioja criança,41.94,56.7,2026-06-16 13:01:22
7267,97295174-1e1f-4408-bccf-a54090dc01f6,ALTOS TAMARON Caixa de vi negre DO Tierras Castilla,23.94,26.94,2026-06-16 13:01:23
7268,2ac051c6-2e76-46be-8eb5-6011efbe95ad,BACH Caixa de vi blanc DO Catalunya Km0,35.7,26.78,2026-06-16 13:01:23
7269,f442569e-07a3-43e6-94ca-647173d971d6,CASTELL DE RAIMAT Vi blanc eco DO Costers del Segre Km0,49.5,32.18,2026-06-16 13:01:23
7270,9c184013-f7e3-4611-9507-1b1c5c581e4d,COMPTA OVELLES Caixa de vi negre DO Penedès ecològic  Km0,23.36,35.94,2026-06-16 13:01:23
7271,32743078-4b0d-4716-9776-09592b75c0e7,CUNE Caixa 6u. vi rosat DO Rioja,32.1,24.08,2026-06-16 13:01:23
7272,9c493e52-56d0-48f6-9f35-124b64474d71,LLÀGRIMES DE TARDOR Caixa  Vi negre criança DO T.Alta Km0,58.14,53.94,2026-06-16 13:01:23
7273,9d54f4e2-bb8c-46fd-8ca3-369ca3f2bac7,NATUREO Caixa 6u. vi blanc sense alcohol,54.3,41.94,2026-06-16 13:01:23
7274,fcf139ed-5a69-4d42-915c-84334b33dcb3,NOSTRAT Caixa de vi negre DO Penedès ecològic Km0,41.7,31.28,2026-06-16 13:01:23
7275,ceb0a4ae-b751-4d45-996a-4bb7104d815c,RAIMAT ABADIA Caixa de vi negre ecològic  DO Costers del Segre Km0,49.5,32.18,2026-06-16 13:01:23
7276,6ab215bc-7115-46bb-a9ea-6c5f1cfe81c8,SCALA DEI Caixa  vi negre DOQ Priorat,89.7,67.28,2026-06-16 13:01:23
7277,ef3283a0-aaa1-4654-8c62-53106af6bc70,TERRA CÀLIDA Caixa de vi blanc DO Catalunya Km0,29.94,19.46,2026-06-16 13:01:23
7278,eedd3cb2-ddfc-4f47-be62-ee785b033ade,TERRA CÀLIDA Caixa de vi rosat DO Catalunya Km0,29.94,19.46,2026-06-16 13:01:23
7279,af34238b-7118-401b-b051-356ef578ce40,TINES DE ROQUETA Caixa de vi negre Tempranillo DO Catalunya Km0,35.94,26.96,2026-06-16 13:01:23
7280,5f58e6e5-8917-448f-9e67-02bba7336f61,ABADAL Caixa de vi negre DO Pla de Bages km0,59.7,53.94,2026-06-16 13:01:24
7281,d70d29ad-6719-4831-8bbc-810cbec086a6,ERMITA D'ESPIELLS Caixa de vi blanc Penedès ecològic Km0,53.34,58.74,2026-06-16 13:01:24
7282,848e2bdb-a160-4ea7-9589-55b5a7265445,GOTIM Caixa de vi blanc DO Costers del Segre Km0,45.3,41.94,2026-06-16 13:01:24
7283,00bcb8de-06a3-4b83-94c8-7faf83587355,MIREIA PINORD Caixa 6u. vi blanc DO Penedès ecològic Km0,59.94,53.94,2026-06-16 13:01:24
7284,9428d714-9482-4196-9a9a-2f98ed43f052,NATUREO Caixa 6u. vi negre sense alcohol,54.3,41.94,2026-06-16 13:01:24
7285,33d181d8-715b-486a-b4a5-cad74841b223,NATUREO Caixa 6u. vi rosat sense alcohol,54.3,41.94,2026-06-16 13:01:24
7286,ef796dc8-0dca-47e3-8080-38579b5f5a71,NOSTRAT Caixa de vi blanc Do Penedès ecològic Km0,41.7,31.28,2026-06-16 13:01:24
7287,2adb451e-cb10-4fe3-8e3d-e2d1b1ddd772,RAMON BILBAO Caixa 6u. vi negre criança DOQ Rioja,61.74,58.5,2026-06-16 13:01:24
7288,909912ad-a8db-4a5c-bc7c-bac53c863153,REFORJAT Caixa 6u. vi blanc DO Terra Alta,37.5,28.13,2026-06-16 13:01:24
7289,85aaa712-e897-4b33-a0f7-5b5624cdb2ee,SANTES Caixa vi negre DO Montsant Km0,47.94,41.94,2026-06-16 13:01:24
7290,97eafce5-7257-4ed9-b6ac-5a53d30b8f41,TERRA ENDINS Caixa de vi negre ecològic DO Catalunya,19.46,29.94,2026-06-16 13:01:24
7291,d897a12f-99ce-4d6e-8dcb-88922b4f472d,TINES DE ROQUETA Caixa de vi negre DO Catalunya Km0,35.94,26.96,2026-06-16 13:01:24
7292,de45fc49-19ad-4420-abe1-2e64174bdfd3,ÈTIM Caixa de vi negre DO Montsant criança Km0,47.7,35.78,2026-06-16 13:01:24
7293,5da1aa81-0569-4de4-a86f-f9f3d37ec9bc,822 Caixa 6u. vi negre Do Ribera del Duero,70.5,64.5,2026-06-16 13:01:25
7294,68281d4b-4798-411e-aeac-3aa7b9a06511,ALTOS TAMARÓN Caixa de vi negre reserva DO Ribera del Duero,59.94,53.94,2026-06-16 13:01:25
7295,7d20e1f3-127a-4018-8c13-7b433ada55dd,BUSCA RAONS Caixa vi negre DO Costers del Segre Km0,59.94,29.97,2026-06-16 13:01:25
7296,74878656-6ec3-4e0b-93d6-ef3b964c8b38,CLOS DE LES DÒMINES Caixa de vi blanc DO Empordà Km0,71.7,64.5,2026-06-16 13:01:25
7297,5646972c-0e83-4b96-8a8e-60666672e268,CLOS DE LES DÒMINES Caixa de vi negre DO Empordà Km0,71.94,64.5,2026-06-16 13:01:25
7298,56641330-3db3-4357-831c-c54a588dd4a8,CURIOS Caixa de vi blanc ecològic DO Penedès Km0,42.71,53.7,2026-06-16 13:01:25
7299,c6056cba-4cd3-4e52-8ac3-83d0965da54e,EL XITXAREL·LO Caixa de vi blanc Do Penedès Km0,59.7,38.81,2026-06-16 13:01:25
7300,cfcb8526-cb8c-4933-992e-269e0f744618,ELS NANOS Caixa de vi blanc DO Conca de Barberà ecològic Km0,44.1,28.67,2026-06-16 13:01:25
7301,5dc60545-755c-491a-b990-b874665dc989,ESPOLLA Caixa 6u. vi dolç Garnatxa D.O. Empordà,38.94,32.94,2026-06-16 13:01:25
7302,a33824b6-a2f1-404b-ab23-e3a07a97f288,FINCA CAL JANES Caixa de vi negre DO Penedès Km0 ecològic,41.94,31.46,2026-06-16 13:01:25
7303,8de105ab-bbc5-45d1-a7ad-ff279ed15338,GARNATXA FOSCA Caixa de vi negre DO Priorat Km0,70.16,93.54,2026-06-16 13:01:25
7304,05152e11-9cda-476b-b68f-f9fdb60e7f73,HOMENAJE Caixa vi rosat DO Navarra,29.7,22.28,2026-06-16 13:01:25
7305,ba416b33-73c9-47ff-b494-54b84f42f386,JAN BLANC Caixa de vi blanc DO Costers del Segre Km0,41.94,47.94,2026-06-16 13:01:25
7306,159583b7-6f26-4110-9622-d9fb8e4d535d,JAN PETIT Caixa 6u. vi negre DO Costers del Segre,41.94,47.94,2026-06-16 13:01:25
7307,86412dab-98f3-421f-8163-5225fceba5e3,MASIA FREYÉ Caixa de vi rosat DO Penedès ecològic Km0,49.14,36.86,2026-06-16 13:01:25
7308,f72989ae-0c5c-4f83-931d-6b0b5024b394,MINVANT Caixa de vi negre DO Terra Alta,59.7,38.81,2026-06-16 13:01:25
7309,bf47c21c-085c-4715-b7d1-039e8496ffbf,PUNTILS Caixa 6u. vi negre DO Empordà,35.94,40.74,2026-06-16 13:01:25
7310,f93ee6a7-263c-4108-ae4a-598b60134e3d,RAIMAT Caixa de vi negre DO Costers del Segre Km0,53.94,59.7,2026-06-16 13:01:25
7311,1a27ab5e-1761-4241-9c08-f30ef903bd84,TERRAS GAUDA Caixa 6u. vi blanc DO Rias Baixas,95.7,89.7,2026-06-16 13:01:25
7312,fd07ffcb-24a7-413e-92c9-b761958c243a,VINYES POBOLEDA Caixa de vi negre DOQ Priorat Km0,80.7,60.53,2026-06-16 13:01:25
7313,e9780f65-a4c2-43fd-8d58-437706e713db,ALADELTA Caixa vi negre vi lliure,35.7,26.78,2026-06-16 13:01:26
7314,f97f2bb1-4d1e-443d-94d6-87d6c271a8da,CAP DE COLLA Caixa de vi negre DO Conca de Barberà ecològic,35.78,47.7,2026-06-16 13:01:26
7315,59cccef9-3805-4135-a823-a724529000f9,CASTELL DEL REMEI Caixa de vi blanc DO. Costers del Segre Km0 Oda,65.7,71.7,2026-06-16 13:01:26
7316,5521d249-70f5-4637-898f-87ac996712be,COLORS Caixa de vi negre DO Costers del Segre ecològic Km0,68.94,65.34,2026-06-16 13:01:26
7317,4044dafb-0701-41c9-afe5-dae1e444af93,EL PRIOR Caixa 6u. vi ranci el Prior,50.94,41.94,2026-06-16 13:01:26
7318,78b72774-92ed-4a2e-8f51-7b515113ba78,ELS NANOS Caixa de vi negre DO Conca de Barberà ecològic Km0,44.1,28.67,2026-06-16 13:01:26
7319,bbadb148-05c4-463b-9906-47f30984d45a,FINCA LA BOLTANA Caixa de vi blanc ecològic DO Penedès Km0,40.46,53.94,2026-06-16 13:01:26
7320,5de2753a-a314-4793-b216-81f7900838e8,FREIXENET Caixa de vi blanc DO Catalunya,40.74,30.56,2026-06-16 13:01:26
7321,f2d02088-d328-49ea-b228-987e7d0650db,GARBO Caixa 6u. vi negre DO Montsant,40.28,53.7,2026-06-16 13:01:26
7322,9ad53b67-02f5-4fad-9472-83fb1c7b03da,GRAN BUSCA RAONS Caixa de vi blanc ecològic DO Costers del Segre,59.94,29.97,2026-06-16 13:01:26
7323,fc01a236-da9e-4c0f-90dd-149317ce3427,MASIA FREYE Caixa de vi negre DO Penedès ecològic Km0,49.14,36.86,2026-06-16 13:01:26
7324,c5e82363-de35-49d3-8da7-0a69d4711f81,MIONETTO Caixa de Vi escumós Brut Prosecco DOC Treviso,59.94,53.94,2026-06-16 13:01:26
7325,ce01e0d3-6c27-4bf9-b8b6-f6b12ad52663,RAIMAT Caixa de vi blanc DO Costers del Segre Km0,53.94,59.7,2026-06-16 13:01:26
7326,9f2c49e8-504e-4e3e-9863-0aec31b9117c,RAIMAT Caixa de vi rosat ecològic DO Costers del Segre Km0,49.5,32.18,2026-06-16 13:01:26
7327,a85ec85f-65b3-41f0-80bc-c1f1bf11ca40,REFORJAT Caixa vi negre DO Terra Alta Km0,37.5,28.13,2026-06-16 13:01:26
7328,02757f7f-e5fe-4912-ae18-9bfea9c146c2,TEMPS DE FRUITS Caixa de vi negre Eco DO Penedès Km0,59.7,44.78,2026-06-16 13:01:26
7329,fb18445c-48b5-45d8-abea-c8a07a6669aa,ÈTIM Caixa de vi negre dolç Verema Tardana DO Montsant,52.5,39.38,2026-06-16 13:01:26
7330,21ae2f59-c77a-4dbd-853a-9fb145edd9c2,CASTELL DEL REMEI Caixa de vi negre DO Costers del Segre Km0,77.7,83.1,2026-06-16 13:01:27
7331,aa3a968e-1bc8-4948-a1aa-d47638632128,PEDRO XIMENEZ Caixa 6u. vi molt dolç Viña 25 DO. Jerez,65.7,59.7,2026-06-16 13:01:27
7332,0907bb9d-6e7b-4bb0-b488-bc44e4556b62,VIÑA POMAL Caixa 6u.vi negre DO Rioja Reserva,95.7,77.94,2026-06-16 13:01:27
7333,67b5281e-621a-4d6c-8eb5-77e06bd1d6be,COTO DE IMAZ Vi negre Rioja reserva,8.85,8.8,2026-06-16 13:01:28
7334,93076695-2f62-4d3f-b85c-8e8fefca6346,EL COTO Vi negre DOQ Rioja criança,6.59,6.55,2026-06-16 13:01:28
7335,a66e17a3-dee1-49de-88b5-59c26fc12c18,EL COTO Vi blanc DOQ Rioja,4.49,4.45,2026-06-16 13:01:31
7336,1979f593-27aa-458e-9df3-4a86b44d4771,ANNA CODORNÍU Cava Brut Nature guarda,9.75,9.95,2026-06-16 13:01:33
7337,ce277ca2-e64a-4e59-a431-293c54aac166,ANNA CODORNÍU Cava Brut Nature guarda caixa,43.88,44.78,2026-06-16 13:01:33
7338,075fda2b-fd81-4fa8-85e1-90be1d140054,ANNA CODORNÍU Cava Brut guarda,9.75,9.95,2026-06-16 13:01:33
7339,c10c0369-ca05-4dd9-89ba-11b2bb400884,ANNA CODORNÍU Cava rosat Brut guarda,9.75,9.95,2026-06-16 13:01:33
7340,1ea1a8f2-7f6f-4277-beac-d0e431d42e6a,LACRIMA B. HERETAT Caixa de cava Brut guarda ecològic,35.94,26.96,2026-06-16 13:01:33
7341,20cb4a20-5555-4a38-9cdb-227002d1303d,LACRIMA BACCUS Caixa de Cava rosat Brut guarda,35.94,26.96,2026-06-16 13:01:33
7342,9af30ea2-475f-4624-bdda-c5602fbb1696,PARXET CUVEÉ 21 Cava Brut guarda,13.95,49.95,2026-06-16 13:01:33
7343,44b90779-12eb-4778-8989-31e38a99a4a1,ALBET I NOYA P.ALB. Vi escumós Brut guarda sup. reserva org eco DO Penedès caixa,59.7,44.78,2026-06-16 13:01:34
7344,3b2f7247-b666-4996-a735-8ff772ee7654,ANNA CODORNÍU Caixa de cava Brut guarda,43.88,44.78,2026-06-16 13:01:34
7345,6c43ccba-d170-4891-96b8-7edf3cf41e74,CODORNÍU CUVÉE Cava semi sec ecològic caixa,43.5,32.63,2026-06-16 13:01:34
7346,1e4ad963-0d73-4d8a-9c4c-9e4bb3a30f26,CODORNÍU Caixa de cava Brut guarda ecològic,43.5,32.63,2026-06-16 13:01:34
7347,e608c42b-3845-4d2a-9f2d-ee43c301eaad,ESCOFET ROSELL Caixa de cava Brut guarda superior reserva eco,59.94,44.96,2026-06-16 13:01:34
7348,b4c8207c-6f05-43ac-be4f-6ac05521a1ea,JUVÉ CAMPS Caixa de Corpinnat Brut Nature ecològic,128.0,123.0,2026-06-16 13:01:34
7349,e39eaa96-64dc-4ab1-9f09-defb87a18f43,KRIPTA FRANC Caixa de Corpinnat Brut ecològic,83.7,71.34,2026-06-16 13:01:34
7350,e814c223-611a-4a1a-b7ba-2e445a2be45b,LACRIMA B. HERETAT Caixa de cava Brut Nature guarda ecològic,47.94,31.16,2026-06-16 13:01:34
7351,90a64110-ee48-4664-abed-f62175b40a52,LLOPART INTEGRAL Cava Corpinnat Brut Nature Integral ecològic caixa,101.0,92.94,2026-06-16 13:01:34
7352,339821c1-df04-4010-821e-132c7befc17c,PROA Caixa de Cava Brut Nature guarda,31.74,23.81,2026-06-16 13:01:34
7353,54781fd7-e7ce-418b-aefe-e676e1443266,RAIMAT Caixa de cava Brut Nature guarda ecològic,59.7,44.78,2026-06-16 13:01:34
7354,90dc1ec6-cfa0-4a43-bef0-67611403fe83,CASTELL RE. LA CUVÉE Caixa de cava Brut Nature guarda superior reserva ecològic,64.5,59.94,2026-06-16 13:01:35
7355,8047a669-9abc-4719-9f2b-7b82e364ebaa,FAMÍLIA OLIVEDA Caixa de cava Brut rosat guarda,35.7,39.54,2026-06-16 13:01:35
7356,1510d314-b12f-44e6-ad1c-fe274295c2b4,FREIXENET MERITUM Caixa de cava Brut Nature guarda superior gran reserva eco,114.0,56.97,2026-06-16 13:01:35
7357,19e4e796-ebae-474e-a1f6-5cc0addb9edf,SEAGRAM'S Ginebra Extra Dry Gin,25.69,23.49,2026-06-16 13:01:36
7358,34b228d3-fbdb-4845-b935-7d4b6b9af3d8,EL BANDARRA Caixa 6u. de vermut negre,56.34,42.26,2026-06-16 13:01:37
7359,2931276a-8927-457b-ae57-e4c82a2192e5,BEEFEATER Ginebra,14.25,14.49,2026-06-16 13:01:39
7360,6475488b-e538-4d2d-b5f8-6eff59257fa2,TORRIANI Limoncello,4.89,4.39,2026-06-16 13:01:39
7361,00fbc932-6f84-487b-acb4-084707c72ac6,VETERANO Beguda espirituosa,9.49,9.39,2026-06-16 13:01:39
7362,4481f8d6-3f58-42fe-b677-558741dcabf7,VIVE SOY Beguda de soja lleugera sense sucre en cartró,1.95,1.99,2026-06-16 13:01:42
7363,546a89cb-c550-4f24-90df-529b80ec632d,VIVE SOY Beguda de soja superior en cartró,1.95,1.99,2026-06-16 13:01:42
7364,d4ccf2bf-22bc-4832-b5e0-311cd1bf9100,ALPRO Beguda de civada,1.99,2.19,2026-06-16 13:01:43
7365,809168de-970f-4f93-965b-e6032dc73127,ALPRO Pack 6u. beguda de civada,11.94,13.14,2026-06-16 13:01:43
7366,d78fb46c-a4b1-4e8d-bf78-ceac4a16bdae,VIVE SOY Beguda de soja 6x1L en cartró,11.7,11.94,2026-06-16 13:01:43
7367,0d9c47c3-372c-4a39-8450-12ab1668d8ae,VIVE SOY Beguda de soja lleugera sense sucre 6x1L en cartró,11.7,11.94,2026-06-16 13:01:43
7368,1f1dc5f2-f0f1-41db-801e-63c04b8595f5,PESCANOVA Gamba vermella pelada,9.79,9.69,2026-06-16 13:01:44
7369,41276493-1368-49c5-826e-cd14e3851b8f,PESCANOVA Medallons de lluç del Cap sense pell,7.69,7.79,2026-06-16 13:01:44
7370,13d7ec04-dff1-40ba-9dbb-d3ce761a7276,MCCAIN Patates fregides Airfryer,3.65,7.95,2026-06-16 13:01:46
7371,0a78a440-f0fe-4116-b943-629774d35184,PESCANOVA Capritxos a la romana,4.75,4.69,2026-06-16 13:01:48
7372,31ff7ffa-683b-4d54-a97a-8248d8e2d2d5,FRIPOZO Porcions de pit de pollastre amb salsa barbacoa Crunchy,2.69,2.65,2026-06-16 13:01:49
7373,6eb9eceb-e863-4c99-a86e-a2846b5e15cd,PESCANOVA Filet de lluç a l'ou,6.89,9.79,2026-06-16 13:01:49
7374,7a2e3116-07fe-4f20-8226-e7bff62923ef,PESCANOVA Filet de lluç arrebossat,4.35,4.79,2026-06-16 13:01:49
7375,3cd1e43e-71ca-42a1-9a22-9adb63bebefc,PESCANOVA Peskitos de lluç empanat,3.99,4.39,2026-06-16 13:01:49
7376,1c605a84-7231-422e-adad-1d7f3a42c8c2,PICCOLINIS Mini pizzes de 3 formatges,4.25,7.95,2026-06-16 13:01:51
7377,19d177e8-efef-4500-aa1e-8abe91e19f4e,PICCOLINIS Mini pizzes de frankfurt,4.25,7.95,2026-06-16 13:01:51
7378,5cdea0aa-6538-4467-aba8-78ea6d499ec0,PICCOLINIS Mini pizzes de pernil dolç i formatge,4.25,7.95,2026-06-16 13:01:51
7379,16423ab7-335c-4310-afb3-479234e7788d,PICCOLINIS Mini pizzes de tonyina,4.25,7.95,2026-06-16 13:01:51
7380,8560e79c-70f2-46ed-9567-8d0023cf7e6a,RISTORANTE Pizza 4 formatges,9.99,3.95,2026-06-16 13:01:51
7381,9a0b0ea7-747b-4d3e-8e87-a90ec2e9daa9,RISTORANTE Pizza Barbacoa,9.99,3.95,2026-06-16 13:01:51
7382,f5bfe03c-c795-4bfe-a9ae-957edf569f00,RISTORANTE Pizza Speciale,9.99,3.95,2026-06-16 13:01:51
7383,030b937e-6e37-4392-88ca-c5663a41d643,RISTORANTE Pizza d'espinacs,9.99,3.95,2026-06-16 13:01:51
7384,4609b1e5-7ea3-4012-8bde-e3c02c58342b,RISTORANTE Pizza de mozzarella,9.99,3.95,2026-06-16 13:01:51
7385,db165d50-8bb1-492b-89af-260721888f72,RISTORANTE Pizza de pernil dolç i formatge,9.99,3.95,2026-06-16 13:01:51
7386,adb631bc-ed8e-4421-95fa-bcaa48168e92,RISTORANTE Pizza de tonyina,9.99,3.95,2026-06-16 13:01:51
7387,8e131499-de81-41cb-b2b0-2d359f3a4c36,HÄAGEN-DAZS Gelat de vainilla i nous de Macadàmia,4.99,7.95,2026-06-16 13:01:52
7388,0b0e0ac6-dab5-4d7c-ad03-b597725a1d18,RISTORANTE Pizza Funghi,9.99,3.95,2026-06-16 13:01:52
7389,16de0115-50b7-4f70-bffa-5074d3f13fdb,RISTORANTE Pizza Hawaii,9.99,3.95,2026-06-16 13:01:52
7390,f1f5da7b-9d3d-47a1-899b-79c4d321bf64,RISTORANTE Pizza bolonyesa,9.99,3.95,2026-06-16 13:01:52
7391,ae08cd2c-29ea-4dfc-b9df-21e459f94fd3,RISTORANTE Pizza vegana,9.99,3.95,2026-06-16 13:01:52
7392,7b2917b8-1d34-43f9-81cc-b1cebb3a03a0,RISTORANTE Pizza vegetal,9.99,3.95,2026-06-16 13:01:52
7393,234cd7de-0271-44c6-9e3e-bddeaec6cf7a,HÄAGEN-DAZS Gelat Salted Caramel,4.99,7.95,2026-06-16 13:01:53
7394,b12cdcf9-93e3-41c5-a045-5925ec76fe10,HÄAGEN-DAZS Gelat de xocolata blanca amb maduixa,4.99,7.95,2026-06-16 13:01:53
7395,e842436c-16ec-4f67-91e0-fa39a8f85bab,MAGNUM Gelat bombó de caramel i ametlla BonBon,9.99,4.99,2026-06-16 13:01:54
7396,365ccfc3-d9f3-499c-8fbc-63126245dd2f,MAGNUM Gelat bombó de xocolata blanca i cookies,9.99,4.99,2026-06-16 13:01:54
7397,07d84627-4b2b-47c0-937a-945af729da78,BONPREU Gelat de vainilla i nous pecanes,3.65,3.49,2026-06-16 13:01:55
7398,65c9029d-6cb7-4bb3-827c-cdfcf7e570f5,HÄAGEN-DAZS Gelat de dolç de llet,7.49,7.59,2026-06-16 13:01:55
7399,d7f284d7-2624-4b7b-ad0e-27b0f3e8e164,HÄAGEN-DAZS Gelat de mango i gerds,7.49,7.59,2026-06-16 13:01:55
7400,14e19aa6-0f5a-45c0-b982-8113fe267ba3,MAGNUM Gelat bombó de caramel Gold,9.99,4.99,2026-06-16 13:01:55
7401,d3906071-19a1-4be8-8f07-67c98d9598be,MAGNUM Gelat de cirera Bonbon,9.99,4.99,2026-06-16 13:01:55
7402,48894357-8594-4157-81b3-671fc47e7174,PINK ALBATROSS Gelat de fruita amb gust de mango i maracujà,4.49,4.59,2026-06-16 13:01:55
7403,c82d31d8-af7b-4853-b709-3d2cc3f134e8,HÄAGEN-DAZS Gelat de vainilla,7.49,7.59,2026-06-16 13:01:56
7404,7a9c9fb5-95f9-4969-9178-a2c646e7c3c2,LETONA Llet fresca sencera en ampolla,2.89,2.79,2026-06-16 13:02:01
7405,38719987-8eb3-4b1f-949e-ad815515851f,PULEVA OMEGA 3 Llet desnatada sense lactosa en cartró,1.93,1.95,2026-06-16 13:02:02
7406,3df20dc8-4ffc-4322-a2c0-2578c845a4c3,PULEVA VITA CALCIO Llet semidesnatada vitacalci sense lactosa,1.59,1.62,2026-06-16 13:02:03
7407,6c2af6cf-3b81-4876-8f7a-57c47dd62f1d,PULEVA OMEGA 3 Llet desnatada sense lactosa 6x1L en cartró,11.58,11.7,2026-06-16 13:02:04
7408,903af6f4-bb42-4044-9cf8-556ee14e8f2e,PULEVA VITA CALCIO Llet semidesnatada vitacalci sense lactosa,9.54,9.72,2026-06-16 13:02:04
7409,71a307f2-ef89-4041-a9c9-41cfb84edc4c,CACAOLAT Batut de cacau en ampolla,5.99,2.6,2026-06-16 13:02:07
7410,6d208607-f0eb-45b8-bf1c-0fa20e7e0dfa,DANET Natilles,1.94,3.19,2026-06-16 13:02:08
7411,49730233-1f90-403a-9d0a-75f1d8f43e1d,YOPRO Postres làcties Pudding de xocolata,1.49,1.59,2026-06-16 13:02:08
7412,0e85ad72-2985-4918-88a0-ced5276940c8,YOPRO Postres làcties Pudding de caramel,1.49,1.59,2026-06-16 13:02:09
7413,80a0c607-4b9c-4671-a198-dae96da167f0,ACTIVIA Quefir per beure amb gust de mango,1.79,3.19,2026-06-16 13:02:10
7414,d134b2e8-07db-4c77-b1b9-6b10992cdce3,ACTIVIA Quefir per beure amb gust de nabius,1.79,3.19,2026-06-16 13:02:10
7415,182c98c0-9dc3-451e-8ad8-41aeadc176ab,ACTIVIA Quefir per beure amb maduixa,1.79,3.19,2026-06-16 13:02:10
7416,2f822123-9bcf-4e30-bc9c-032087420489,ACTIVIA Quefir per beure natural,1.79,3.19,2026-06-16 13:02:10
7417,eb883db9-c47b-4049-af57-1254a94c9b4b,DANACOL Iogurt per beure de llima i llimona,4.59,4.49,2026-06-16 13:02:10
7418,4fe28235-46a4-474f-bbd0-51b712569e2e,DANACOL Iogurt per beure natural,4.59,4.49,2026-06-16 13:02:10
7419,c561fc68-ca10-4316-8c10-da620d0f711f,DANONE Iogurt grec natural,1.49,3.19,2026-06-16 13:02:10
7420,47b3acaa-8199-4b8e-a989-3b5af9c58bb0,DANONINO Iogurt maxi de maduixa,2.39,2.29,2026-06-16 13:02:10
7421,eb8eb146-ceb1-48e9-a9ff-309eb6ab97fe,DANONINO Iogurt maxi de maduixa i plàtan,2.39,2.29,2026-06-16 13:02:10
7422,09076ae0-68b9-4c18-aad5-0b3739a68ae7,DANONINO Iogurt per beure de maduixa,2.69,2.59,2026-06-16 13:02:10
7423,7051e444-4007-4a1e-85cc-882732d00e90,DANACOL Iogur per a beure gust a préssec i albercoc,4.59,4.49,2026-06-16 13:02:11
7424,aa079a83-4c85-47d2-9498-79d3a5e8934b,DANACOL Iogurt per beure de civada,4.59,4.49,2026-06-16 13:02:11
7425,a03065ff-9758-4524-8abf-858665e614ac,DANACOL Iogurt per beure desnatat de fruits vermells,4.59,4.49,2026-06-16 13:02:11
7426,1626e631-e425-40bf-a73d-bb8c9e04c37a,YOPRO Beguda proteïna de maduixa i gerds,2.39,2.49,2026-06-16 13:02:11
7427,997075b5-06b5-4ecb-80ef-431e9462662a,YOPRO Postres làcties natural,2.59,2.79,2026-06-16 13:02:11
7428,f449293a-facf-4357-a514-4afee4314375,YOPRO Postres làcties Pudding de vainilla,1.49,1.59,2026-06-16 13:02:12
7429,071179b0-0de5-4dba-a1df-205c0f953c00,OIKOS Iogurt grec amb caramel,2.99,3.29,2026-06-16 13:02:13
7430,ae668550-4c75-4329-99fe-8538363ee8d8,YOPRO Beguda proteïna de stracciatella,2.39,2.49,2026-06-16 13:02:13
7431,88550cc5-bc60-4917-8cd0-7acdd35f2a8d,ACTIVIA Quefir amb préssec i maracujà,2.25,2.39,2026-06-16 13:02:14
7432,76f726f1-3af6-4c1a-b621-dd0f61d635cf,YOPRO Beguda proteïna de mango,2.39,2.49,2026-06-16 13:02:16
7433,2b1f6ea2-65e4-4640-adbe-8938ab6edb18,DELIAL Fluid solar antitaques amb Vitamina C FPS 50+,14.99,15.99,2026-06-16 13:02:20
7434,5294b491-2d79-4932-ab09-5252f69e2e15,DELIAL Fluid solar facial super uv fp50,14.95,15.99,2026-06-16 13:02:21
7435,b137527d-05aa-438c-9394-7e61a6b0196a,AUTAN Repel·lent multi insectes plus,8.65,8.99,2026-06-16 13:03:03
7436,7b67d757-3583-4eaa-9eb6-fdd9d931e874,ARIEL Detergent líquid original de 40 dosis,13.99,14.95,2026-06-16 13:03:21
7437,39d6c52d-7025-46ee-abba-9b93f391e428,COLON Detergent líquid de 34 dosis,28.99,9.99,2026-06-16 13:03:21
7438,4eb7b764-8b68-4fe3-8615-9c9a0e2136bf,FLOR Suavitzant concentrat Blau de 59 dosis,28.99,3.99,2026-06-16 13:03:21
7439,fd031df7-039a-4b02-8dae-8ed5f4626fce,LENOR Perles de perfum roba Unstoppables,7.49,14.95,2026-06-16 13:03:21
7440,e3d1ecfb-26ac-4806-b5e6-4c1563f208db,FAIRY Sabó rentavaixelles Ultra Poder,4.49,14.95,2026-06-16 13:03:27
7441,d9bd2f52-43f0-4828-a9a5-4deac6532c6d,FINISH Abrillantador per a rentavaixelles,28.99,4.95,2026-06-16 13:03:27
7442,bff1664c-2d5d-4ef8-8f6c-0a19729c203c,FINISH QUANTUM Rentavaixelles Powerball Quantum de 40 dosis,28.99,9.99,2026-06-16 13:03:27
7443,5563641b-890b-401b-ae17-9e7c959a82f8,CILLIT BANG Netejador calç i brutícia Expert,28.99,4.99,2026-06-16 13:03:29
7444,dd9b431a-934a-4304-8f68-7cd90ded71c4,JATA Assecador de cabell iònic Brushless JBSC1600,79.99,59.99,2026-06-16 13:04:12
7445,42ecddf1-5c9a-4674-a44b-417414147b0f,DISCOVERY Fulls DIN A-4 Blancs,5.75,5.95,2026-06-16 13:04:14
7446,8076940e-3d07-4f67-bea2-ff21dce240c8,SMILEAT Potet de bacallà amb patates i verdures ecològic,2.69,2.19,2026-06-16 13:06:19
7447,e4161254-ae1a-4b32-932c-e00971865e94,SMILEAT Potet de pit d'indiot amb verdures ecològic,2.69,2.19,2026-06-16 13:06:19
7448,6ce8cc62-14bc-4d0d-a3ae-46a4bf7d2977,SMILEAT Potet de pollastre amb arròs ecològic,2.69,2.19,2026-06-16 13:06:19
7449,2c992498-29a5-4399-a4a8-5c6fe561c75b,SMILEAT Potet de vedella amb verdures ecològic,2.65,2.15,2026-06-16 13:06:19
7450,c9467277-2b7a-4067-91ff-039e35e9ca39,SMILEAT Potet de verdures amb lluç ecològic,2.69,2.19,2026-06-16 13:06:19
7451,1b9b916a-6d2f-498b-80ad-00303d0c057e,SMIELAT Potet de carbassa i carbassó ecològic,2.35,1.89,2026-06-16 13:06:20
7452,da7efb4e-42d8-4a16-8277-183b3235441a,SMILEAT Potet cuit de vedella i pernil ecològic,2.69,2.19,2026-06-16 13:06:20
7453,d1aec8e9-2eae-4e26-8d2a-f29db6992e34,AUTAN Gel post-picades de mosquits i mosques,8.65,7.49,2026-06-16 13:06:28
7454,addc01b0-0a5e-4535-b8f6-36b003e22a10,LA COLLITA Pruna vermella ecològica en safata de 500 g,3.69,3.49,2026-06-16 22:48:32
7455,0c4cd24f-e397-4db7-839e-af89d262c540,BONPREU Galetes Digestive amb xocolata,1.4,1.35,2026-06-17 12:31:00
7456,cba29535-79c8-44bf-a185-cd503070f855,SHIKOU Maionesa Gourmet japonesa,3.35,2.99,2026-06-17 12:31:54
7457,e8c763b1-112f-4d6e-b88e-1bd2d023b86f,CAMILL Oli de sèsam,3.19,2.99,2026-06-17 12:31:57
7458,17948fe0-ecaa-42ca-bf6c-c36f1b46bc80,DETERSOLÍN Detergent líquid rentat mixte de 37 dosis,5.45,5.99,2026-06-17 12:34:38
7459,c7003ef0-4cc8-4c23-bc41-09afd330af76,DETERSOLIN Detergent líquid esport  de 37 dosis,5.45,5.99,2026-06-17 12:34:39
7460,742b6692-4487-4801-b786-1890b8121401,DETERSOLÍN Detergent líquid de 37 dosis,5.45,5.99,2026-06-17 12:34:39
7461,76db5b39-4f59-498f-a59c-ef7f5ba86769,KIDEL Netejador especial acer inoxidable,3.65,3.75,2026-06-17 12:34:50
7462,562aab06-2439-411a-b5ae-e20f3bdcbf12,PIRATIX Pack sorpresa amb figura + fortalesa i accessori,3.0,6.9,2026-06-17 12:37:24
7463,de223dd9-a87c-4352-8be3-f09c520333c9,HAPE Sonall Tortuga Turbo,9.99,12.0,2026-06-17 12:37:25
7464,bc8bd485-2ad2-4899-80aa-4947f359e874,SANICAT Sorra absorbent ecològica,7.99,8.25,2026-06-17 12:37:47
7465,05788149-f2f3-4fe0-8265-eaf240df03f3,SANICAT Sorra aglomerant vainilla i mandarina per a gat Clumping,5.99,6.25,2026-06-17 12:37:47
7466,f5318da5-c03a-41ff-8280-c5c84b82c31a,SANICAT Sorra per gats,4.69,4.89,2026-06-17 12:37:47
7467,de223dd9-a87c-4352-8be3-f09c520333c9,HAPE Sonall Tortuga Turbo,12.0,9.99,2026-06-17 22:17:09
7468,634fe16c-8ee4-49cb-bdea-313103cce803,Préssec groc 1 u.,0.85,0.75,2026-06-18 12:10:10
7469,eb93987a-11b2-4295-8af9-c7c52628bb2d,Nectarina  1 u.,0.72,0.65,2026-06-18 12:10:11
7470,9b81c4dd-4fb0-4b62-b60b-4a9eb6207946,Préssec groc 1 u.,0.97,0.94,2026-06-18 12:10:11
7471,45720afa-86aa-4d34-b377-d4a278e21ff8,LA COLLITA Cireres extra Km0 en safata de 300 g,3.39,2.99,2026-06-18 12:10:12
7472,a116294a-f87f-4aff-8ae6-40833c1fc405,Síndria Fashion 1 u.,11.49,9.99,2026-06-18 12:10:12
7473,1ace8755-dcdc-44d8-afb4-ba3d6e11719d,Albercoc  1 u.,0.67,0.64,2026-06-18 12:10:14
7474,ea9caa61-e56b-49eb-b592-580a1f89b443,LA COLLITA Cireres Km0 en capsa d'1 Kg,6.59,5.49,2026-06-18 12:10:14
7475,3079010e-06cb-4647-8cb5-190219dda77a,Síndria sense llavors 1 u.,6.14,5.49,2026-06-18 12:10:14
7476,3f44c6a6-3ab9-4e3b-807f-57095dd901e5,Síndria Fashion 1 u.,11.48,9.66,2026-06-18 12:10:15
7477,73eb0775-3d4a-45cb-91e9-82bc02fff03e,BONPREU DE L'ERA Burger meat de bistec picat,6.99,7.25,2026-06-18 12:10:36
7478,b97e34a5-2723-4945-becb-4911f533636a,PATAK'S Salsa Curry Korma,3.39,2.99,2026-06-18 12:12:17
7479,da90de93-720c-4ae3-b446-b16e3662be95,PATAK'S Salsa Tikka Masala,3.39,2.99,2026-06-18 12:12:17
7480,35772480-f3bd-43ed-9d09-bb31fcfad221,ROYAL Llevat per elaborar pa,2.25,2.3,2026-06-18 12:12:21
7481,c4fe835f-6a4c-43bd-b654-4565ce493e4d,ROYAL Preparat per 8 flams,1.8,1.99,2026-06-18 12:12:21
7482,114907e1-ee9d-4d1b-976f-8777df55ffa1,ROYAL Preparat per a natilles,1.69,1.75,2026-06-18 12:12:21
7483,bc031776-2946-4f70-a1b6-8018d8d315f2,DON SIMON Sangria,2.1,1.95,2026-06-18 12:12:55
7484,fa817059-0e7c-4086-a00c-cb51ab87f798,MARTINI Vermut blanc dolç,11.89,10.99,2026-06-18 12:13:07
7485,027cc4e3-897a-484d-96fe-5bc9cb72cfc1,MARTINI Vermut negre,11.89,10.99,2026-06-18 12:13:07
7486,3c1e6449-25d6-475b-bbfb-dddc3f199d91,ASTURIANA Llet semidesnatada en ampolla,1.85,1.79,2026-06-18 12:13:30
7487,7e08ecba-afbc-48a8-9c63-ae3325154b57,ASTURIANA Llet sencera en ampolla,1.99,1.97,2026-06-18 12:13:30
7488,153c5f3c-2683-4b46-ba9c-647fe1089c98,"ASTURIANA Llet semidesnatada 6x1,5L en ampolla",11.1,10.74,2026-06-18 12:13:31
7489,fa5c7dd0-3079-49e0-8c38-b19a4c4447b2,"ASTURIANA Llet sencera 6x1,5L en ampolla",11.94,11.82,2026-06-18 12:13:31
7490,e3854adf-20f0-4101-83f4-d0611a4cb996,ASTURIANA Llet desnatada en ampolla,1.79,1.73,2026-06-18 12:13:32
7491,bb2f918c-8ee9-4edc-a7c7-006a4998d203,"ASTURIANA Llet desnatada 6x1,5L en ampolla",10.74,10.38,2026-06-18 12:13:33
7492,a0607a5e-3509-48e0-9704-9e78a8611233,BATISTE Xampú en sec,3.25,3.45,2026-06-18 12:13:53
7493,9130b62b-6db5-44a6-8ab5-22685c109798,BATISTE Xampú en sec format viatge,1.99,2.19,2026-06-18 12:13:56
7494,28ef4b42-3915-453d-94d6-209156f3dc69,BATISTE Xampú en sec volum immediat,3.99,4.25,2026-06-18 12:13:58
7495,a0bcd0e0-0b52-4d71-8788-2879bec84c4f,GARNIER Gel facial carbó,6.49,5.99,2026-06-18 12:14:10
7496,d9af531b-894d-4ea1-81df-6c35564c4876,BONPREU Paper higiènic humit infantil 100 unitats,1.79,1.55,2026-06-18 12:14:44
7497,86a5d388-1d8f-432d-9f97-09a25f0b8f11,BOC'N ROLL Porta entrepans,8.55,8.99,2026-06-18 12:14:46
7498,5693bb70-1bee-4777-a405-0e5b86b30647,BONPREU Suavitzant clàssic de 37 dosis,2.25,2.39,2026-06-18 12:14:48
7499,a4d29b00-6ee0-4193-b8f6-6fea5d976d09,BONPREU Suavitzant marsella de 37 dosis,2.25,2.39,2026-06-18 12:14:49
7500,5f4cfa43-8a55-4bfd-8759-63c43d11a61f,IFA Amoníac fort amb detergent,0.99,1.45,2026-06-18 12:14:53
7501,1a231167-ef2d-4cd5-ba68-cfb91a073d8d,BONPREU Netejador multiús,1.2,1.3,2026-06-18 12:14:55
7502,03e1d233-9562-4b93-a3a3-e334ba06946a,VIAKAL Netejador anticalç,2.99,3.25,2026-06-18 12:14:56
7503,4b490cf3-a33a-47d1-9f06-9a44ac815bee,WC NET Netejador WC en gel amb carbó actiu,3.79,3.39,2026-06-18 12:14:59
7504,53e97dff-5551-403b-92c4-cb7804df8ed6,BONPREU Ambientador espígol,1.15,1.19,2026-06-18 12:15:03
7505,a8df9c4b-070f-4c25-8f1b-93d9912538b0,BONPREU Ambientador flors blanques,1.15,1.19,2026-06-18 12:15:03
7506,7910023c-a8e6-4ba2-a874-86e3914034e7,BONPREU Ambientador roba neta,1.15,1.19,2026-06-18 12:15:03
7507,220060e8-4173-4b38-97d4-c54c23d8eb98,BONPREU Ambientador perfum colònia,1.15,1.19,2026-06-18 12:15:04
7508,ffe0c903-1948-4c4b-b853-9ead0e44a0e0,3-GROUP Setrill antigoteig amb capacitat de 25 cl,7.95,7.99,2026-06-18 12:15:11
7509,2440e9ae-36b2-4b3e-a2a7-016682338e06,VIER Paellera alumini 34cm,23.95,24.99,2026-06-18 12:15:11
7510,4297a026-841d-42b0-96b0-1cc5c7ae12a4,EL CID Paellera d'acer pulit,6.49,6.99,2026-06-18 12:15:14
7511,28abe225-049d-4284-86b4-612beffdf442,LACASA Forquilles de taula,3.25,3.49,2026-06-18 12:15:15
7512,e5d02335-d0ce-4337-bcf7-52d778708426,3-GROUP Setrill antigoteig amb capacitat de 50 cl,9.99,10.99,2026-06-18 12:15:17
7513,d71f3b8c-ca5b-4eff-8331-8fbd84920cf5,MAKU Filtre infusió per a tassa i tetera,6.95,7.49,2026-06-18 12:15:17
7514,c0f46de0-f73e-439c-a367-bb849fb6f93a,SNACK'N GO Porta snacks,8.95,8.99,2026-06-18 12:15:17
7515,c0b39a78-8505-472c-bbb0-5ef11e0e1091,LACASA Forquilla de postre,3.25,3.49,2026-06-18 12:15:19
7516,0b3999a2-be63-4bd0-a225-3c1df5dfde7c,MAKU Gerra amb batedora de 45 cl,9.95,9.99,2026-06-18 12:15:19
7517,1a0d3bb6-5de7-4277-91e6-d8720989ef9d,PTM-RÚSTICA Cassola de fang 13 cm,1.79,1.99,2026-06-18 12:15:19
7518,6cfa5308-cec0-41f2-91f8-0205a39f06f0,ABERT Escorredor per a coberts 16cm,6.49,6.99,2026-06-18 12:15:20
7519,efe5d28f-6272-49cd-b92b-ac9b70ab592c,"PLÀSTICS ESPELT Glaçonera transparent amb 4,2 litres de capacitat",7.95,7.99,2026-06-18 12:15:20
7520,940eaece-1695-4acb-a3bd-d94f4b820f06,LACASA Ganivets de taula,3.59,3.99,2026-06-18 12:15:22
7521,d63e7072-2bd3-4ca3-b667-0e60991ce446,PTM Paellera d'acer polit de 30 cm,7.49,7.99,2026-06-18 12:15:23
7522,337033f3-98d0-4278-873b-531b86aa0592,SIMAX Gerra de vidre per a te 600ml,8.95,9.99,2026-06-18 12:15:24
7523,2a217f28-536f-4709-a5f5-7b52ef4e0075,ZELLER Pot de vidre amb tapa de bambú,5.99,6.49,2026-06-18 12:15:24
7524,daa1ebb8-f461-47d9-af8b-410210292915,HERO Puré de fruites mediterrani,1.25,0.99,2026-06-18 12:17:43
7525,c4630c27-9ca0-4598-a4ef-7418d7998071,"HERO Puré de fruites iogurt, plàtan i maduixa",1.25,0.99,2026-06-18 12:17:44
7526,cc5db6a3-5538-44be-aaa1-5cc398142bc2,DRY NITES Protector de llit,9.99,9.79,2026-06-18 12:17:48
7527,bb60dff5-171a-42e1-ae2f-6794a421140c,NOTON Protecció per a orelles,2.75,2.89,2026-06-18 12:17:55
7528,2aac7640-6cd5-47b8-9d4a-efdfdff504db,NOTON Taps orelles infantil aigua,2.95,3.15,2026-06-18 12:17:55
7529,f29eed60-f20d-4f3c-a2a6-f66b16e92aaf,NOTON Taps orelles silicona aigua,2.95,3.15,2026-06-18 12:17:55
7530,a5496562-926c-4c46-9ce0-06977ba46cdf,NOTON Taps per les orelles de cera,3.49,3.59,2026-06-18 12:17:55
7531,af0d0eb5-1550-4b3f-a715-5818257eefdd,SALVELOX Apòsits Cura dels peus mix,6.99,7.29,2026-06-18 12:17:55
7532,a805557f-0710-4415-bca9-5b631767a976,SALVELOX Apòsits per ulls de poll,4.75,4.99,2026-06-18 12:17:55
7533,932b0a1f-047b-40c8-b5c2-b4dba262f930,SALVELOX Tiretes infantils Sonic,1.99,2.09,2026-06-18 12:17:55
7534,43d56d38-cac9-4fdb-a017-ff07638e94f9,SALVELOX Tub protector dits,7.99,8.35,2026-06-18 12:17:55
7535,ca7e2452-a46b-49a2-84e5-5c7b2cbc3cd6,DEVOR OLOR Esprai desodorant peus,6.95,7.35,2026-06-18 12:18:23
7536,6aebf12a-3da6-4d13-a88b-d07589b1bb40,DEVOR OLOR Pólvores desodorants peus,5.15,5.45,2026-06-18 12:18:23
7537,dd434b1a-7f06-405d-961e-6cf8ff8e10bf,BIO-OIL Oli per a cicatrius i estries,16.95,17.69,2026-06-18 12:18:25
7538,0bc23b1b-c163-4ba5-8cd8-c441a4470f96,DEVOR OLOR Plantilles resistents,6.49,6.85,2026-06-18 12:18:25
7539,1081104b-3624-47ac-b668-e42a2a8613be,SALVELOX Apòsits mitjans Cura dels peus,4.99,5.25,2026-06-18 12:18:25
7540,117a7708-e169-4401-ac18-8d87dea56c5f,SALVELOX Protectors rodons per a ulls de poll,2.69,2.85,2026-06-18 12:18:25
7541,27799490-a985-441b-8cb7-f40eb4c642e4,BIO-OIL Oli per a cicatrius i estries,8.95,9.35,2026-06-18 12:18:26
7542,68287674-3d7d-4a00-aed5-dfeac2cbc292,Albergínia negra 1 u.,0.89,0.79,2026-06-19 12:16:10
7543,5ec1984a-0570-4d52-9efc-6945a94c57a7,Carbassó 1 u.,0.74,0.75,2026-06-19 12:16:10
7544,62142e01-a6ef-4ce3-afc5-0cdc6728e557,Carbassó 1 u.,0.79,0.69,2026-06-19 12:16:10
7545,2d9c9b56-716a-4a67-a4b4-0ce7bbcb6ed6,LA COLLITA Maduixot en terrina de 500 g,2.59,3.69,2026-06-19 12:16:10
7546,3bcd0072-6e36-4031-8ce2-6ad48cff2bba,Tomàquet Blau 1 u.,1.19,0.99,2026-06-19 12:16:10
7547,f84eea7a-fe1b-46c4-ab8b-6bc705457989,LA COLLITA Alls secs en malla de 250 g,1.99,1.85,2026-06-19 12:16:11
7548,47ff51ee-b482-4513-9f2c-6bd3c5bb1acf,Pebrot dolç vermell 1 u.,0.97,0.9,2026-06-19 12:16:11
7549,aae5f590-1884-4535-aa4f-e79dd53dd1ad,LA COLLITA Pebrot dolç tipus padró en safata de 200 g,1.19,1.29,2026-06-19 12:16:12
7550,14d1558c-22c4-4a25-913e-8c35c9765eef,Tomàquet de pera 1 u.,0.43,0.39,2026-06-19 12:16:12
7551,d031be18-8c35-41b1-9122-3e7e9d02fa44,Albergínia ecològica en safata de 500 g,3.29,2.99,2026-06-19 12:16:13
7552,805ce06e-30dd-409b-b84f-9d974216acbe,Coliflor 1 u.,2.79,2.49,2026-06-19 12:16:13
7553,2726e356-0bfe-40dd-8cbf-2288c9f742b3,Tomàquet verd 1 u.,0.77,0.76,2026-06-19 12:16:13
7554,1ace8755-dcdc-44d8-afb4-ba3d6e11719d,Albercoc  1 u.,0.64,0.52,2026-06-19 12:16:14
7555,347102ba-dc55-49ac-a61d-09b8a09a042a,Tomàquet blau 1 u.,1.68,1.36,2026-06-19 12:16:14
7556,bbbe2d01-bc25-4861-883d-8613df116f15,Tomàquet de penjar ecològic safata de 500 g,3.53,3.89,2026-06-19 12:16:14
7557,99696e00-0af2-4002-93fc-971bad2ee0ed,Mongeta Perona,2.1,1.8,2026-06-19 12:16:15
7558,eff42e3b-c8f9-4456-8f1d-94d9934bf332,Pruna groga 1 u.,0.55,0.47,2026-06-19 12:16:16
7559,9cc4dddc-7a6f-4932-9ded-9cc634819290,BONPREU Formatge edam llescat,2.1,2.09,2026-06-19 12:16:29
7560,74522302-48e4-442c-830d-d748f3c1fb75,BONPREU Formatge fos en pols,1.3,1.29,2026-06-19 12:16:30
7561,6c85ffb2-69f4-4459-aacc-39e658cb3b3c,SOMBRERO DE COPA Formatge Edam tendre,3.36,3.39,2026-06-19 12:16:31
7562,9217c9b9-13c9-4d24-8b9d-fa6e0f5c881b,TGT Formatge de cabra a daus,2.15,2.25,2026-06-19 12:16:31
7563,eb81846d-3978-4e10-96b9-235ee2e1b19e,ZANETTI Formatge parmigiano reggiano escates,3.39,3.69,2026-06-19 12:16:31
7564,8dee4969-5c38-4fb8-9a31-8652cc9b8ea1,BERGADER Formatge tou blau,2.6,2.59,2026-06-19 12:16:32
7565,04ce012f-6e0c-4e39-b100-179c89bb4fbd,BONPREU Formatge maasdam llescat,2.7,2.69,2026-06-19 12:16:32
7566,48c316c9-95da-413a-ab75-022ed54cdffc,GALAN Formatge d'ovella manxec DOP,5.49,5.69,2026-06-19 12:16:32
7567,9da745ec-4f92-4804-add0-9d557ad16d47,EMMI Formatge Appenzeller Suís,5.39,5.99,2026-06-19 12:16:33
7568,90e04a4a-da4d-4cc7-8650-53036e837ee1,IDIAZABAL Formatge DO Belai fumat,7.29,7.45,2026-06-19 12:16:33
7569,bcd9a71a-67a8-4286-8b80-3e71528f747f,LOS POSTRES DE LOLA Pastís de formatges cremós,3.85,4.35,2026-06-19 12:16:33
7570,ddf0b97e-f764-4073-b2fa-148c4e850b41,OH MY CHEESE Formatge cabra amb mel,1.99,2.25,2026-06-19 12:16:33
7571,e63388c9-ce50-4d5e-97db-8047fc99ef29,TGT Formatge gouda i cheddar en daus,1.99,2.09,2026-06-19 12:16:33
7572,dcd44d65-1ae6-4ed7-b57e-9dad2c55eb41,LA PANDIELLA Formatge blau DOP Cabrales al tall en porció,3.36,3.6,2026-06-19 12:16:34
7573,6a961533-7052-49e5-be2e-fa3af6ae9ac6,RONKARI Formatge d'ovella DOP al tall en porció,4.14,4.2,2026-06-19 12:16:34
7574,0e4ffa7a-cf61-4c64-ab39-9fefc21f4483,BONPREU Pipes de carbassa crues pelades ecològiques,1.84,1.89,2026-06-19 12:17:15
7575,19699f6d-877a-4a81-87c0-2d0dd09f604a,JR. BROWNIE Brownie,2.19,2.39,2026-06-19 12:17:50
7576,2ba29298-4f21-49fa-aa16-97656a4692ee,JR. BROWNIE Brownie de xocolata amb llet Galactic,2.19,2.39,2026-06-19 12:17:52
7577,54cebfba-2342-4c58-9001-dc87f570dcc6,CASA TARRADELLAS Base de Pasta de Full amb mantega,1.84,1.75,2026-06-19 12:17:56
7578,f2bfa84c-dcd5-4796-8e4d-8767472145e8,CASA TARRADELLAS Base per a Pizza 5 cereals,1.39,1.29,2026-06-19 12:17:56
7579,4362db33-505a-4f2b-9d2e-8ad3a4e070ba,CASA TARRADELLAS Base rodona per a Pizza,1.39,1.29,2026-06-19 12:17:56
7580,c0f98a94-bfbd-4b6d-91bd-c674b34ffc54,"FONT VELLA Aigua mineral natural 6x1,5 L",4.5,4.62,2026-06-19 12:18:37
7581,baf06b51-509c-4aa5-abc8-575a2e9aa094,"FONT VELLA Aigua mineral natural 1,5 L",0.75,0.77,2026-06-19 12:18:38
7582,bbadb148-05c4-463b-9906-47f30984d45a,FINCA LA BOLTANA Caixa de vi blanc ecològic DO Penedès Km0,53.94,58.5,2026-06-19 12:19:02
7583,8dd99051-443b-4e1e-bc7f-6a7815a189cc,FINCA LA BOLTANA Vi blanc ecològic DO Penedès Km0,8.99,9.75,2026-06-19 12:19:08
7584,6eb9eceb-e863-4c99-a86e-a2846b5e15cd,PESCANOVA Filet de lluç a l'ou,9.79,7.65,2026-06-19 12:19:26
7585,d0f2ec0e-677c-4ca5-82e0-8b7734c02f8b,BONPREU Detergent universal amb sabó vegetal de 24 dosis,3.45,3.95,2026-06-19 12:21:01
7586,1a231167-ef2d-4cd5-ba68-cfb91a073d8d,BONPREU Netejador multiús,1.3,1.29,2026-06-19 12:21:08
7587,d37d7cf1-3dfe-44a9-a0dd-6e7625da1988,BONPREU Netejador llar ecològic,1.99,2.09,2026-06-19 12:21:10
7588,2b41944a-c7ca-40a5-948b-b03b27921837,Meló sencer 1 u.,1.79,4.13,2026-06-20 10:44:39
7589,95f846c3-4518-4ec8-8411-610ce7d86a94,CUIT'S Paté de ceba caramel·litzada,2.15,2.25,2026-06-20 10:44:49
7590,b7a3a575-c0d0-44cc-80b9-c124b4b789b3,Llenguado,5.7,4.95,2026-06-20 10:45:22
7591,26ec419c-4b63-4354-8364-21c57db84538,Sardina (de costa).,1.2,1.4,2026-06-20 10:45:22
7592,21aa15c2-050e-4e06-9724-e0d76a212434,BONPREU Cereals de xocolata farcits de xocolata i avellanes,2.1,2.0,2026-06-20 10:46:16
7593,20a89f4a-ac00-4a0c-9207-25679631a5fe,BONPREU Flocs de blat de moro,1.49,1.5,2026-06-20 10:46:16
7594,d80f7278-52ea-4901-b730-5626f027e03b,CERTERO Caixa vi negre DO Rioja,19.5,17.34,2026-06-20 10:48:07
7595,d5c0f7b1-644e-42b9-bd96-5b17eb575e27,CERTERO Vi negre DO Rioja,2.89,2.75,2026-06-20 10:48:14
7596,97b4815e-763f-48f5-9e3b-74b598a081c7,MAYADOR Sidra asturiana,1.59,1.69,2026-06-20 10:48:14
7597,637e1876-003b-4cec-8aa9-051a19022d88,CERTERO Vi negre DO Rioja,3.25,2.89,2026-06-20 10:48:16
7598,fb950f25-5721-46c1-9cf4-0e6d06fae05a,CERTERO Vi negre reserva DOQ Rioja,4.39,3.99,2026-06-20 10:48:16
7599,b2037344-b6d0-41e4-8dab-2213231d5dcd,FUENTEVEGA Vi negre reserva DO Ribera del Duero,6.29,5.89,2026-06-20 10:48:16
7600,58f39274-9d35-42cd-99e7-3b96de8cf933,YOPRO Postres làcties Pudding d'avellana i xocolata,1.49,1.59,2026-06-20 10:49:12
7601,9f0435b1-e0cd-465e-84c1-8baf9e88b430,BONPREU Formatge Parmigiano Reggiano,4.49,4.59,2026-06-21 11:39:59
7602,37a0fa6f-5439-4f4d-a0bc-953c713367de,MICHELANGELO Formatge parmigiano reggiano DOP al tall,6.39,6.68,2026-06-21 11:40:05
7603,8328d838-c65a-4204-a720-038d2887e268,PALMOLIVE Sabó de mans d'ametlla i llet Naturals,2.25,2.39,2026-06-22 13:45:18
7604,2414d651-3b67-4b87-b9da-bf77a1877093,NUXE PROD. BOOST Bàlsam-oli facial recuperador de nit,42.9,27.99,2026-06-22 13:50:24
7605,371e6587-1b14-4272-8e9e-488e2d3b879d,Nectarina Km0 1 u.,0.89,0.79,2026-06-23 11:26:26
7606,3f2509f5-cc02-4bc0-87b7-c64aceb6cb56,Préssec d'aigua 1 u.,0.85,0.75,2026-06-23 11:26:26
7607,634fe16c-8ee4-49cb-bdea-313103cce803,Préssec groc Km0 1 u.,0.75,0.79,2026-06-23 11:26:26
7608,53465c7a-a818-4176-8903-a87e93a8c7c8,Préssec paraguaià Km0 1 u.,0.49,0.55,2026-06-23 11:26:26
7609,1e299efb-1bcf-4ebb-a448-bc8a635e0de1,Kiwi verd 1 u.,0.99,0.85,2026-06-23 11:26:28
7610,a0203727-885c-4869-8187-25845f621d07,LA COLLITA Taronges Terres de l'Ebre Km0 en malla de 2 kg,3.19,3.29,2026-06-23 11:26:28
7611,9b81c4dd-4fb0-4b62-b60b-4a9eb6207946,Préssec groc 1 u.,0.94,0.88,2026-06-23 11:26:28
7612,13a22d11-3a94-482f-b1e9-b5810148dc22,Préssec paraguaià 1 u.,0.45,0.42,2026-06-23 11:26:28
7613,a116294a-f87f-4aff-8ae6-40833c1fc405,Síndria Fashion 1 u.,9.99,8.95,2026-06-23 11:26:28
7614,b6737966-e517-48fa-969c-3cee4ac33f55,Síndria sense llavors 1 u.,7.99,5.95,2026-06-23 11:26:28
7615,4acd6af3-4253-4377-b604-f5aa20928f4a,Préssec d'aigua 1 u.,0.82,0.76,2026-06-23 11:26:29
7616,274359b5-2abc-434e-9753-f9cfb1ae59f6,LA COLLITA Figues en safata de 500 g,4.39,3.79,2026-06-23 11:26:32
7617,3b8dcc0f-dbe0-4e02-a60c-438a71fc9906,ZESPRI Kiwi groc 1 u.,1.02,0.98,2026-06-23 11:26:32
7618,be1cc045-e3e3-48f4-bd21-e2c1446e210b,LA COLLITA Cireres  en safata de 500 g,3.25,2.99,2026-06-23 11:26:33
7619,3f44c6a6-3ab9-4e3b-807f-57095dd901e5,Síndria Fashion 1 u.,9.66,10.27,2026-06-23 11:26:33
7620,45b16d79-fab3-4bb8-9b43-b53a017f9cad,Síndria taronja 1 u.,1.99,10.95,2026-06-23 11:26:34
7621,893d3003-5599-4b43-a1ab-2577ebea02c8,CAMPOFRÍO Pit d'indiot brasejat Campofrio en talls de 200 grams,3.8,3.6,2026-06-23 11:26:40
7622,71f74ebc-6e6f-4cfb-8533-3a9ec7f447fb,AZUAGA Espatlla de gla 50% Ibèrica,133.0,129.0,2026-06-23 11:26:46
7623,aa84214a-46ad-43f5-8f2f-730959eb233e,Gamba Llagostinera gran,4.5,17.99,2026-06-23 11:27:12
7624,9f1a58e3-4eea-419e-a4fe-2c91395bb3f3,Sardina grossa,3.0,4.0,2026-06-23 11:27:16
7625,baeac763-a587-46f6-9acf-2ae52fcfc7f5,Cua de Lluç (unitat).,13.99,11.99,2026-06-23 11:27:17
7626,82ab89e8-2d98-4a47-af0d-91e170714279,Gamba rosada del Mediterrani,11.99,12.99,2026-06-23 11:27:17
7627,cd1dbe3a-c8d0-4045-b08c-e0dbf257c5ec,Salmó superior sencer,12.99,32.48,2026-06-23 11:27:17
7628,8680fae6-dfdb-451b-a076-4dc16678c460,Sípia bruta,22.99,13.79,2026-06-23 11:27:17
7629,2f00da42-46c8-497c-8041-6ace8b4982d7,THAI COCO Aigua de coco en cartró,1.0,1.35,2026-06-23 11:29:39
7630,98bd8f31-4e02-49af-8ff4-ff542c210c40,ORTOLACER Gel dentífric especial ortodòncia gust a llima fresca,6.59,5.49,2026-06-23 11:31:59
7631,fdacbeac-2d26-41f7-97fc-e6c9a7edc4fe,ORTOLACER Col·lutori llima fresca,10.45,8.95,2026-06-23 11:36:50
7632,17db87fc-5838-4e12-afe2-7e5150c85785,MISTOL Sabó de rentar plats Balsam,2.69,2.89,2026-06-24 11:00:32
7633,8fefd227-539d-45f8-b91b-a35ec7e84c57,MISTOL Sabó de rentar plats Ultra Plus,2.69,2.89,2026-06-24 11:00:32
7634,cf5a4a22-83f8-43d5-8511-744badab4934,TENN Netejador líquid multi superfícies amb bioalcohol,3.89,3.99,2026-06-24 11:00:33
7635,4f18e6ff-08b0-4189-9d04-6715b9471160,TENN Netejador líquid superfícies delicades àloe vera,3.89,3.99,2026-06-24 11:00:34
7636,3ab7ae36-5416-4cb5-b0ac-0342c445e2cf,VILEDA Fregall de fibra amb esponja,1.79,1.89,2026-06-24 11:00:37
7637,6d3a9d87-7a29-45b7-b07d-c8478b497ebf,VILEDA Baieta de pal suau,2.69,2.85,2026-06-24 11:00:38
7638,4fc4cb31-edae-4cb9-9490-0fe23ea179ff,VILEDA Galleda amb escorredor,11.99,12.59,2026-06-24 11:00:39
7639,e233a871-56d1-48aa-86dc-eab80e126bfc,VILEDA Estenedor 20 metres d'acer i alumini,49.99,51.49,2026-06-24 11:00:54
7640,931a8eb4-8d4b-4fdc-9c56-db6bb3e2a1b1,VILEDA Estenedor d'alumini,32.99,33.99,2026-06-24 11:00:59
7641,9f1a58e3-4eea-419e-a4fe-2c91395bb3f3,Sardina grossa,4.0,3.0,2026-06-25 10:51:25
7642,64ed5d5d-b991-4b1c-bc78-f80f6748d9fa,BONPREU Oli d'oliva verge extra,5.95,5.75,2026-06-25 10:51:44
7643,6c0c454a-3130-432b-90f4-887881bb51c2,CARBONELL Oli d'oliva suau,16.2,15.39,2026-06-25 10:51:46
7644,33d84900-5779-4028-93f2-82c26c0ba4d8,PETRÀS Moixernons carretera,4.19,4.75,2026-06-25 10:51:48
7645,4626148f-77bf-4028-9a70-25c4efc3abed,BONPREU Cafè molt descafeïnat de torrat natural,2.55,2.5,2026-06-25 10:52:00
7646,a1e45543-4f30-44b0-968c-8d6a245e2504,MARCILLA Cafè molt descafeïnat Gran Aroma mescla,8.95,8.35,2026-06-25 10:52:04
7647,dc176cb4-48cd-4540-82e8-04ff40cf59cd,MALET Malets Km0,4.29,4.39,2026-06-25 10:52:30
7648,cd2a24ac-3b83-49e7-9101-057d90dd4eea,MALET Melindros Km0,4.29,4.39,2026-06-25 10:52:30
7649,d3449a1c-32d2-44eb-8207-410f0aef5084,BIFRUTAS Beguda de llet i fruites Tropical en cartró,2.52,2.59,2026-06-25 10:53:22
7650,a4c5814e-3dcc-443c-8ad7-9da8bd76373e,BIFRUTAS Beguda llet i fruites Tropical en cartró,2.52,2.59,2026-06-25 10:53:22
7651,b82b533d-8602-4fd7-8f53-7e398ca18eb6,IFA Llet condensada sencera,2.45,2.35,2026-06-25 10:54:14
7652,19c0dc06-5501-45d0-8f29-0ec6ed265c9a,IFA Llet condensada desnatada,2.45,2.35,2026-06-25 10:54:15
7653,c089458f-96ce-4a3c-93d6-bcfc2a2c7ec6,IFA Llet condensada sencera,3.45,3.35,2026-06-25 10:54:15
7654,5c6c6468-7477-438f-90ea-4333448709f8,PULEVA MAX Beguda làctia sense lactosa en cartró,1.89,1.95,2026-06-25 10:54:15
7655,92a9ae8c-faeb-4e5b-990f-ed4cd8e8a286,PULEVA MAX Llet sense lactosa 6x1L en cartró,11.34,11.7,2026-06-25 10:54:15
7656,5e61ed59-96a7-4e63-8284-97f3c94379f2,VILEDA Baieta de pal,5.25,5.49,2026-06-25 10:55:42
7657,22b124ba-b13d-4b86-8bd1-0933c97d9f58,VILEDA Baieta per vidres,2.99,3.19,2026-06-25 10:55:42
7658,c6257fc7-f3e9-41de-97b3-e99bc9dc298b,VILEDA Baieta suau antibacteris,2.89,2.99,2026-06-25 10:55:42
7659,b0e26e50-21c6-4f25-8988-ef8684745fb8,VILEDA Fregall ultra fresh,1.79,1.89,2026-06-25 10:55:42
7660,f1aa7e1d-08fa-4b15-81fa-378c55a04f64,VILEDA Baieta de Pal Vileda Microfibra Super,4.49,4.75,2026-06-25 10:55:43
7661,e2c90e60-7acd-4873-af8b-e76d1cb6affd,VILEDA Escombra duactiva sense pal,8.19,8.49,2026-06-25 10:55:43
7662,49630a35-76be-4925-bf55-86fe65703abe,VILEDA Escombra per a exteriors sense pal,7.79,8.25,2026-06-25 10:55:43
7663,5b015f5f-caf0-4a4a-a46d-ba0b1bcda0bb,VILEDA Pal per a baieta o escombra Monoclick,3.59,3.75,2026-06-25 10:55:43
7664,e4bab15d-ff73-4f48-92e3-d2821b36ef07,BONPREU Aigua oxigenada,0.65,0.69,2026-06-25 10:58:37
7665,46261645-5803-423a-865f-39e7548b3d67,BONPREU Alcohol etílic,0.75,0.79,2026-06-25 10:58:37
7666,715ee001-9202-4085-be4d-7036e35d198a,MONTPLET Alcohol etílic 96º,3.79,3.89,2026-06-25 10:58:37
7667,e0eeaf84-7833-48ff-bc33-319e89927905,BONPREU Brioix rodó mini burger,1.18,1.19,2026-06-26 10:54:17
7668,b36dd1e5-34fc-4f6c-a4c5-24b1d62a4c8b,BONPREU Pa de motlle amb 9 cereals,1.59,1.49,2026-06-26 10:54:17
7669,18125088-fbc6-4661-ba61-e93df999d113,BONPREU Pa de motlle sense crosta,1.13,1.05,2026-06-26 10:55:12
7670,6f559a40-5bb7-48e2-a763-e30e4152a4a0,BONPREU Pa de motlle Fogassa,1.27,1.18,2026-06-26 10:55:13
7671,cea53417-6d07-4dc8-acd6-584746e01d8f,BONPREU Pa de motlle d'espelta integral 100%,1.58,1.38,2026-06-26 10:55:13
7672,a65b82b9-40ce-49eb-8481-e92adc702a5b,BONPREU Pa de motlle integral sense crosta,1.23,1.1,2026-06-26 10:55:13
7673,57af6adf-5ef0-4112-b0ff-366aee657345,BONPREU Panets torrats integrals,0.85,0.86,2026-06-26 10:55:13
7674,7b986ccc-4ad5-4dc3-bdca-14512ea46ceb,BONPREU Quadradets de pa amb sèsam,0.75,0.76,2026-06-26 10:55:13
7675,ecd10f04-aad1-4ef9-9b4f-36778674ad68,BONPREU Panets torrats,0.85,0.86,2026-06-26 10:55:14
7676,8c284c59-0690-4a8b-94e4-41ac39fd7d14,FINA Pa torrat amb all i julivert,1.05,1.19,2026-06-26 10:55:15
7677,9acb7094-2e3a-4bf9-ae58-e80deef604f1,FINA Pa torrat amb tomàquet i orenga,1.05,1.19,2026-06-26 10:55:15
7678,c3ebcf66-2b77-4e6d-9002-44b155dbb803,BONPREU Supremes de salmó de Noruega sense pell,9.19,8.89,2026-06-26 10:56:43
7679,4acd43b6-2560-490d-a0b6-df4502994319,EXKIMO Salmó sense pell,6.15,5.95,2026-06-26 10:56:43
7680,274a5d94-c60e-42a5-8be1-cbf9a1cd7dbc,LA COLLITA Albercocs Km0 en safata de 600 g,2.99,2.69,2026-06-27 10:28:27
7681,f3c0638b-c7a3-40e7-a264-96195c0382e5,Meló 1 u.,7.79,4.69,2026-06-27 10:28:28
7682,2b41944a-c7ca-40a5-948b-b03b27921837,Meló sencer 1 u.,4.13,3.63,2026-06-27 10:28:30
7683,fa817059-0e7c-4086-a00c-cb51ab87f798,MARTINI Vermut blanc dolç,10.99,9.99,2026-06-27 10:32:37
7684,abd06e44-5891-4806-9198-30b8cdf33fa7,SEAGRAM'S Ginebra Extra Dry Gin,17.39,16.89,2026-06-27 10:32:37
7685,62de3df3-bf45-4d54-b0a5-88ee693a63af,BALLANTINE'S Whisky escocès,13.95,13.59,2026-06-27 10:32:38
7686,2931276a-8927-457b-ae57-e4c82a2192e5,BEEFEATER Ginebra,14.49,13.89,2026-06-27 10:32:38
7687,027cc4e3-897a-484d-96fe-5bc9cb72cfc1,MARTINI Vermut negre,10.99,9.99,2026-06-27 10:32:38
7688,e3e88ac8-07e3-40dc-a802-a27340db5bf0,PESCANOVA Filets de bacallà,7.89,9.25,2026-06-27 10:32:47
7689,0ec4c080-bb60-4696-b4a3-af29da0b0f68,JUST LOADING Barreta energètica de fruits vermells,3.29,3.39,2026-06-29 12:30:11
7690,722dea77-506e-4c55-8beb-158ed819527a,FERRER Tomàquet doble concentrat,2.29,1.99,2026-06-29 12:30:56
7691,1ace8755-dcdc-44d8-afb4-ba3d6e11719d,Albercoc  1 u.,0.52,3.49,2026-06-30 11:21:18
7692,5ec1984a-0570-4d52-9efc-6945a94c57a7,Carbassó km0 1 u.,0.75,1.79,2026-06-30 11:21:18
7693,a1dc0ffc-c60d-467d-87ab-13bc18661da0,LA COLLITA Alvocat en safata de 450 g,2.99,5.99,2026-06-30 11:21:18
7694,6362f7c3-5018-4a7f-b3d1-90b142351fac,LA COLLITA Patata per fregir bossa 2 kg,3.59,16.95,2026-06-30 11:21:18
7695,388054e1-58b5-4cb7-8947-496aa4845a8a,Meló Bollo 1 u.,9.21,2.79,2026-06-30 11:21:18
7696,99696e00-0af2-4002-93fc-971bad2ee0ed,Mongeta Perona,1.8,5.99,2026-06-30 11:21:18
7697,eb93987a-11b2-4295-8af9-c7c52628bb2d,Nectarina  1 u.,0.65,3.49,2026-06-30 11:21:18
7698,9392b333-2687-49d5-b1e3-c010b373018a,Pruna vermella 1 u.,0.54,3.99,2026-06-30 11:21:18
7699,13a22d11-3a94-482f-b1e9-b5810148dc22,Préssec paraguaià 1 u.,0.42,3.49,2026-06-30 11:21:18
7700,3f44c6a6-3ab9-4e3b-807f-57095dd901e5,Síndria Fashion 1 u.,10.27,1.69,2026-06-30 11:21:18
7701,45b16d79-fab3-4bb8-9b43-b53a017f9cad,Síndria taronja 1 u.,10.95,1.99,2026-06-30 11:21:18
7702,46544092-e49d-4d43-905c-0ea2bb814718,Tomàquet Rosa Km0 1u.,1.33,4.99,2026-06-30 11:21:18
7703,63f3a57a-f836-46c1-8b64-95a6be73e547,BOLLO Meló tallat,4.94,3.09,2026-06-30 11:21:19
7704,c6123710-251a-4803-9de2-9dba5bfb9f51,LA COLLITA Tomàquet per sucar pa en capsa de 500 g,2.89,2.99,2026-06-30 11:21:19
7705,7dae93de-3803-487c-ac06-3feb5dc3a9d4,Alvocat 1 u.,4.99,1.35,2026-06-30 11:21:20
7706,7dd1518a-55a2-44e0-8f35-a9eace27d55e,Cogombre 1 u.,1.75,0.66,2026-06-30 11:21:20
7707,c0c733dc-a57e-40eb-9ee5-b576827c1059,Tomàquet rosa 1 u.,3.99,1.07,2026-06-30 11:21:21
7708,806ccd0e-8395-4cab-b691-b1ed1f1d7ced,LA COLLITA Pinya madurada 1 u.,1.99,3.78,2026-06-30 11:21:24
7709,4dcaeed5-0e4d-44c3-ab26-e2827dab8e90,Meló Gàl·lia 1 u.,2.99,3.55,2026-06-30 11:21:24
7710,a4fcf377-dbb3-4107-b0bc-45580b21a526,BONPREU Llonganissa extra de pagès Bonpreu en talls de 150 grams,2.92,19.49,2026-06-30 11:21:25
7711,fec5ed60-35a0-49fe-a13c-1ff5fc539efd,BONPREU Pernil cuit extra Bonpreu en talls de 200 grams,2.2,10.99,2026-06-30 11:21:25
7712,52fdf16b-3d42-429b-a205-249f65642fb3,FERRARINI Guanciale a cintes,2.49,2.99,2026-06-30 11:21:25
7713,c5cc11a9-82e2-455c-a63c-1fc4d900d0b3,LEGADO Espatlla d'enceball ibèrica en maletí,49.95,54.99,2026-06-30 11:21:25
7714,612e6516-16e5-4629-ad2c-b53a05b65146,ALEJANDRO Xoriço Alejando en talls de 100 grams,2.6,25.95,2026-06-30 11:21:26
7715,f8a008a4-f928-41b3-99c5-f8558b8e1736,CAMPOFRIO Pernil cuit extra Campofrio en talls de 200 grams,3.0,14.99,2026-06-30 11:21:26
7716,78a3bb0f-1b43-42c2-a7e9-1257f2396d03,CASA CRUELLS Botifarra negra Casa Cruells en peça de 350 grams,5.2,14.85,2026-06-30 11:21:26
7717,208d0bb0-2359-4cdc-9708-5957eea6b0cc,SALGOT Somaia Salgot en peça de 200 grams,6.0,29.99,2026-06-30 11:21:26
7718,5f1e8cc9-82d0-4b1c-ace7-583fb71ea7a5,BONPREU Pernil cuit extra 50%Duroc pètals,4.95,2.45,2026-06-30 11:21:27
7719,a3023fd7-7107-40dc-bf43-ff0614f3f532,BONPREU Botifarra catalana extra Bonpreu en talls de 150 grams,11.95,1.79,2026-06-30 11:21:31
7720,9e60dc96-27f7-4d18-a871-540acac2cf06,CARLIT Baiona de la Cerdanya Carlit en talls de 100 grams,19.99,2.0,2026-06-30 11:21:31
7721,7999fee0-ee95-4f0d-84ce-06753673fa1a,CASA FÍGOLS Llonganissa Casa Fígols en talls de 150 grams,29.85,4.48,2026-06-30 11:21:31
7722,a69671af-48e3-41ae-a8ad-0af5138a0a38,REVILLA Xoriço tradició extra Revilla en talls de 100 grams,16.99,1.7,2026-06-30 11:21:31
7723,ef8ac54f-f09f-4cb1-b2c5-bd0a434cbf4b,CAMPOFRIO Salami gegant Campofrío en talls de 150 grams,15.99,2.4,2026-06-30 11:21:32
7724,700585f0-e411-4d8c-b7c7-d2a32bc59a4f,LA SELVA Xop de porc a la llauna La Selva en talls de 150 grams,11.49,1.72,2026-06-30 11:21:32
7725,a7729923-5b6e-404c-9af1-7bfd8cc8e7a2,SALGOT Llardons Salgot en paperina de 150 grams,29.85,4.48,2026-06-30 11:21:32
7726,1f892d21-a1d9-477a-bece-9cf86a68b94b,BONPREU Formatge de cabra rotlle al tall en tros,3.2,15.99,2026-06-30 11:21:35
7727,ef946e3c-29a7-440b-b189-a9b60543977c,EL PASTOR Formatge de cabra semicurat Delícies al tall en porció,7.92,26.39,2026-06-30 11:21:35
7728,4b375b00-5394-47f4-952b-2a3d1b69c3f7,EL PASTOR Formatge de vaca i ovella semicurat al tall en porció,3.08,11.19,2026-06-30 11:21:35
7729,f33d8ab9-f954-4aa6-9019-748461f06afb,EL VENTERO Formatge tendre al tall llescat,3.6,17.99,2026-06-30 11:21:35
7730,b0f52821-9d75-46c4-9e87-66d81b088a96,ENTREMONT Formatge Brie al tall en porció,3.0,14.99,2026-06-30 11:21:35
7731,ff97eab3-6371-4636-90c9-82632350939c,OLD AMSTERDAM Formatge de vaca al tall en porció,3.28,21.89,2026-06-30 11:21:35
7732,7339dc97-afe5-4712-a98d-f220a4383c33,PAZO QUEIXO Formatge tetilla DOP al tall,4.08,13.59,2026-06-30 11:21:35
7733,1f5c0512-e301-4962-8f57-c419fbd561ef,POK Formatge d'ovella anyenc al tall en porció,6.73,26.9,2026-06-30 11:21:35
7734,22f09e64-2b25-48d6-be46-cb9a37306c55,PRÉSIDENT Formatge Brie francès al tall,3.4,19.99,2026-06-30 11:21:35
7735,3f74fc8f-3010-4ac7-bbbc-2550210d9415,PRÉSIDENT Formatge especial pizza,4.95,3.29,2026-06-30 11:21:35
7736,6a961533-7052-49e5-be2e-fa3af6ae9ac6,RONKARI Formatge d'ovella DOP al tall en porció,4.2,27.99,2026-06-30 11:21:35
7737,684b4665-0683-4924-bfe3-79d3e64fa106,SOMBRERO DE COPA Formatge maasdam al tall en porció,5.36,13.39,2026-06-30 11:21:35
7738,33eaac3f-d93f-48dc-87cd-682dce61c91c,EMMI ROSETTES Formatge Tete de Moine,5.29,5.99,2026-06-30 11:21:38
7739,bf59d09f-07c3-4833-b558-ccba6667f3d7,CADÍ Formatge crema al tall llescat,11.99,2.4,2026-06-30 11:21:39
7740,583f25ad-678d-474e-bced-a3d004bb77ee,MONTBRÚ Formatge sarró de cabra Km0 al tall en porció,29.95,7.49,2026-06-30 11:21:39
7741,cb3f4c34-7d82-4b49-bc1d-5f60ba688622,SWITZERLAND Formatge Emmentaler,4.75,5.19,2026-06-30 11:21:39
7742,6b80d6af-9660-464b-af59-1ef794c6382c,BONPREU Formatge anyenc d'ovella al tall en porció,16.95,4.24,2026-06-30 11:21:40
7743,d03e244f-d209-48ba-8a04-2375903d6653,BONPREU Formatge curat al tall en porció,12.69,3.81,2026-06-30 11:21:40
7744,ca205379-5e13-4f07-8dde-b3d8a63a5ec8,BONPREU Formatge de cabra al tall en porció,16.99,3.4,2026-06-30 11:21:40
7745,a0f85777-5094-4f7f-99da-198bbacd186f,CADÍ Formatge madurat light al tall llescat,12.49,1.87,2026-06-30 11:21:40
7746,4edd88b5-8005-4aa9-a780-66f828000e46,MAS ROVIRA Formatge de cabra Rústic Km0 al tall en porció,27.79,4.17,2026-06-30 11:21:40
7747,44499347-3a6d-4eda-b348-dccc95df6aaa,MONTBRÚ Formatge tendre de cabra Lleugeret Km0 al tall porció,28.79,4.32,2026-06-30 11:21:40
7748,876ae29e-3944-4ea0-8451-381555c5b2cc,SWITZERLAND Formatge tête de moine AOP Suís al tall en flors,33.75,5.1,2026-06-30 11:21:40
7749,3528fb4f-006d-4fe9-8767-5b378e42ea33,BETARA Formatge d'ovella ecològic Km0 al tall en porció,28.49,5.13,2026-06-30 11:21:41
7750,67909f62-d124-4577-9ce1-311825ee5cb8,BETARA Formatge semicurat de cabra farcell Km0 al tall en porció,26.05,7.82,2026-06-30 11:21:41
7751,ea47f024-7420-4d79-a242-737a2f1f31db,BOFFARD Formatge vell d'ovella reserva al tall en porció,26.29,6.57,2026-06-30 11:21:41
7752,b27cfde7-7f27-4c1f-989d-a2998b597194,CANTOREL Formatge Camembert gegant al tall,14.99,3.75,2026-06-30 11:21:41
7753,55926cd7-397c-499e-9723-584f28913a3d,CHAMOIS D'OR Formatge Brie al tall,27.85,4.18,2026-06-30 11:21:41
7754,39d23b43-deb1-4344-aca8-fbceb36536f1,EL PASTOR Formatge d'ovella amb tòfona al tall en porció,28.75,5.75,2026-06-30 11:21:41
7755,af6bb577-a1f4-4eb6-bbcc-fc8f03f7cbe6,EMMI Formatge gruyère Kaltbach AOP,33.95,6.79,2026-06-30 11:21:41
7756,bd52c8e1-d3ae-49e0-8832-d1ef4c4b03d4,EMMI Formatge gruyère suís AOP al tall,29.59,6.0,2026-06-30 11:21:41
7757,5ba5ad48-6bd0-42f5-9e97-8d53300a2358,ERMITA SAN LORENZO Formatge de cabra i vaca al tall llescat,19.95,2.99,2026-06-30 11:21:41
7758,c386a82a-fab5-4bc4-81e8-ab97b94d3376,GARCIA BAQUERO Formatge de barreja semicurat amb tòfona al tall en porció,21.9,4.38,2026-06-30 11:21:41
7759,82e45c6a-1523-4190-bbd2-3763708dc242,LA CLEDA Formatge d'ovella semicurat Km0 al tall en porció,29.99,9.9,2026-06-30 11:21:41
7760,3e0c1932-76ba-4c26-aab7-e2c7994ab74f,MANTEQUERÍAS ARIAS Formatge blau Sant Agur al tall en porció,29.89,4.48,2026-06-30 11:21:41
7761,326d9165-4cdb-4e2d-a0b0-a34121f42d18,MONTBRÚ Formatge de cabra novell Km0 al tall,26.79,5.36,2026-06-30 11:21:41
7762,03e1639e-a7ce-4677-9482-fcfb88ce3212,MUNTANYOLA Formatge ecològic curat amb cervesa Km0 al tall en porció,21.95,3.29,2026-06-30 11:21:41
7763,336c1f02-ee1c-4853-a8c6-5cc7b4686125,SOCIÉTÉ Formatge rocafort DOP al tall,34.25,5.14,2026-06-30 11:21:41
7764,cb6f633d-8383-40c0-b9ce-257da3f62823,TROS DE SORT Formatge Roi curat Km0,25.95,5.61,2026-06-30 11:21:41
7765,a8a5874b-0f66-44ce-8dd0-62b99d82e875,TROS DE SORT Formatge de vaca Kuadrat Km0 al tall,20.9,4.52,2026-06-30 11:21:41
7766,c7fae4fe-b808-4d38-856b-d1c5d233a177,UBACH Formatge curat de cabra 349 Km0 al tall en porció,29.49,6.64,2026-06-30 11:21:41
7767,f47ff6c0-0389-42d2-bf4b-2c5aad136f3b,UBACH Formatge curat de vaca Pastura Km0 al tall en porció,17.95,4.31,2026-06-30 11:21:41
7768,834cd65e-7390-471d-b8ff-fb46301676bb,UBACH Mató Km0 al tall,7.65,1.53,2026-06-30 11:21:41
7769,9be78bad-f6ce-4cf2-9381-65cfe7c8fa2f,BETARA Formatge d'ovella super or Km0 al tall en porció,26.49,4.77,2026-06-30 11:21:42
7770,091d5bbe-5e98-48fe-9639-c9a3325826a9,CAN PONSA Mató Km0,10.25,2.05,2026-06-30 11:21:42
7771,33b6da63-18e3-436a-8beb-4eee7c5aec16,COSTA NEGRA Formatge semi curat Km0,9.59,10.39,2026-06-30 11:21:42
7772,4d446287-5a25-4348-838a-db2c2ae19a4f,COSTA ROIA Formatge semi curat Km0,9.59,10.39,2026-06-30 11:21:42
7773,4e720fb2-dc3e-4cec-a307-e4f1585d53f0,EL TORRAT Formatge madurat de vaca i cabra ecològic al tall en porció,21.99,5.5,2026-06-30 11:21:42
7774,bc3f5232-8253-49ce-b590-f6bfe0cb0e68,EMMI Formatge Appenzeller de vaca curat al tall en porció,29.95,6.22,2026-06-30 11:21:42
7775,fe51f3a5-4c3b-4cd4-bcfc-22a6185833df,ISIGNY STE. MERE Formatge Mimolette al tall en porció,32.99,6.6,2026-06-30 11:21:42
7776,f5fc6aeb-9fcf-4b71-8ad1-d089320ed70c,LA CABRA FELIZ Formatge de cabra i vaca light al tall porció,20.49,6.15,2026-06-30 11:21:42
7777,5e05b356-800e-4095-9b04-aaf1f75901ac,MASGRAU Pastís de formatge Km0 al tall en porció,15.95,3.99,2026-06-30 11:21:42
7778,fa1447af-445d-4862-acb3-0e3157632b73,MONTBRU Formatge curat de cabra Km0 al tall en porció,33.95,8.49,2026-06-30 11:21:42
7779,756fba62-8c4a-4ae5-ac63-cc9b41270938,MONTBRÚ Formatge fresc de cabra Km0 al tall en porció,17.99,2.7,2026-06-30 11:21:42
7780,40ac1ef8-817c-4c98-9777-358491ce1fd5,MUNTANYOLA Formatge vell reserva de cabra Km0 Muntanyola en peça variab,36.36,5.45,2026-06-30 11:21:42
7781,56b5e6a4-73bc-4b4b-8512-e790d7591b27,SERRA DEL TORMO Formatge d'ovella Km0 al tall en porció,25.49,8.92,2026-06-30 11:21:42
7782,5f223234-d492-4c78-bd3d-616a33c840ee,SERRA DEL TORMO Formatge semi d'ovella Km0 al tall en porció,21.99,7.7,2026-06-30 11:21:42
7783,d96943a9-9446-4876-bbb4-53b08112f25a,ST. GIL Formatge de cabra Garrotxa Km0 al tall en porció,26.45,5.29,2026-06-30 11:21:42
7784,f20788f8-a4d1-47bb-b1b6-ae772eee2991,EMMI Formatge Emmental suís al tall en porció,23.49,4.8,2026-06-30 11:21:43
7785,8625fce4-9c03-4b8e-95c0-bacdd5bb0fc6,LOS MELESES Formatge Los Meleses Km0 al tall,28.55,9.99,2026-06-30 11:21:43
7786,f13a3178-0a4d-459b-8c39-53a27024fc41,MUNTANYOLA Formatge de cabra Garrotxa  Km0 al tall en porció,26.95,8.09,2026-06-30 11:21:43
7787,ed9bd687-ed7b-48e9-a5f8-4adb57fdd490,RIO VERO Formatge de cabra Rio Vero Km0 al tall,32.7,11.45,2026-06-30 11:21:43
7788,9a613a9e-f34f-4ae0-bc81-0051a5355a45,SAN PELEGRÍN Formatge de cabra Km0 al tall,30.7,10.75,2026-06-30 11:21:43
7789,2ac9095e-a052-4b67-826e-62f5630894ed,SERRAT DEL TRIADOR Formatge curat Km0,25.95,16.83,2026-06-30 11:21:43
7790,817caf35-0854-4afa-8b4a-c3367c505972,SIERRA DE SEVIL Formatge Sierra de Sevil Km0 al tall,28.55,9.99,2026-06-30 11:21:43
7791,90d38a62-22fa-4de9-9573-5357c14e6361,TROS DE SORT Formatge Triador Km0,9.29,10.05,2026-06-30 11:21:43
7792,0ede56cb-8cfc-4b5d-a806-f2d297468ca8,TROS DE SORT Formatge de Tupí Km0,9.19,9.95,2026-06-30 11:21:43
7793,eb666f17-de18-4888-ab98-235568f1757f,TROS DE SORT Formatge de Tupí Km0,5.75,6.19,2026-06-30 11:21:43
7794,3346bc5d-e07b-44e0-a919-8acbc66551b0,BONPREU Bistec de vedella arrebossat,4.6,22.99,2026-06-30 11:21:44
7795,91bc9cb9-ea5b-4af6-8cad-7ebf8f816dc2,BONPREU Broqueta de pollastre adobada groga,4.75,5.49,2026-06-30 11:21:44
7796,a0f86bad-525c-438b-a32f-1ff1715c3737,BONPREU Burger meat de vedella,6.35,6.49,2026-06-30 11:21:44
7797,3151546e-5188-43c9-82ec-ecd931fe6c1a,BONPREU Cabrit,17.5,34.99,2026-06-30 11:21:44
7798,8d175267-4b46-4472-b926-13f8ce4f19cd,BONPREU Cansalada de porc fresca,3.13,8.95,2026-06-30 11:21:44
7799,37482fde-fe21-49d9-87d8-4a23774cf92f,BONPREU Carn magra del coll,3.98,8.85,2026-06-30 11:21:44
7800,55b84ef6-db37-4ef0-8a98-a2f740c11b68,BONPREU DE L'ERA Cuixes de pollastre,2.3,8.35,2026-06-30 11:21:44
7801,bbea2459-94dc-4768-b354-3a80b7bc6a85,BONPREU DE L'ERA Preparat de carn picada de porc i vedella,7.75,7.99,2026-06-30 11:21:44
7802,90ba02c5-2298-465c-a9c0-c1292d0c1d57,BONPREU Magret d'ànec,10.12,26.99,2026-06-30 11:21:44
7803,a0581813-38c7-4773-acc5-2db180f34de2,BONPREU Llom tallat extra fi,10.25,3.08,2026-06-30 11:21:46
7804,74feb3a1-baee-4ca0-a704-9a33c37c36f4,BONPREU Llom de porc extra fi,9.85,4.93,2026-06-30 11:21:47
7805,b7511c17-dde0-4f80-8093-c56b1dfb998d,BONPREU Galta de porc tallada amb os,11.69,7.6,2026-06-30 11:21:48
7806,9bbf9c01-133e-4c6b-9be4-07135150d611,BONPREU Llom de conill,15.99,5.36,2026-06-30 11:21:48
7807,9f17f3fe-e330-4515-8196-9b45e9f7e4da,BONPREU DE L'ERA Medalló de Vedella ecològic,25.49,7.65,2026-06-30 11:21:49
7808,470eced4-44e4-4be9-af46-37f61fcba0f1,FROYA Salmó Back Loin premium en envàs de 180 grams,11.99,10.99,2026-06-30 11:21:53
7809,a4e6afe0-2b32-4e8c-9cb9-944b803bfd3c,LA GULA DEL NORTE® Succedani d´angula a l'all,3.99,14.95,2026-06-30 11:21:53
7810,91cb12f4-2c86-44c6-a946-51e894d76370,LA GULA DEL NORTE® Succedani d´angula amb gambes,3.99,14.95,2026-06-30 11:21:53
7811,1bcedd12-45be-4106-99d0-6f8265ad2dc0,Preparat de paella,9.99,9.69,2026-06-30 11:21:53
7812,8dce3c95-e05b-49ed-9883-5719a3efabfa,ROYAL Salmó fumat,5.49,14.95,2026-06-30 11:21:53
7813,d2feb177-66ee-46ef-98c3-54705c78be0c,Supremes de Salmó,6.25,24.99,2026-06-30 11:21:53
7814,40d6b7b9-41f8-474d-83bb-1af84cb0a4cd,Supremes de Salmó vermell salvatge.,8.39,7.99,2026-06-30 11:21:53
7815,38bdcace-6223-45dd-841a-e62ce2ffb5e8,Filet de Gallineta,1.87,14.99,2026-06-30 11:21:54
7816,ea8dee23-bf97-47dd-8102-3045e4ecc15d,LA GULA DEL NORTE® Succedani d´angula amb bolets,3.99,14.95,2026-06-30 11:21:54
7817,2a902762-dbed-4a39-9ca4-98eac77f75e9,Llagostí Vannamei cuit,3.25,12.99,2026-06-30 11:21:54
7818,aa34d52e-c2d3-475a-844e-896dfd310ea8,Sípia neta,7.65,16.99,2026-06-30 11:21:54
7819,43a45fe5-027b-45ac-ab9c-2577dd1f9918,Calamar del cap,16.99,7.65,2026-06-30 11:21:55
7820,aa84214a-46ad-43f5-8f2f-730959eb233e,Gamba Llagostinera gran,17.99,4.5,2026-06-30 11:21:55
7821,1321a1f7-1ce9-4e8e-a9a1-e7201f858a6f,Filet de perca del Nil,7.2,6.84,2026-06-30 11:21:56
7822,cd1dbe3a-c8d0-4045-b08c-e0dbf257c5ec,Salmó superior sencer,32.48,29.98,2026-06-30 11:21:56
7823,4fd434f0-ba79-4a05-8caa-a68824351620,IGGY'S Pa de pita,2.65,2.75,2026-06-30 11:21:57
7824,45ae826e-d925-44b2-9235-9f23543580cb,MAS ROVIRA Formatge de cabra Garrotxa Km0 al tall en porció,26.49,5.3,2026-06-30 11:22:02
7825,2ecf44a3-9c34-4ff0-bb36-65b80a7d6f9f,BRUNAT Formatge de vaca Bruna dels Pirineus Km0 al tall en porció,25.45,5.09,2026-06-30 11:22:04
7826,cff0ce04-d9c7-408d-ac4c-2b4bf3adcc77,TERRA I TAST Croquetes de carn,2.99,8.59,2026-06-30 11:22:05
7827,7d1092d9-2e8a-466f-8ba7-d75915133dc1,TERRA I TAST Croquetes de pernil i espatlla d'enceball ibèric,2.99,8.59,2026-06-30 11:22:05
7828,36756dd1-64ec-400d-abfe-e223e999eb7b,TERRA I TAST Croquetes de pollastre,2.99,8.59,2026-06-30 11:22:05
7829,5d263b86-6d42-4f51-913f-c71d582345a0,TERRA I TAST Fideuà,4.99,8.59,2026-06-30 11:22:05
7830,68fc1334-317c-4c7a-9585-e6ce4fc7cdfc,TERRA I TAST Croquetes d'espinacs i formatge,2.99,8.59,2026-06-30 11:22:06
7831,9dc1506b-39ce-409e-b182-884a8a9ff344,NOEL Pollastre estil rostidor,12.95,8.95,2026-06-30 11:22:07
7832,c7ba76f1-3099-4902-87fd-d5111b405afa,TERRA I TAST Fideuà,12.95,8.49,2026-06-30 11:22:07
7833,73b59915-d07c-4ab2-a32b-debb90a0b0a6,TERRA I TAST Salmorejo,3.15,2.99,2026-06-30 11:22:08
7834,c555399c-79e5-492c-b692-4a0764a7ad63,TERRALL Oli oliva verge extra arbequina,18.95,16.95,2026-06-30 11:22:14
7835,cbba734b-2045-4d9a-98cd-84eb327016b7,BONPREU Patates fregides gurmet,1.35,5.94,2026-06-30 11:22:20
7836,efb14d36-51d3-49fa-93a4-6d752b26cf04,DORITOS Snacks de blat de moro amb gust de formatge Tex-Mex,11.95,2.99,2026-06-30 11:22:20
7837,a32067fe-5553-4d40-8e7b-8f981af394e5,FRIT RAVICH Còctel fruita seca Top 5,2.75,2.65,2026-06-30 11:22:20
7838,6071c021-0157-4ace-9f38-8df06708f9fe,FRIT RAVICH Patates fregides casolanes,12.75,6.99,2026-06-30 11:22:20
7839,486572bc-84ff-4a16-bfbd-61ca7b2c3b25,TUC Aperitiu Tuc Original,1.35,6.99,2026-06-30 11:22:20
7840,cb917bfd-f61a-4733-a1c6-2e70d4aa2098,FRIT RAVICH Còctel sense closca,11.95,2.89,2026-06-30 11:22:21
7841,b0f8846a-8ed5-4d9e-ab91-ac6666d2d9cc,SMILEAT Snack amb maduixa i plàtan ecològic,1.19,1.45,2026-06-30 11:22:22
7842,426089e1-b3bb-4815-a6c3-d257292c412b,SMILEAT Snack amb poma i platàn ecològic,1.19,1.45,2026-06-30 11:22:23
7843,ed78f027-9380-466b-9eae-5c97d15025ff,SMILEAT Snack de blat de moro ecològic,1.65,1.99,2026-06-30 11:22:24
7844,84be62da-3f48-4b21-85eb-90bf92464978,NOVELL Cafè en gra natural Intens ecològic,5.55,5.32,2026-06-30 11:22:29
7845,d36e905e-a4d4-4986-b898-4f4324398415,BONKA Cafè en gra natural,10.29,10.45,2026-06-30 11:22:30
7846,37d1d3f0-ac92-4655-8c00-7e11534d55c2,NOVELL Cafè en gra natural,3.99,4.1,2026-06-30 11:22:30
7847,00d043ed-7da5-452d-9c8c-c01f02f2220b,BONPREU Cookies amb trossos de xocolata,1.79,0.8,2026-06-30 11:22:37
7848,ed2174f7-6193-45e1-9f59-e4f590af81db,OREO Galetes de cacau farcides de crema,1.6,1.7,2026-06-30 11:22:37
7849,fa987e83-0926-4bef-a26c-da1b15b639b5,FONTANEDA Galetes integrals MarieLu,3.75,3.9,2026-06-30 11:22:38
7850,4ec8c8aa-2193-44e0-bfc1-5d7b01ed3703,ABUELOBREAD Bastonets de pa integral sense gluten,1.39,1.33,2026-06-30 11:22:52
7851,da3b5dbc-27ee-40f2-bc43-cc4f9ace5200,BIMBO Bagels Clàssic,2.69,2.49,2026-06-30 11:22:52
7852,9c5f8eff-e96d-4b69-86bc-d885360d0189,BIMBO Bagels Llavors,2.79,2.59,2026-06-30 11:22:52
7853,de6069e0-3403-4bb4-a48d-19066a6a5d90,DONUTS Berlines glacé,2.99,2.89,2026-06-30 11:22:52
7854,8dc90267-ce0a-4088-98a0-af972d5f667e,BICENTURY Torrades de proteïna amb llenties i arròs,2.75,2.65,2026-06-30 11:22:53
7855,22cee6a7-9472-4cad-94ea-0cb252770f76,MUSFI'S Coca de brioix amb crema,9.99,8.99,2026-06-30 11:22:54
7856,cf30343c-ce0b-4ad5-85e9-dccbf6e7adc4,MUSFI'S Coca de brioix amb fruita,9.99,8.99,2026-06-30 11:22:56
7857,8b685932-7ed5-4684-bf06-469a145e9b3d,MUSFI'S Coca de brioix amb xocolata,9.99,8.99,2026-06-30 11:22:58
7858,432608cf-cd36-4fbc-a0cd-15c41b535141,MUSFI'S Coca de full amb cabell d'àngel,9.99,7.95,2026-06-30 11:22:59
7859,833036bd-1723-4f03-bc94-ac6761d02c42,MUSFI'S Coca de full amb llardons,9.99,8.99,2026-06-30 11:22:59
7860,0b572c4b-7a49-4480-a2c6-b0c830058b7b,MUSFI'S Coca reixada de full amb cacau i ametlla,9.99,7.95,2026-06-30 11:22:59
7861,27778a6a-329f-4255-a72a-5d24ac442892,MUSFI'S Coca de full amb cacau,9.99,7.95,2026-06-30 11:23:00
7862,959ab490-0a63-4fc9-a6ae-20e72c64290c,MUSFI'S Coca de vidre amb crema de cacau  i avellana,9.99,7.95,2026-06-30 11:23:00
7863,9ec9c6ae-e15c-4519-afca-81bda28c7dcc,MUSFI'S Coca reixada de full amb crema de cacau,9.99,7.95,2026-06-30 11:23:00
7864,5f24237a-de14-4209-b98f-13e22e9c06ef,BUITONI Base per a pizza Finíssima Maxi rectangular,4.95,2.89,2026-06-30 11:23:01
7865,2b9b5b51-735e-4d7d-b890-16faf2461188,GAROFALO Mezzelune farcit de bolets i tòfona,3.25,2.99,2026-06-30 11:23:01
7866,a8c3054a-521d-424d-beb9-08a8d957702b,GAROFALO Mezzelune farcit de pernil i parmesà,3.25,2.99,2026-06-30 11:23:01
7867,9cae454c-823e-4a01-afa0-e37aeb4a4589,GAROFALO Mezzelune farcit de vedella i merlot,3.25,2.99,2026-06-30 11:23:01
7868,e93363f3-a66a-4be5-9244-a50a26528ac4,GAROFALO Ravioli farcit de carbassa,3.25,2.99,2026-06-30 11:23:01
7869,afe3ef14-b627-4e9b-8da0-00bb3bd2e672,NOMEN Arròs rodó,1.89,6.99,2026-06-30 11:23:01
7870,8e71d229-db11-4148-ba9a-cc09b292d503,BONPREU Espaguetis,7.75,0.79,2026-06-30 11:23:02
7871,441e95fc-3148-4e19-8f0d-619fda64b8bb,SERPIS Olives farcides d'anxova,2.59,6.99,2026-06-30 11:23:09
7872,bebbbb3b-ce97-43c2-9760-f3e61e671708,SERPIS Olives farcides d'anxova,12.75,2.15,2026-06-30 11:23:09
7873,0a35a1cd-1343-4511-bd8c-750f3d99f81e,BAYMAR Escopinyes al natural 55/65,12.75,5.25,2026-06-30 11:23:10
7874,f9846f4d-b131-44e8-bc24-13a7c91bbf70,BONPREU Tomàquet triturat extra,7.75,0.99,2026-06-30 11:23:10
7875,b22a3ead-ab72-4d3e-a510-f8c0748247e5,SERRATS Bonítol amb oli d'oliva,6.25,6.45,2026-06-30 11:23:10
7876,046553b3-efbd-4345-9aa6-623b174927bb,GALLINA BLANCA Brou per fideuada fàcil,3.49,6.99,2026-06-30 11:23:22
7877,e770cd32-4752-4b86-acbb-dc88afb3a00b,GALLINA BLANCA Brou per paella fàcil,3.49,6.99,2026-06-30 11:23:22
7878,e515a187-34de-4903-a1d1-0159e1da7c43,GALLINA BLANCA Fumet de peix de roca i marisc,3.49,6.99,2026-06-30 11:23:22
7879,91b07e67-a9e5-413c-aa4e-f2e85ed293f2,KNORR Brou vegetal en pastilles,1.75,1.4,2026-06-30 11:23:22
7880,48f9c18d-d445-45a6-a2ce-6bc4e25dc41c,BONPREU Quètxup,1.07,7.25,2026-06-30 11:23:25
7881,f00330bb-d517-4702-b410-3d9d4fbb6ebb,CALVE Salsa rosa,1.99,1.69,2026-06-30 11:23:25
7882,112a793b-ed38-4f45-bb11-65d8193d8c54,CALVE Salsa tàrtara,2.25,1.69,2026-06-30 11:23:26
7883,59181bff-8e90-4305-85b0-a7850ec0767e,CALVÉ Salsa fina,2.25,1.75,2026-06-30 11:23:26
7884,5a9cc1f5-281e-4f4c-8478-011eb0e639b7,CHOVI Allioli en morter,7.99,0.85,2026-06-30 11:23:27
7885,a5c1e0f0-70b3-4071-ba9e-ddf0d2d9598c,OLD EL PASO Nachips originals,3.15,1.99,2026-06-30 11:23:30
7886,8d67c7be-d4ec-4004-8908-7f6b89e679fa,COCA-COLA Refresc de cola Zero sucre en lot  de 12 llaunes,12.75,11.16,2026-06-30 11:23:45
7887,557c7a37-3982-4ee9-9689-c97bb0d8a722,COCA-COLA Refresc de cola sabor original mini en llauna,7.3,6.99,2026-06-30 11:23:45
7888,533f2bdb-db28-4870-a5e8-ac5684936522,FLAX Te Kombutxa Blue Mojito Km0,2.55,2.53,2026-06-30 11:23:45
7889,22dca381-2a4a-4c01-811c-4c9a593fcb08,FLAX Te kombutxa Dragon Lemonade Km0 en ampolla,2.55,2.53,2026-06-30 11:23:45
7890,a705b475-b87f-4e1b-97ef-0295fa2f2d45,FLAX Te kombutxa Lemon Fantasy Km0 en ampolla,2.55,2.53,2026-06-30 11:23:45
7891,9125df2d-d0fd-4fbf-add5-1a84144e5084,FLAX Te kombutxa Orange Fantasy Km0 en ampolla,2.55,2.53,2026-06-30 11:23:45
7892,3d8f3782-9113-454b-bc33-5328e9bb2b79,COCA-COLA Refresc de cola sabor original en llauna,12.75,11.88,2026-06-30 11:23:46
7893,e32fcfe9-6114-43a4-a66c-0c98247c5d9d,COCA-COLA Refresc de cola mini en ampolla de vidre,19.89,4.76,2026-06-30 11:23:47
7894,75c2ef4e-c7cf-4652-99f4-52dc613e3614,VITAE Te Kombutxa de llimona i gingebre Km0,4.89,4.93,2026-06-30 11:23:47
7895,0e2e6fa3-40e7-43fc-a551-10ec10b5a5c7,FEVER TREE Refresc tònica,23.49,1.65,2026-06-30 11:23:48
7896,37b10bf4-ee35-42a8-a0fc-a1613ed045c9,VITAE Te kombutxa de fruits del bosc amb açaí Km0 en ampolla,4.89,4.93,2026-06-30 11:23:48
7897,d3449a1c-32d2-44eb-8207-410f0aef5084,BIFRUTAS Beguda de llet i fruites Tropical en cartró,2.59,2.52,2026-06-30 11:23:50
7898,25787fbf-0c4b-4efc-99ac-4d2a8db1728b,"TANQUERAY Beguda amb gust a ginebra alcohol 0,0%",16.49,13.95,2026-06-30 11:23:50
7899,a213279d-2cdb-4a58-973d-a47f1edcda4a,DON SIMON Suc espremut de pinya en cartró,3.19,2.99,2026-06-30 11:23:52
7900,12988a2a-39ea-4378-94b3-c88128d0e5e0,DAMM LEMON Cervesa amb llimona,11.95,0.82,2026-06-30 11:23:54
7901,40494bd2-700c-4715-844d-6abd8336a26e,EL AGUILA Cervesa sense filtrar en ampolla,0.89,5.94,2026-06-30 11:23:54
7902,400490a7-0f78-4d9f-bc9e-1d3f9342e905,ESTRELLA DAMM Cervesa especial 12 x 33 cl en llauna,11.95,10.32,2026-06-30 11:23:54
7903,52003a24-379a-4260-aeef-fd3d7498579f,ESTRELLA GALICIA Cervesa especial 6 x 20 cl en ampolla,3.84,9.99,2026-06-30 11:23:54
7904,81c8f099-109a-43c6-8c54-a216d26e2a45,MORITZ Cervesa en llauna,0.94,0.93,2026-06-30 11:23:54
7905,3d41d61f-891b-43b4-b4a0-0ee014e18296,MORITZ EPIDOR Cervesa Torrada Extra en llauna,0.94,0.99,2026-06-30 11:23:54
7906,6e4f1d9b-f4e6-4df0-9ed2-33cf1931e848,XIBECA Cervesa suau 12 x 33 cl en llauna,8.11,8.0,2026-06-30 11:23:54
7907,421abcf7-7183-493f-b08e-37ebc3f8d4e4,DESPERADOS Cervesa mojito amb llima en ampolla,1.33,1.36,2026-06-30 11:23:56
7908,42622593-4e80-4f64-a54a-a6a15b9ca205,DESPERADOS Cervesa mojito en ampolla,1.33,1.36,2026-06-30 11:23:56
7909,fa353d28-d344-4c9b-a50d-ec6b94dabd7c,CERDOS VOLADORES Cervesa sense alcohol IPA en llauna Km0,1.15,1.19,2026-06-30 11:23:57
7910,f1d0a173-a50b-4108-9aa6-09b165e31780,PACIFICO Cervesa internacional Clara en ampolla,1.79,1.82,2026-06-30 11:23:57
7911,a2ee0fe4-4658-4004-bcab-ac03fd5941bc,BLANC PESCADOR Vi blanc d'agulla Km0,23.99,4.35,2026-06-30 11:23:59
7912,bf57acfa-8530-4e5e-b4f2-c758ecc93e27,CALA PESCADOR Vi blanc DO Catalunya Km0,4.95,6.99,2026-06-30 11:23:59
7913,f9b24a57-9728-4449-b795-1721876bb469,RAIMAT ABADIA Vi negre ecològic DO Costers del Segre Km0,8.25,7.95,2026-06-30 11:23:59
7914,acf400e4-3e99-4ad1-92db-10287ba4c788,RAIMAT Vi blanc eco DO Costers del Segre Km0,8.25,7.95,2026-06-30 11:23:59
7915,6db31acd-64f1-4f56-a36a-898d4c4461f2,BACH Vi blanc sec DO Catalunya Extrísima Km0,22.46,29.94,2026-06-30 11:24:00
7916,b6c3c7d4-49a6-438c-bbd2-edc874168b1a,BACH Vi blanc semi dolç DO Catalunya Km0,22.46,29.94,2026-06-30 11:24:00
7917,7c2f1a04-a8f6-44bc-afe7-8812daeb8fe6,BLANC PESCADOR Caixa de vi blanc d'agulla Km0,26.1,23.7,2026-06-30 11:24:00
7918,f8e13bcb-7cab-41c8-9f32-7ce8b4fcc000,DEL PESCADOR Sangria Frizzante,5.95,8.59,2026-06-30 11:24:00
7919,d665f186-1cc9-4c6e-9236-d649dd93e627,FATTORIA EMILIA Caixa de vi rosat Lambrusco,13.74,11.94,2026-06-30 11:24:00
7920,62165af5-da85-4e3f-a7ef-f5d7251476c0,IMUS Caixa vi negre DO Montsant Km0,23.8,35.7,2026-06-30 11:24:00
7921,9c493e52-56d0-48f6-9f35-124b64474d71,LLÀGRIMES DE TARDOR Caixa  Vi negre criança DO T.Alta Km0,53.94,62.1,2026-06-30 11:24:00
7922,9428d714-9482-4196-9a9a-2f98ed43f052,NATUREO Caixa 6u. vi negre sense alcohol,41.94,54.3,2026-06-30 11:24:00
7923,199049ab-8d65-47ea-b521-dbcfe368a5f3,RAIG DE RAÏM Vi negre DO Terra Alta Km0,20.97,31.46,2026-06-30 11:24:00
7924,ceb0a4ae-b751-4d45-996a-4bb7104d815c,RAIMAT ABADIA Caixa de vi negre ecològic  DO Costers del Segre Km0,32.18,35.78,2026-06-30 11:24:00
7925,015fef5c-5866-4a46-ac35-bf924eeb8320,TURBIO Caixa  vi blanc,10.74,11.94,2026-06-30 11:24:00
7926,7d465572-0da3-4dc3-be77-cf2dca42c75f,VIÑA ESMERALDA Caixa vi blanc DO Penedès Km0,47.94,50.94,2026-06-30 11:24:00
7927,750e3eac-43f9-4c1b-9672-feda26a6151b,VIÑA SOL Caixa vi blanc DO Catalunya ecològic Km0,29.94,36.54,2026-06-30 11:24:00
7928,2ac051c6-2e76-46be-8eb5-6011efbe95ad,BACH Caixa de vi blanc DO Catalunya Km0,26.78,35.7,2026-06-30 11:24:01
7929,e26d0c97-2807-4fbe-ad5c-5ac596d63c85,BACH Caixa de vi negre DO Catalunya Km0,22.46,29.94,2026-06-30 11:24:01
7930,ddc261ac-8662-4bf1-928b-9bd575e45548,BACH Caixa de vi rosat DO Catalunya Km0,22.46,29.94,2026-06-30 11:24:01
7931,6deb0c0f-4c9e-4a47-8e6c-7e0df85cc6d1,BLUME Caixa 6u. vi blanc DO Rueda,23.94,33.9,2026-06-30 11:24:01
7932,7d20e1f3-127a-4018-8c13-7b433ada55dd,BUSCA RAONS Caixa vi negre DO Costers del Segre Km0,29.97,59.94,2026-06-30 11:24:01
7933,f442569e-07a3-43e6-94ca-647173d971d6,CASTELL DE RAIMAT Vi blanc eco DO Costers del Segre Km0,32.18,35.78,2026-06-30 11:24:01
7934,9c184013-f7e3-4611-9507-1b1c5c581e4d,COMPTA OVELLES Caixa de vi negre DO Penedès ecològic  Km0,35.94,26.96,2026-06-30 11:24:01
7935,772ed02d-7000-49e5-a495-2f87bf43b35b,CRESTA ROSA Caixa de vi rosat d'agulla Km0,26.94,20.21,2026-06-30 11:24:01
7936,e3a059bb-9249-4282-a911-ad41a7c81e82,CUNE Caixa vi negre DOQ Rioja criança,41.7,43.5,2026-06-30 11:24:01
7937,b85c103c-6765-4194-9c6e-a429cbe7b9f7,EL COTO Caixa 6u. vi blanc DOQ Rioja,26.7,25.14,2026-06-30 11:24:01
7938,67884d54-7ad5-4f15-a623-4fa008077806,GOTIM BRU Caixa de vi negre DO Costers del Segre km0,50.7,57.54,2026-06-30 11:24:01
7939,848e2bdb-a160-4ea7-9589-55b5a7265445,GOTIM Caixa de vi blanc DO Costers del Segre Km0,41.94,45.3,2026-06-30 11:24:01
7940,f03fcb3b-0991-46bc-b415-5693813579e2,GR174 Caixa de vi negre DO Priorat Km0,76.5,89.7,2026-06-30 11:24:01
7941,9d54f4e2-bb8c-46fd-8ca3-369ca3f2bac7,NATUREO Caixa 6u. vi blanc sense alcohol,41.94,54.3,2026-06-30 11:24:01
7942,fcf139ed-5a69-4d42-915c-84334b33dcb3,NOSTRAT Caixa de vi negre DO Penedès ecològic Km0,31.28,41.7,2026-06-30 11:24:01
7943,fe8a640c-a3c2-4fd3-b7fd-ec23d7f615ed,PROTOS Caixa 6u. de vi blanc Verdejo DO Rueda,41.94,47.94,2026-06-30 11:24:01
7944,2634c485-8b46-410c-b5b4-83b78fa733c7,PROTOS Caixa vi negre DO Ribera Duero,53.94,59.7,2026-06-30 11:24:01
7945,a6e24e17-77b1-41de-bcd3-f4a007d0a5c2,SANGRE DE TORO Caixa 6u. vi negre DO Catalunya,23.94,30.3,2026-06-30 11:24:01
7946,b9d1db7d-9927-4748-bc7c-24603fd221c0,SINOLS Caixa de vi negre DO Empordà km0,31.01,41.34,2026-06-30 11:24:01
7947,fdbc5e23-673a-4806-b254-732472acb495,TINES DE ROQUETA Caixa de vi blanc DO Catalunya Km0,26.96,35.94,2026-06-30 11:24:01
7948,37390059-711e-4f9d-abca-083f42e49074,TINES DE ROQUETA Caixa de vi blanc Garnatxa Blanca DO Catalunya Km0,26.96,35.94,2026-06-30 11:24:01
7949,e9780f65-a4c2-43fd-8d58-437706e713db,ALADELTA Caixa vi negre vi lliure,26.78,35.7,2026-06-30 11:24:02
7950,62d42db8-3676-495b-96a6-120542cff667,CAMPO VIEJO Caixa vi negre criança DO Rioja,26.33,35.1,2026-06-30 11:24:02
7951,2f803a6a-df3f-4420-8302-5fa5b1e2dfb8,CAP DE RUC Caixa de vi negre DO Catalunya Km0,51.3,41.7,2026-06-30 11:24:02
7952,0bb41171-0204-401d-858c-0c4e73a895f1,CREVETA Caixa de vi blanc DO Terra Alta,20.1,15.08,2026-06-30 11:24:02
7953,32743078-4b0d-4716-9776-09592b75c0e7,CUNE Caixa 6u. vi rosat DO Rioja,24.08,32.1,2026-06-30 11:24:02
7954,92ae9fa6-3b43-4e94-b90d-b5917dbda91e,EL COTO Caixa vi negre DOQ Rioja criança,39.3,37.74,2026-06-30 11:24:02
7955,cfcb8526-cb8c-4933-992e-269e0f744618,ELS NANOS Caixa de vi blanc DO Conca de Barberà ecològic Km0,28.67,44.1,2026-06-30 11:24:02
7956,b5097178-d357-4c68-a44a-e6b27cd03e9c,ENUC Caixa 6u. de vi negre DOQ Priorat,50.94,47.34,2026-06-30 11:24:02
7957,9108003b-46dc-4ee1-9829-381f613852f6,GRAN FEUDO Caixa de vi rosat DO Navarra,29.7,19.31,2026-06-30 11:24:02
7958,05152e11-9cda-476b-b68f-f9fdb60e7f73,HOMENAJE Caixa vi rosat DO Navarra,22.28,29.7,2026-06-30 11:24:02
7959,c0af3b3b-2e00-4a7d-9ccd-e1883e596a0a,INDISPENSABLE Caixa de vi blanc DO Empordà Km0,35.7,41.7,2026-06-30 11:24:02
7960,a0e04a27-32f4-49fc-bdf4-50493041fd59,LOPEZ DE HARO Caixa vi negre DO Rioja,41.94,50.34,2026-06-30 11:24:02
7961,ca822bfd-8308-4022-8f43-c501407e7354,MARTA VIOLET Caixa de vi blanc DO Penedès ecològic,53.7,59.7,2026-06-30 11:24:02
7962,54cdaf96-4cb3-4f8a-81d6-a10f7d1f2157,MATEUS Caixa 6u. vi rosat d'agulla de Portugal,27.54,23.94,2026-06-30 11:24:02
7963,f72989ae-0c5c-4f83-931d-6b0b5024b394,MINVANT Caixa de vi negre DO Terra Alta,38.81,59.7,2026-06-30 11:24:02
7964,ef796dc8-0dca-47e3-8080-38579b5f5a71,NOSTRAT Caixa de vi blanc Do Penedès ecològic Km0,31.28,41.7,2026-06-30 11:24:02
7965,1b17fe92-c649-41b6-afe4-5aab780a3c1a,PERELADA Caixa de vi blanc DO Catalunya Km0,35.7,26.78,2026-06-30 11:24:02
7966,ea470fc9-8eeb-4914-94b9-8d72ccd812b0,PERELADAJARDINS Caixa de vi negre DO Empordà Km0,35.7,26.78,2026-06-30 11:24:02
7967,909912ad-a8db-4a5c-bc7c-bac53c863153,REFORJAT Caixa 6u. vi blanc DO Terra Alta,28.13,37.5,2026-06-30 11:24:02
7968,b14c2fee-3703-4331-b7e2-a5044935c06f,SINOLS Caixa de vi negre DO Empordà Km0,24.71,32.94,2026-06-30 11:24:02
7969,314322b9-fd30-42a7-9506-5b7c53c0992c,SINOLS Caixa de vi rosat DO Empordà km0,24.71,32.94,2026-06-30 11:24:02
7970,37d34417-2c40-4d1f-9e40-399fe9c85233,VIA TERRA Caixa de vi blanc DO Terra Alta,47.7,31.01,2026-06-30 11:24:02
7971,4e70f704-c494-44f7-9b79-083e9d0eef4a,BUSCA-RAONS Caixa vi negre DO Costers del Segre,32.94,24.71,2026-06-30 11:24:03
7972,2df4b29b-6a9f-4bff-a134-4022896f6424,CURIOSA Caixa de vi rosat ecològic DO Penedès Km0,56.94,42.71,2026-06-30 11:24:03
7973,97285be2-f1c1-4f97-913c-c47da47570b9,DINARELLS Caixa 6u. vi blanc Do Empordà,29.1,21.83,2026-06-30 11:24:03
7974,d70d29ad-6719-4831-8bbc-810cbec086a6,ERMITA D'ESPIELLS Caixa de vi blanc Penedès ecològic Km0,58.74,53.34,2026-06-30 11:24:03
7975,55b6b151-1277-44d6-af52-39c963c414a5,FAUSTINO RIVERA Caixa de vi negre DO Rioja,24.9,18.68,2026-06-30 11:24:03
7976,a33824b6-a2f1-404b-ab23-e3a07a97f288,FINCA CAL JANES Caixa de vi negre DO Penedès Km0 ecològic,31.46,41.94,2026-06-30 11:24:03
7977,e9a1ce7e-8b22-466b-aee9-e5e40b44def2,GR 65-5 Caixa de vi negre DO Montsant km0,47.7,53.7,2026-06-30 11:24:03
7978,33d181d8-715b-486a-b4a5-cad74841b223,NATUREO Caixa 6u. vi rosat sense alcohol,41.94,54.3,2026-06-30 11:24:03
7979,10b9104a-704a-4438-92d3-d6274f53709c,PERELADA Caixa de vi negre DO Empordà 3 Finques Km0,46.74,39.54,2026-06-30 11:24:03
7980,1abbc437-fce5-4801-b73a-65af1ee62e20,PERELADA Caixa de vi negre Reserva DO Empordà 5 Finques Km0,71.7,80.7,2026-06-30 11:24:03
7981,85aaa712-e897-4b33-a0f7-5b5624cdb2ee,SANTES Caixa vi negre DO Montsant Km0,41.94,47.94,2026-06-30 11:24:03
7982,0a0fa0bc-9c63-4e17-bbb4-00cd6d62e6a8,TINES DE ROQUETA Caixa de vi negre Cabernet DO Catalunya Km0,26.96,35.94,2026-06-30 11:24:03
7983,d897a12f-99ce-4d6e-8dcb-88922b4f472d,TINES DE ROQUETA Caixa de vi negre DO Catalunya Km0,26.96,35.94,2026-06-30 11:24:03
7984,af34238b-7118-401b-b051-356ef578ce40,TINES DE ROQUETA Caixa de vi negre Tempranillo DO Catalunya Km0,26.96,35.94,2026-06-30 11:24:03
7985,e23925e3-6efa-4d1f-9959-8e56034383bf,BOVER Caixa 12u. de vi negre DO Catalunya Km0,32.28,35.88,2026-06-30 11:24:04
7986,3e9c1ed1-ad32-4503-bb81-8bbce5aacb4d,CALA PESCADOR Caixa 6u. vi blanc DO Catalunya,22.28,29.7,2026-06-30 11:24:04
7987,f97f2bb1-4d1e-443d-94d6-87d6c271a8da,CAP DE COLLA Caixa de vi negre DO Conca de Barberà ecològic,47.7,31.01,2026-06-30 11:24:04
7988,c66bc1fe-d429-4905-8479-8bec4fdc7d7a,CHIVITE Caixa 6u. vi rosat Chivite,69.9,81.9,2026-06-30 11:24:04
7989,b47cb3f9-a3e7-4e7e-8e34-eb59993e48bf,CIGONYES Caixa de vi blanc DO Empordà Perelada Km0,46.14,52.5,2026-06-30 11:24:04
7990,6cefe56c-3807-4e91-8a10-9afa15d33e3f,COMPTA OVELLES Caixa de vi blanc Do Penedès ecològic Km0,35.94,26.96,2026-06-30 11:24:04
7991,6249844c-a84a-49e1-aded-4397d63f7ffa,COTO DE IMAZ Caixa 6u. vi negre Rioja reserva,52.8,49.14,2026-06-30 11:24:04
7992,1ebd413e-2780-4e38-882c-9f5bb79d2a70,DINARELLS Caixa 6u. vi negre DO Empordà,29.1,21.83,2026-06-30 11:24:04
7993,f571a152-be7c-4588-88d3-38c0b6afd0cc,EDERRA Caixa de vi negre DO Rioja criança,35.78,47.7,2026-06-30 11:24:04
7994,c6056cba-4cd3-4e52-8ac3-83d0965da54e,EL XITXAREL·LO Caixa de vi blanc Do Penedès Km0,38.81,59.7,2026-06-30 11:24:04
7995,78b72774-92ed-4a2e-8f51-7b515113ba78,ELS NANOS Caixa de vi negre DO Conca de Barberà ecològic Km0,28.67,44.1,2026-06-30 11:24:04
7996,6c4d8d79-474a-497f-80cc-e8a58de04353,EMENDIS FLOS Vi blanc DO Penedès ecològic  Km0,47.34,35.51,2026-06-30 11:24:04
7997,5dc60545-755c-491a-b990-b874665dc989,ESPOLLA Caixa 6u. vi dolç Garnatxa D.O. Empordà,32.94,38.94,2026-06-30 11:24:04
7998,9ad53b67-02f5-4fad-9472-83fb1c7b03da,GRAN BUSCA RAONS Caixa de vi blanc ecològic DO Costers del Segre,29.97,59.94,2026-06-30 11:24:04
7999,faae7f86-dad6-4255-973c-fe630ef52c7d,I TANT Caixa de vi negre DO Montsant Km0,47.94,46.14,2026-06-30 11:24:04
8000,42a093bd-69dd-465c-b129-0ef736e9dad7,LA BOSCANA Caixa de vi negre DO Costers del Segre Km0,47.7,41.7,2026-06-30 11:24:04
8001,5a63654a-a0cb-4d50-9668-d74734473293,RAIG DE RAÏM Caixa de vi blanc km0,41.94,31.46,2026-06-30 11:24:04
8002,cd5bdfe8-3cfa-4592-a92d-1f9261221918,VALL SELLADA Caixa 6u. vi negre DO Montsant,25.74,23.34,2026-06-30 11:24:04
8003,3153fa9e-d393-434d-9992-c2ef719869ef,VIA TERRA Caixa de vi negre DO Terra Alta Km0,47.7,31.01,2026-06-30 11:24:04
8004,5da1aa81-0569-4de4-a86f-f9f3d37ec9bc,822 Caixa 6u. vi negre Do Ribera del Duero,64.5,70.5,2026-06-30 11:24:05
8005,5f58e6e5-8917-448f-9e67-02bba7336f61,ABADAL Caixa de vi negre DO Pla de Bages km0,53.94,59.7,2026-06-30 11:24:05
8006,68281d4b-4798-411e-aeac-3aa7b9a06511,ALTOS TAMARÓN Caixa de vi negre reserva DO Ribera del Duero,53.94,59.94,2026-06-30 11:24:05
8007,00ad88c9-fac6-40d1-a908-1b35bed688cd,AUZELLS Caixa de vi blanc DO Costers del Segre ecològic Km0,75.9,71.7,2026-06-30 11:24:05
8008,d8a6bc37-b544-467a-aa6d-6d6944869bdd,BARON DE LEY Caixa vi negre DO Rioja,64.5,53.94,2026-06-30 11:24:05
8009,00fb0470-a755-48ad-85d1-d52eae2edff0,BUSCA RAONS Caixa de vi rosat DO Costers del Segre Km0,32.94,24.71,2026-06-30 11:24:05
8010,f5f7fd75-e982-4293-b3e7-efe52ace339d,BUSCA-RAONS Caixa vi blanc ecològic DO Costers del Segre km0,32.94,24.71,2026-06-30 11:24:05
8011,ea92f6cf-5de6-4c3e-b011-25f45b735514,CAP DE RUC Caixa de vi blanc DO Catalunya Km0,31.28,41.7,2026-06-30 11:24:05
8012,f2b5124a-c6ce-4e05-ae7b-1c21fb05af50,CELESTE ROBLE Caixa de vi negre DO Ribera del Duero,58.74,53.94,2026-06-30 11:24:05
8013,e21de04c-97c5-4b9f-b9f8-dc0a7df1f18c,CIGONYES Caixa de vi negre DO Empordà Km0 Perelada,46.14,52.5,2026-06-30 11:24:05
8014,74878656-6ec3-4e0b-93d6-ef3b964c8b38,CLOS DE LES DÒMINES Caixa de vi blanc DO Empordà Km0,64.5,71.7,2026-06-30 11:24:05
8015,5646972c-0e83-4b96-8a8e-60666672e268,CLOS DE LES DÒMINES Caixa de vi negre DO Empordà Km0,64.5,71.94,2026-06-30 11:24:05
8016,80712600-5997-46bd-81e4-069731044644,CREVETA Caixa de vi negre DO Terra Alta Km0,20.1,15.08,2026-06-30 11:24:05
8017,5de2753a-a314-4793-b216-81f7900838e8,FREIXENET Caixa de vi blanc DO Catalunya,30.56,40.74,2026-06-30 11:24:05
8018,ff6bac24-f03e-48be-bc5d-b6f534d0090c,INDISPENSABLE Caixa de vi negre DO Empordà Km0,35.7,41.7,2026-06-30 11:24:05
8019,651a1c7d-482d-47f1-b0b7-431aa3bd963b,LEGARIS Caixa vi negre DO Ribera del Duero,53.7,40.28,2026-06-30 11:24:05
8020,64781441-5bf3-4078-82c7-3732a2a1697b,MARQUÉS DE CÁCERES Caixa 6u. vi negre reserva DO Rioja,73.5,65.7,2026-06-30 11:24:05
8021,c5e82363-de35-49d3-8da7-0a69d4711f81,MIONETTO Caixa de Vi escumós Brut Prosecco DOC Treviso,53.94,59.94,2026-06-30 11:24:05
8022,00bcb8de-06a3-4b83-94c8-7faf83587355,MIREIA PINORD Caixa 6u. vi blanc DO Penedès ecològic Km0,53.94,59.94,2026-06-30 11:24:05
8023,8309ccf3-6e34-45e5-82c8-ab697a4e3332,PACO & LOLA Caixa de vi blanc albarinyo DO Rias Baixas,71.94,83.7,2026-06-30 11:24:05
8024,7dcb350d-a38a-404f-81a9-406202850f77,RAIMAT ABADIA Vi rosat ecològic DO Costers del Segre Km0,8.25,7.95,2026-06-30 11:24:05
8025,6ab215bc-7115-46bb-a9ea-6c5f1cfe81c8,SCALA DEI Caixa  vi negre DOQ Priorat,67.28,89.7,2026-06-30 11:24:05
8026,02757f7f-e5fe-4912-ae18-9bfea9c146c2,TEMPS DE FRUITS Caixa de vi negre Eco DO Penedès Km0,44.78,59.7,2026-06-30 11:24:05
8027,97eafce5-7257-4ed9-b6ac-5a53d30b8f41,TERRA ENDINS Caixa de vi negre ecològic DO Catalunya,29.94,22.46,2026-06-30 11:24:05
8028,1a27ab5e-1761-4241-9c08-f30ef903bd84,TERRAS GAUDA Caixa 6u. vi blanc DO Rias Baixas,89.7,95.7,2026-06-30 11:24:05
8029,fb18445c-48b5-45d8-abea-c8a07a6669aa,ÈTIM Caixa de vi negre dolç Verema Tardana DO Montsant,39.38,52.5,2026-06-30 11:24:05
8030,5521d249-70f5-4637-898f-87ac996712be,COLORS Caixa de vi negre DO Costers del Segre ecològic Km0,65.34,68.94,2026-06-30 11:24:06
8031,4044dafb-0701-41c9-afe5-dae1e444af93,EL PRIOR Caixa 6u. vi ranci el Prior,41.94,50.94,2026-06-30 11:24:06
8032,939a577b-ee08-4470-a0e9-2215d9952c5c,EMILIO MORO Caixa de vi negre DO Ribera Duero,126.0,135.0,2026-06-30 11:24:06
8033,b216f4e0-6759-4495-a5aa-6af5d2996a02,FINCA MALAVEÏNA Caixa de vi negre DO Empordà Km0,126.0,141.0,2026-06-30 11:24:06
8034,190b184d-fedf-4562-8523-e55207da5e20,LA BÈSTIA NEGRA Caixa de vi negre DO Empordà Km0,47.94,41.7,2026-06-30 11:24:06
8035,aa3a968e-1bc8-4948-a1aa-d47638632128,PEDRO XIMENEZ Caixa 6u. vi molt dolç Viña 25 DO. Jerez,59.7,65.7,2026-06-30 11:24:06
8036,9f2c49e8-504e-4e3e-9863-0aec31b9117c,RAIMAT Caixa de vi rosat ecològic DO Costers del Segre Km0,32.18,35.78,2026-06-30 11:24:06
8037,a85ec85f-65b3-41f0-80bc-c1f1bf11ca40,REFORJAT Caixa vi negre DO Terra Alta Km0,28.13,37.5,2026-06-30 11:24:06
8038,6c8b86a6-ed7c-4829-88ff-6e3fe94eb0ce,SOMMOS Caixa 6u. vi blanc DO Somontano,65.34,58.74,2026-06-30 11:24:06
8039,04da8c98-cbd6-4a5a-ace6-be771c19663c,VILOSELL Caixa de vi negre ecològic DO Costers del Segre Km0,82.14,77.7,2026-06-30 11:24:06
8040,0907bb9d-6e7b-4bb0-b488-bc44e4556b62,VIÑA POMAL Caixa 6u.vi negre DO Rioja Reserva,77.94,95.7,2026-06-30 11:24:06
8041,20aee3ab-1b4d-4345-a9d6-e4bb0694e635,CUNE Vi blanc verdejo DO Rueda,14.5,6.65,2026-06-30 11:24:07
8042,0bd7dc85-75bd-49bf-922d-40153f04d7e5,CUNE Vi negre Rioja criança,14.5,7.25,2026-06-30 11:24:07
8043,0376dd3f-ef59-4361-9fa1-58473083edd4,TAL COM RAJA Vi blanc DO Terra Alta Km0,9.95,6.95,2026-06-30 11:24:07
8044,8e4ce6e9-f9fa-457d-b939-62af539bcc72,TAL COM RAJA Vi negre DO Terra Alta Km0,9.95,6.95,2026-06-30 11:24:07
8045,47a151bc-cc9b-48af-849c-89ae8f7cc8fd,MAYADOR Sidra sense alcohol,2.39,2.49,2026-06-30 11:24:08
8046,4dd45d4a-e87a-43b8-909f-93e9cc85627f,TURBIO Vi blanc,1.79,1.99,2026-06-30 11:24:08
8047,be80336e-5bba-4f6b-aa00-2e3de3545799,DON SIMON Sangria,1.75,1.15,2026-06-30 11:24:09
8048,801095d8-e9de-4e53-84bd-57fe65bdc608,FUENTEVEGA Vi negre criança DO Ribera del Duero,4.49,4.25,2026-06-30 11:24:11
8049,6570bc55-8b3c-47eb-90c7-147fa1fd727c,VIÑA ESMERALDA Vi rosat DO Catalunya Km0,8.49,7.99,2026-06-30 11:24:11
8050,44b90779-12eb-4778-8989-31e38a99a4a1,ALBET I NOYA P.ALB. Vi escumós Brut guarda sup. reserva org eco DO Penedès caixa,44.78,59.7,2026-06-30 11:24:14
8051,ce277ca2-e64a-4e59-a431-293c54aac166,ANNA CODORNÍU Cava Brut Nature guarda caixa,44.78,59.7,2026-06-30 11:24:14
8052,209cab6a-5db6-4182-9c39-88b53276bf6e,BACH Caixa de Cava Brut Nature guarda,24.53,32.7,2026-06-30 11:24:14
8053,3125b509-d118-408d-823a-7204b7ed9012,FREIXENET MERITUM Cava Brut Nature guarda superior gran reserva ecològic,18.99,14.95,2026-06-30 11:24:14
8054,339821c1-df04-4010-821e-132c7befc17c,PROA Caixa de Cava Brut Nature guarda,23.81,31.74,2026-06-30 11:24:14
8055,3b2f7247-b666-4996-a735-8ff772ee7654,ANNA CODORNÍU Caixa de cava Brut guarda,44.78,58.5,2026-06-30 11:24:15
8056,574f94c1-02d1-401b-bd15-c4e6eeb2f60e,BACH Caixa de cava rosat Brut guarda,24.53,32.7,2026-06-30 11:24:15
8057,dc9557f2-3499-4784-9057-dc2e23117942,BACH Caixa de cava semisec guarda,24.53,32.7,2026-06-30 11:24:15
8058,90dc1ec6-cfa0-4a43-bef0-67611403fe83,CASTELL RE. LA CUVÉE Caixa de cava Brut Nature guarda superior reserva ecològic,59.94,64.5,2026-06-30 11:24:15
8059,6c43ccba-d170-4891-96b8-7edf3cf41e74,CODORNÍU CUVÉE Cava semi sec ecològic caixa,32.63,43.5,2026-06-30 11:24:15
8060,1e4ad963-0d73-4d8a-9c4c-9e4bb3a30f26,CODORNÍU Caixa de cava Brut guarda ecològic,32.63,43.5,2026-06-30 11:24:15
8061,e608c42b-3845-4d2a-9f2d-ee43c301eaad,ESCOFET ROSELL Caixa de cava Brut guarda superior reserva eco,44.96,59.94,2026-06-30 11:24:15
8062,1510d314-b12f-44e6-ad1c-fe274295c2b4,FREIXENET MERITUM Caixa de cava Brut Nature guarda superior gran reserva eco,56.97,114.0,2026-06-30 11:24:15
8063,b310e26f-4aa8-41e8-a1eb-9d6fb0994141,JAUME SERRA ICE Caixa de cava Brut rosat guarda,33.54,37.5,2026-06-30 11:24:15
8064,b4c8207c-6f05-43ac-be4f-6ac05521a1ea,JUVÉ CAMPS Caixa de Corpinnat Brut Nature ecològic,123.0,128.0,2026-06-30 11:24:15
8065,e39eaa96-64dc-4ab1-9f09-defb87a18f43,KRIPTA FRANC Caixa de Corpinnat Brut ecològic,71.34,83.7,2026-06-30 11:24:15
8066,90a64110-ee48-4664-abed-f62175b40a52,LLOPART INTEGRAL Cava Corpinnat Brut Nature Integral ecològic caixa,92.94,101.0,2026-06-30 11:24:15
8067,9af30ea2-475f-4624-bdda-c5602fbb1696,PARXET CUVEÉ 21 Cava Brut guarda,49.95,13.95,2026-06-30 11:24:15
8068,bc42d76b-37a2-4f56-aabb-0b16190f35bb,PARXET Caixa de cava Brut guarda,89.7,77.94,2026-06-30 11:24:15
8069,54781fd7-e7ce-418b-aefe-e676e1443266,RAIMAT Caixa de cava Brut Nature guarda ecològic,44.78,59.7,2026-06-30 11:24:15
8070,075fda2b-fd81-4fa8-85e1-90be1d140054,ANNA CODORNÍU Cava Brut guarda,9.95,9.75,2026-06-30 11:24:16
8071,1201125e-2ac4-4656-94ca-ffb699a5b39c,FREIXENET CAR.NEVADA Cava Brut guarda,7.45,6.95,2026-06-30 11:24:16
8072,ed741f92-852a-4908-9fb6-90a59a691d97,FREIXENET CAR.NEVADA Cava semisec guarda,7.45,6.95,2026-06-30 11:24:16
8073,19e4e796-ebae-474e-a1f6-5cc0addb9edf,SEAGRAM'S Ginebra Extra Dry Gin,23.49,25.69,2026-06-30 11:24:17
8074,df00b11f-2242-4df5-9fc8-80885823c899,JACK DANIEL'S Whisky amb Coca-Cola en llauna,2.79,2.65,2026-06-30 11:24:18
8075,9b9937e6-d89c-41b9-a5de-14ef44f6a79f,BAILEYS Crema de licor whisky,22.19,20.95,2026-06-30 11:24:19
8076,34b228d3-fbdb-4845-b935-7d4b6b9af3d8,EL BANDARRA Caixa 6u. de vermut negre,42.26,47.7,2026-06-30 11:24:19
8077,c1327286-11f8-48c5-91be-fb215aea1f58,JAMESON Whisky irlandès,18.99,19.95,2026-06-30 11:24:19
8078,395e5fb7-e0f9-4a0e-83e7-eda73b51705b,JOHNNIE WALKER Whisky escocès Reb Label,14.49,16.49,2026-06-30 11:24:19
8079,8f389ef3-39ab-44df-b611-c7ee58a2e67a,TANQUERAY Ginebra,13.65,13.49,2026-06-30 11:24:19
8080,de1d7008-2dc6-4b6a-89cc-a24ca6dc5f4a,CARLOS III Brandi de Xerès Solera Reserva,12.45,11.79,2026-06-30 11:24:20
8081,19c32ff3-865f-44f6-a436-deb2e3c1308b,JIM BEAM Whisky Bourbon Kentucky Straight,15.75,10.95,2026-06-30 11:24:20
8082,0e3d3063-7c3a-43fb-b34b-22b2073f060f,MAGNO Brandi de Xerès Solera Reserva,12.69,12.49,2026-06-30 11:24:20
8083,e8c5fe15-3ea1-4660-9685-916ce474e428,TERRY Beguda espirituosa Centenario,6.65,7.25,2026-06-30 11:24:20
8084,cbb191f1-d8c4-4d1b-b0fd-db01d782e957,FRANGELICO Licor d'avellana,15.19,13.99,2026-06-30 11:24:21
8085,653d5ca3-bd00-4aa9-9ccd-583d0b7cf45f,SOLERA 1866 Brandi Solera 1866,54.4,52.99,2026-06-30 11:24:21
8086,7269454f-2a9b-475d-acd6-89240f47d65c,ALPRO Beguda de matxa i coco,2.69,2.65,2026-06-30 11:24:23
8087,1f1dc5f2-f0f1-41db-801e-63c04b8595f5,PESCANOVA Gamba vermella pelada,9.69,9.79,2026-06-30 11:24:25
8088,0b7d99a6-a357-4f7c-b878-4ca488770c9a,PESCANOVA Sípia Faraònica trossejada neta,6.75,6.65,2026-06-30 11:24:25
8089,13d7ec04-dff1-40ba-9dbb-d3ce761a7276,MCCAIN Patates fregides Airfryer,7.95,3.65,2026-06-30 11:24:27
8090,0a78a440-f0fe-4116-b943-629774d35184,PESCANOVA Capritxos a la romana,4.69,4.75,2026-06-30 11:24:29
8091,31ff7ffa-683b-4d54-a97a-8248d8e2d2d5,FRIPOZO Porcions de pit de pollastre amb salsa barbacoa Crunchy,2.65,2.69,2026-06-30 11:24:30
8092,da17eb36-d657-41aa-b930-bd22b4421747,CASA DI MAMA Pizza 4 formatges,4.65,9.99,2026-06-30 11:24:32
8093,412300cd-36d5-474c-aa49-95291cd80e43,CASA DI MAMA Pizza BBQ Pulled Pork Dr. Oetker,4.65,9.99,2026-06-30 11:24:32
8094,777c5fe5-6570-4318-82c9-69286f106be8,CASA DI MAMA Pizza Prosciutto Funghi,4.65,9.99,2026-06-30 11:24:32
8095,4b21b797-906b-4bae-9d3c-ba265e6eba31,CASA DI MAMA Pizza de tonyina,4.65,9.99,2026-06-30 11:24:32
8096,1c605a84-7231-422e-adad-1d7f3a42c8c2,PICCOLINIS Mini pizzes de 3 formatges,7.95,4.25,2026-06-30 11:24:32
8097,19d177e8-efef-4500-aa1e-8abe91e19f4e,PICCOLINIS Mini pizzes de frankfurt,7.95,4.25,2026-06-30 11:24:32
8098,5cdea0aa-6538-4467-aba8-78ea6d499ec0,PICCOLINIS Mini pizzes de pernil dolç i formatge,7.95,4.25,2026-06-30 11:24:32
8099,16423ab7-335c-4310-afb3-479234e7788d,PICCOLINIS Mini pizzes de tonyina,7.95,4.25,2026-06-30 11:24:33
8100,da7b97a5-962d-4cab-bc64-61d19f17d4fb,CORNETTO Gelat cucurutxo de xocolata i avellana Max,4.99,9.99,2026-06-30 11:24:34
8101,b29dc5de-cb4e-4eb0-a9a9-c5bc44eb9996,CORNETTO Gelat de festuc i vainilla Max,4.99,9.99,2026-06-30 11:24:34
8102,c30b0e94-7a8d-4d73-9371-139ed7751179,NESTLÉ PIRULO Gelats Fantasmikos,5.39,5.32,2026-06-30 11:24:34
8103,65c9029d-6cb7-4bb3-827c-cdfcf7e570f5,HÄAGEN-DAZS Gelat de dolç de llet,7.59,7.49,2026-06-30 11:24:35
8104,d7f284d7-2624-4b7b-ad0e-27b0f3e8e164,HÄAGEN-DAZS Gelat de mango i gerds,7.59,7.49,2026-06-30 11:24:35
8105,c82d31d8-af7b-4853-b709-3d2cc3f134e8,HÄAGEN-DAZS Gelat de vainilla,7.59,7.49,2026-06-30 11:24:35
8106,0a2fb2ed-9280-4647-b178-53eb12ff06b4,NESTLÉ PIRULO Gelat Fruit Explosion Mix,5.39,5.32,2026-06-30 11:24:35
8107,1e5c18d6-20a1-4589-b4f3-6d7486a95b6a,NESTLÉ PIRULO Gelat Mikolápiz,5.39,5.32,2026-06-30 11:24:35
8108,0d628df6-0805-4209-a8a4-440cade7e3f1,NESTLÉ PIRULO Gelat Mini Tropical,5.39,5.32,2026-06-30 11:24:35
8109,234cd7de-0271-44c6-9e3e-bddeaec6cf7a,HÄAGEN-DAZS Gelat Salted Caramel,7.95,4.99,2026-06-30 11:24:36
8110,8e131499-de81-41cb-b2b0-2d359f3a4c36,HÄAGEN-DAZS Gelat de vainilla i nous de Macadàmia,7.95,4.99,2026-06-30 11:24:36
8111,b12cdcf9-93e3-41c5-a045-5925ec76fe10,HÄAGEN-DAZS Gelat de xocolata blanca amb maduixa,7.95,4.99,2026-06-30 11:24:36
8112,6d208607-f0eb-45b8-bf1c-0fa20e7e0dfa,DANET Natilles,3.19,1.94,2026-06-30 11:24:49
8113,80a0c607-4b9c-4671-a198-dae96da167f0,ACTIVIA Quefir per beure amb gust de mango,3.19,1.79,2026-06-30 11:24:51
8114,d134b2e8-07db-4c77-b1b9-6b10992cdce3,ACTIVIA Quefir per beure amb gust de nabius,3.19,1.79,2026-06-30 11:24:51
8115,182c98c0-9dc3-451e-8ad8-41aeadc176ab,ACTIVIA Quefir per beure amb maduixa,3.19,1.79,2026-06-30 11:24:51
8116,2f822123-9bcf-4e30-bc9c-032087420489,ACTIVIA Quefir per beure natural,3.19,1.79,2026-06-30 11:24:51
8117,c561fc68-ca10-4316-8c10-da620d0f711f,DANONE Iogurt grec natural,3.19,1.49,2026-06-30 11:24:51
8118,eb883db9-c47b-4049-af57-1254a94c9b4b,DANACOL Iogurt per beure de llima i llimona,4.49,4.59,2026-06-30 11:24:52
8119,47b3acaa-8199-4b8e-a989-3b5af9c58bb0,DANONINO Iogurt maxi de maduixa,2.29,2.39,2026-06-30 11:24:52
8120,eb8eb146-ceb1-48e9-a9ff-309eb6ab97fe,DANONINO Iogurt maxi de maduixa i plàtan,2.29,2.39,2026-06-30 11:24:52
8121,4fe28235-46a4-474f-bbd0-51b712569e2e,DANACOL Iogurt per beure natural,4.49,4.59,2026-06-30 11:24:53
8122,09076ae0-68b9-4c18-aad5-0b3739a68ae7,DANONINO Iogurt per beure de maduixa,2.59,2.69,2026-06-30 11:24:53
8123,a03065ff-9758-4524-8abf-858665e614ac,DANACOL Iogurt per beure desnatat de fruits vermells,4.49,4.59,2026-06-30 11:24:55
8124,7051e444-4007-4a1e-85cc-882732d00e90,DANACOL Iogur per a beure gust a préssec i albercoc,4.49,4.59,2026-06-30 11:24:56
8125,aa079a83-4c85-47d2-9498-79d3a5e8934b,DANACOL Iogurt per beure de civada,4.49,4.59,2026-06-30 11:24:56
8126,a4551f46-3e14-4448-9910-54bebdb034c3,BONPREU Ous frescos de gallines soltes en el galliner L,1.8,16.95,2026-06-30 11:24:58
8127,01d54446-81a5-42f8-be07-10623b2c2db1,BONPREU Ous frescos de gallines soltes en el galliner L,1.8,16.95,2026-06-30 11:24:58
8128,a133a709-a4d5-419b-8577-a9042c15380e,BONPREU Ous frescos de gallines soltes en el galliner L,1.8,16.95,2026-06-30 11:24:58
8129,93cba48c-c056-4dfc-8022-5bbaf07576a2,DELIAL Esprai protector infantil Sensitive Advanced FPS 50+,16.99,15.45,2026-06-30 11:25:01
8130,2b1f6ea2-65e4-4640-adbe-8938ab6edb18,DELIAL Fluid solar antitaques amb Vitamina C FPS 50+,15.99,14.99,2026-06-30 11:25:01
8131,5294b491-2d79-4932-ab09-5252f69e2e15,DELIAL Fluid solar facial super uv fp50,15.99,14.95,2026-06-30 11:25:01
8132,c074d8cb-4aa8-4e3e-95a4-aebd0353e3a7,DELIAL Llet protectora hidratant Sensitive Advanced FPS 50+,14.95,15.95,2026-06-30 11:25:01
8133,ead933ad-2a81-4ba8-9d17-472292464d36,SANEX Gel de dutxa Neutre Family Hidratant,4.79,4.49,2026-06-30 11:25:03
8134,7b67d757-3583-4eaa-9eb6-fdd9d931e874,ARIEL Detergent líquid original de 40 dosis,14.95,13.99,2026-06-30 11:26:02
8135,e4066349-5b48-4b4c-8ac6-2e2a975c9ecd,DIXAN Detergent líquid blau de 55 dosis,11.69,15.99,2026-06-30 11:26:02
8136,0054d649-b7ab-4e94-88a2-db3cf079e7ed,LENOR Suavitzant concentrat Frescor Alpino de 50 dosis,5.99,4.99,2026-06-30 11:26:02
8137,4404c5e2-b346-46e0-a5c5-1fb977b51d40,LENOR Suavitzant concentrat Frescor Flores Silvestres de 50 dosis,5.99,4.99,2026-06-30 11:26:02
8138,c4944035-e5d8-48d5-956b-49daaf22dd7c,LENOR Suavitzant concentrat Frescor Tropical de 50 dosis,5.99,4.99,2026-06-30 11:26:02
8139,fee5dea5-4af0-4cd1-9613-1ee8fb2f8293,MIMOSÍN Suavitzant concentrat bergamota de 50 dosis,3.79,2.49,2026-06-30 11:26:02
8140,a927b03d-8488-42f3-90e1-959546cd81ba,MIMOSÍN Suavitzant concentrat roses silvestres de 50 dosis,3.79,2.49,2026-06-30 11:26:02
8141,33903413-dd4f-4262-98ec-9d3483aaca00,VERNEL Suavitzant concentrat Cel Blau de 55 dosis,3.49,15.99,2026-06-30 11:26:02
8142,fd031df7-039a-4b02-8dae-8ed5f4626fce,LENOR Perles de perfum roba Unstoppables,14.95,7.49,2026-06-30 11:26:03
8143,e27aec4e-3d9d-41c9-8b28-0e09bcbf5ceb,NEUTREX Activador taques d'axil·les,6.79,5.95,2026-06-30 11:26:05
8144,e3d1ecfb-26ac-4806-b5e6-4c1563f208db,FAIRY Sabó de rentar plats Ultra Poder,14.95,4.49,2026-06-30 11:26:08
8145,034034d4-2148-4c2f-8f7a-541502f3ee34,SOMAT Detergent rentavaixelles llima-llimona de 40 dosis,7.15,15.99,2026-06-30 11:26:08
8146,dc0483e8-2d89-48ec-9166-af80032f53d6,BREF WC Netejador WC Power Active Natura Pi,2.95,15.99,2026-06-30 11:26:13
8147,4bd5aeab-13b9-4015-a3d7-0bdae958fa63,VILEDA Escombra antixoc 3action,5.69,5.99,2026-06-30 11:26:14
8148,b6d7eb63-ad25-425f-903a-cb79683e9410,SPONTEX Baieta microfibra Collection XXL,2.99,3.99,2026-06-30 11:26:16
8149,2b9afd54-f5a9-4b77-8b92-6ba75356c56b,SANICAT Sorra absorbent amb perfum d'espígol per gat,5.49,5.79,2026-06-30 11:28:54
8150,29dfde91-ade0-4d8f-934a-4c0b329275cf,SANICAT Sorra aglomerant amb oxigen actiu per a gats,9.49,9.85,2026-06-30 11:28:54
8151,da7efb4e-42d8-4a16-8277-183b3235441a,SMILEAT Potet cuit de vedella i pernil ecològic,2.19,2.69,2026-06-30 11:29:02
8152,8076940e-3d07-4f67-bea2-ff21dce240c8,SMILEAT Potet de bacallà amb patates i verdures ecològic,2.19,2.69,2026-06-30 11:29:02
8153,e4161254-ae1a-4b32-932c-e00971865e94,SMILEAT Potet de pit d'indiot amb verdures ecològic,2.19,2.69,2026-06-30 11:29:02
8154,6ce8cc62-14bc-4d0d-a3ae-46a4bf7d2977,SMILEAT Potet de pollastre amb arròs ecològic,2.19,2.69,2026-06-30 11:29:02
8155,2c992498-29a5-4399-a4a8-5c6fe561c75b,SMILEAT Potet de vedella amb verdures ecològic,2.15,2.65,2026-06-30 11:29:02
8156,c9467277-2b7a-4067-91ff-039e35e9ca39,SMILEAT Potet de verdures amb lluç ecològic,2.19,2.69,2026-06-30 11:29:02
8157,1b9b916a-6d2f-498b-80ad-00303d0c057e,SMIELAT Potet de carbassa i carbassó ecològic,1.89,2.35,2026-06-30 11:29:03
8158,f1d533fe-708c-4c7c-ac2e-e85b8805ff0e,SCHÄR Pa de pessic de llimona sense gluten,4.09,3.99,2026-06-30 11:30:10
8159,a5828dea-d782-455a-b14f-760d4c93b7f1,JUST LOADING Barreta energètica de cappuccino,1.35,1.33,2026-06-30 11:30:19
8160,6f8f5506-ba1d-4d05-a896-b489dd2ad886,Llimona 1 u.,0.59,0.55,2026-07-01 11:33:35
8161,42a05b2b-d476-46eb-992b-b8ed91206c7b,LA COLLITA Raïm blanc sense llavors en safata de 500 g,2.85,2.49,2026-07-01 11:33:36
8162,be1cc045-e3e3-48f4-bd21-e2c1446e210b,LA COLLITA Cireres  en safata de 500 g,2.99,2.75,2026-07-01 11:33:37
8163,511608ef-c246-4a55-be3f-394685230c1e,LA COLLITA Raïm vermell sense llavors en safata de 500 g,2.89,2.49,2026-07-01 11:33:37
8164,9b81c4dd-4fb0-4b62-b60b-4a9eb6207946,Préssec groc 1 u.,0.88,0.86,2026-07-01 11:33:37
8165,b6737966-e517-48fa-969c-3cee4ac33f55,Síndria sense llavors 1 u.,5.95,4.49,2026-07-01 11:33:37
8166,25805d40-2fda-4f96-95de-753b7a498922,Llimona 1 u.,0.88,0.86,2026-07-01 11:33:39
8167,4acd6af3-4253-4377-b604-f5aa20928f4a,Préssec d'aigua 1 u.,0.76,0.72,2026-07-01 11:33:39
8168,6b4fe00e-fbb5-4f19-a913-1fab058853e5,LA COLLITA Raïm blanc sense llavors en bossa de 500 g,2.85,2.49,2026-07-01 11:33:41
8169,3079010e-06cb-4647-8cb5-190219dda77a,Síndria sense llavors 1 u.,5.49,4.85,2026-07-01 11:33:41
8170,a28830bd-6093-44ca-a0b2-61857f1e7da0,LA COLLITA Raïm vermell sense llavors en bossa de 500 g,2.89,2.49,2026-07-01 11:33:42
8171,095445e3-9df7-4043-92f8-0d20a32e9fd4,LA COLLITA Alls porros Km0,2.29,2.39,2026-07-01 11:33:43
8172,a754e352-b2e5-4f5b-b12d-a093e6d14d55,BONPREU Espatlla de gla 100% ibèrica,8.79,9.19,2026-07-01 11:33:46
8173,9471160c-bce3-4de3-8bb1-b0ba056ba5fb,BONPREU Espatlla d'enceball de camp ibèrica 50%,6.75,7.25,2026-07-01 11:33:47
8174,bd46f740-2d51-41fb-bab6-bb037633d009,BONPREU Espatlla de gla ibèrica 50%,7.65,7.99,2026-07-01 11:33:47
8175,acb5ea50-3a14-4645-90ba-c0be1a6b4301,Calamar fresc,16.5,15.0,2026-07-01 11:34:22
8176,b7a3a575-c0d0-44cc-80b9-c124b4b789b3,Llenguado,4.95,4.5,2026-07-01 11:34:22
8177,410a304b-8c41-4a14-b3d1-68e90533586a,Llenguado gros,10.8,9.99,2026-07-01 11:34:23
8178,1c3b0e69-4a29-49c5-a9ac-68ee9cdf063c,CREAZIONI GIULIA Foccacia Genovese amb tomàquets,2.49,2.59,2026-07-01 11:34:35
8179,176af9e4-c2bd-461c-ba5d-6d131e1bd556,GIULIA Focaccia amb ceba,2.49,2.59,2026-07-01 11:34:35
8180,06dd81de-6dff-43ed-a21b-42597d80a95a,BONPREU Banderilles d'olives amb bitxo i anxoves,2.85,2.95,2026-07-01 11:34:36
8181,f7db0cd6-a69b-486c-b24f-e6f5fbfff1a9,BONPREU Cóctel de fruita seca crua i panses ecològic,2.85,3.09,2026-07-01 11:34:55
8182,c92022ec-feb6-4923-b05a-47e3c2a00621,BONPREU Panses sultanes ecològiques,1.99,2.15,2026-07-01 11:34:55
8183,29f5d6c5-bc8f-43db-b479-0aefcdca00ff,BONPREU Cacauet cru ecològic,1.25,1.35,2026-07-01 11:34:58
8184,2d481d96-a255-483f-9882-1f6db32ce346,BONPREU Ametlles fregides i salades sense pell Km0 ecològiques,3.25,3.39,2026-07-01 11:34:59
8185,28283d27-e6cb-439f-aef1-baa90f685a56,MARCILLA Cafè molt natural Gran Aroma,4.79,4.45,2026-07-01 11:35:04
8186,243ff245-e74a-4c45-9fe1-31571abd1d3a,L'OR Càpsules de cafè descafeïnat Ristretto,4.15,3.99,2026-07-01 11:35:05
8187,b262e263-c990-4bd0-ac70-b32c18949d47,MARCILLA Cafè en gra natural,11.95,9.99,2026-07-01 11:35:05
8188,c1ac2d0e-3361-44ed-8f6c-75954650695d,MARCILLA Cafè molt natural Crème Express,5.45,4.95,2026-07-01 11:35:05
8189,87406a3e-9c3c-44ff-850f-c7ff73df516e,MARCILLA Cafè molt natural Gran Aroma,8.65,8.49,2026-07-01 11:35:05
8190,92f21001-fb57-45f4-890b-a75f43599ea3,L'OR Càpsules de cafè Ristretto,4.15,3.99,2026-07-01 11:35:06
8191,b95d2a9c-d896-425a-84e4-0632ed4ddc8e,MARCILLA Cafè molt Gran Aroma mescla,8.65,8.49,2026-07-01 11:35:06
8192,3858dd58-9096-4028-b6d9-11b9f9a785d4,MARCILLA Cafè molt Gran Aroma mescla,4.79,4.45,2026-07-01 11:35:06
8193,80ca7cf0-c1d2-4d15-bea9-c024d8680a99,MARCILLA Cafè molt descafeïnat barrejat Crème Express,5.45,4.95,2026-07-01 11:35:06
8194,21c2b4b6-c59c-4faf-8584-adc4a2e02a7b,MARCILLA Cafè molt mescla Crème Express,5.45,4.95,2026-07-01 11:35:06
8195,3901658f-28c0-4e28-9c58-c22f24a41e24,MARCILLA Cafè molt natural descafeïnat Gran Aroma,4.79,4.45,2026-07-01 11:35:06
8196,6bb08745-1d9c-4c8b-a9a1-c49408c550b0,MARCILLA Càpsules de cafè Intens,14.89,14.49,2026-07-01 11:35:06
8197,147e7d43-844e-4bdb-8d93-80def224efbe,L'OR Cafè en gra natural Intensitat 9,15.95,14.99,2026-07-01 11:35:07
8198,6b2cb026-a1b5-4afc-a270-925287022e6d,L'OR Cafè en gra natural intensitat 8,15.95,14.99,2026-07-01 11:35:07
8199,98263d72-9f9a-43f6-996d-0ae2f65a47b1,L'OR Càpsules de cafè Colòmbia,4.15,3.99,2026-07-01 11:35:07
8200,3110aa0e-9feb-4624-b97d-f72c58b3a96e,L'OR Càpsules de cafè Forza,4.15,3.99,2026-07-01 11:35:07
8201,0344d9af-0ef9-4784-8327-8e7f1db293da,MARCILLA Cafè en gra mescla Gran Aroma,11.95,9.99,2026-07-01 11:35:07
8202,80c3efb1-2dfd-4948-8066-3bc3d51377b5,MARCILLA Càpsules de cafè Ristretto,14.89,14.49,2026-07-01 11:35:07
8203,d1e62d27-1046-4b6f-84a1-8da2b42a73e9,MARCILLA Cafè molt descafeïnat Gran Aroma mescla,4.79,4.45,2026-07-01 11:35:08
8204,360d9018-b732-4cf3-b1a4-3fa167ae5d3c,L'OR Càpsules de cafè Onyx,4.15,3.99,2026-07-01 11:35:09
8205,a1e45543-4f30-44b0-968c-8d6a245e2504,MARCILLA Cafè molt descafeïnat Gran Aroma mescla,8.35,8.49,2026-07-01 11:35:09
8206,d5090e24-4cd2-442b-9db6-d3ac8957793e,MARCILLA Cafè en gra natural,22.95,19.49,2026-07-01 11:35:10
8207,249268ed-a693-4f98-aec7-1d77906315f8,FITNESS Cereals integrals amb xocolata,4.25,3.95,2026-07-01 11:35:17
8208,77da691f-3367-4b27-a175-1dfc2541317d,NUTELLA Bastonets de pa amb crema d'avellanes,1.79,1.89,2026-07-01 11:35:19
8209,29418f63-3379-479b-9b4c-f32fed6b2d41,KINDER JOY Ous de xocolata amb llet,4.19,4.29,2026-07-01 11:35:25
8210,f0f1cb4d-234c-40b3-89ab-a0e71440f4d4,BALLARÀ Pa de pessic de iogurt amb xocolata Km0,3.49,3.65,2026-07-01 11:35:39
8211,ef2b5462-5a73-4ce0-ace4-c8e75f17189c,BALLARÀ Pa de pessic de taronja i xocolata,3.49,3.65,2026-07-01 11:35:40
8212,d518a031-3e96-4453-a8ac-6b7eab9b7dd4,BALLARÀ Brownie,3.49,3.65,2026-07-01 11:35:41
8213,36d8f54b-d9db-4f17-9a2f-0ac99fa1bf84,BALLARÀ Pa de pessic amb iogurt i gust de llimona Km0,3.49,3.65,2026-07-01 11:35:41
8214,0ef1df7a-ec20-4072-96ed-9f60d332344e,BALLARÀ Pa de pessic amb fruita confitada,3.49,3.65,2026-07-01 11:35:42
8215,42310a39-f8a9-4c64-9b71-e42898ece4b3,BONPREU Seitons marinats en vinagre i all i julivert,1.95,1.99,2026-07-01 11:35:55
8216,345bc219-1618-45ec-877b-c78534df71f3,BONPREU Olives farcides d'anxova baixes en sal,1.4,1.35,2026-07-01 11:35:56
8217,21785a83-4ef9-4c99-9165-ca99ba13b468,BONPREU Olives amb pinyol Kalamata,2.85,3.39,2026-07-01 11:35:57
8218,3a0f8932-bd68-4ae6-bc28-00806ece03ef,DANI Escopinyes al natural,4.75,5.25,2026-07-01 11:35:57
8219,40673baa-f6eb-4243-9799-2e22bea12259,DANI Cloïsses al natural,1.35,1.9,2026-07-01 11:35:58
8220,caaea93a-a26e-4b41-b7ab-4c076d7ea31c,BONPREU Olives mançanenca selecta amb pinyol,1.95,1.69,2026-07-01 11:35:59
8221,89350da9-b1b4-4f53-96b9-752d0ef59e27,BONPREU Olives negres amb pinyol,1.25,1.15,2026-07-01 11:36:00
8222,e204bddc-cee8-4d78-b629-1bbe3edcc80b,BONPREU Olives mançanenca amb sabor d'anxova,2.78,2.99,2026-07-01 11:36:01
8223,781b893c-3275-4b9a-afd1-0bf0f30bc6dd,IFA Olives llepadits,2.99,2.95,2026-07-01 11:36:03
8224,466e91a7-3b95-47f8-850e-9b12f4e90f3a,IFA Salsa còctel,1.15,1.19,2026-07-01 11:36:19
8225,31377b70-75f1-4eec-a796-e7a7f1ed2539,IFA Salsa iogurt,1.2,1.19,2026-07-01 11:36:19
8226,39f8c4bc-0a26-4224-89e4-c293d43295af,IFA Salsa lleugera,1.15,1.25,2026-07-01 11:36:19
8227,7573eecb-1d8d-4a22-8f6e-e0e0b2d7599d,IFA Salsa cèsar,1.35,1.39,2026-07-01 11:36:20
8228,c23b74a2-811f-4e4b-b2c4-1c05dc8a7a12,BONPREU Ametlla laminada,2.15,2.3,2026-07-01 11:36:24
8229,820b82f3-f69f-4ccb-9ee3-133cd0c490df,VIVEPLUS Lecitina de soja,4.69,6.25,2026-07-01 11:36:29
8230,53ec347e-34d0-477a-a4ad-44dd0c6009c1,KINDER HAPPY HIPPO Galetes farcides amb avellanes,3.69,3.79,2026-07-01 11:36:35
8231,0fc8bd50-8fd7-49c3-9de4-6fbad89efb3f,NESTEA Refresc de te amb llimona en ampolla,2.05,2.09,2026-07-01 11:36:44
8232,69716d62-d731-4faf-b7af-907ad3c6640c,NESTEA Refresc de te verd amb maracujà en ampolla,2.05,2.09,2026-07-01 11:36:44
8233,3d3ca053-c0fd-41e9-ad98-c8a41f0a0fd9,NESTEA Refresc de te a la llimona sense sucre en ampolla,2.05,2.09,2026-07-01 11:36:45
8234,8b1b7f09-db54-4686-81f0-bcba7fadd73f,NESTEA Refresc de te al préssec en ampolla,2.05,2.09,2026-07-01 11:36:45
8235,f82c18c1-213d-498e-bd77-668439e822f5,NESTEA Refresc de te amb fruits vermells en ampolla,2.05,2.09,2026-07-01 11:36:45
8236,282c61c1-62e8-435d-8d27-6d5184578b3b,NESTEA Refresc de te amb llimona en ampolla,1.52,1.54,2026-07-01 11:36:45
8237,0f345aff-e830-49aa-b844-ab1201c14337,NESTEA Refresc de te verd amb maracujà en ampolla,1.52,1.54,2026-07-01 11:36:48
8238,51c9d281-b8e4-478a-8b84-36471db176c7,COMPLOT Cervesa Complot IPA en llauna,1.38,1.39,2026-07-01 11:36:54
8239,c92bfcae-24fe-4154-badf-14bd37ac9eba,DAURA Cervesa apta per celíacs en llauna,0.91,0.92,2026-07-01 11:36:54
8240,b38b24df-0d65-472a-ad76-527a51b16299,ESTRELLA DAMM Cervesa especial 6 x 25 cl en ampolla,4.21,4.26,2026-07-01 11:36:54
8241,2ccca806-29c6-4504-aafb-72c0c311b397,ESTRELLA DAMM Cervesa especial en llauna,0.88,0.89,2026-07-01 11:36:54
8242,d806e344-72c0-470f-87b7-fbd458748db8,FREE DAMM Cervesa sense alcohol 6 x 25 cl en ampolla,3.78,3.89,2026-07-01 11:36:54
8243,29ff0641-77e3-42c9-a06e-3f78152dbdae,FREE DAMM Cervesa sense alcohol amb llimona en llauna,0.78,0.8,2026-07-01 11:36:54
8244,774a2ef6-3950-4b62-81a8-e2c61ac1685e,FREE DAMM Cervesa sense alcohol en llauna,0.78,0.8,2026-07-01 11:36:54
8245,d6b21b3b-85b4-46db-9597-803663ccc3e4,FREE DAMM Cervesa sense alcohol gust de llimona 6 x 25 cl en ampolla,3.78,3.89,2026-07-01 11:36:54
8246,f1fda00c-fd85-4f83-af18-1f4644a26156,FREE DAMM Cervesa torrada sense alcohol 6 x 25 cl en ampolla,3.78,3.89,2026-07-01 11:36:54
8247,67328bac-57bf-4162-9a25-908e3a5d49ff,FREE DAMM Cervesa torrada sense alcohol en llauna,0.78,0.8,2026-07-01 11:36:54
8248,dec67622-2654-4ef9-b7a8-bc851618efa3,TURIA Cervesa torrada,4.05,4.09,2026-07-01 11:36:54
8249,7d489716-925e-41cd-8510-aba3d0a220e7,TURIA Cervesa torrada en llauna,0.86,0.87,2026-07-01 11:36:54
8250,373c491a-0e91-4d33-942a-087ed0f7f696,XIBECA Cervesa suau en ampolla,1.71,1.73,2026-07-01 11:36:54
8251,ab1fae54-0262-435b-a93e-106f7c42594c,XIBECA Cervesa suau en llauna,0.71,0.72,2026-07-01 11:36:54
8252,09b8acd1-0cee-4d80-9335-8b42d39971a0,DAMM Cervesa reserva Bohemia en ampolla,1.39,1.4,2026-07-01 11:36:55
8253,e8297220-c98a-456d-a032-7b3b65fb1460,DAMM LEMON Cervesa amb llimona 6 x 250 ml en ampolla,4.08,4.12,2026-07-01 11:36:55
8254,57f0c16b-ae1c-4add-a84e-b53acf4bacc0,ESTRELLA DAMM Cervesa 24 x 25 cl en ampolla,16.32,16.56,2026-07-01 11:36:55
8255,3b750a08-9021-4582-a846-0ac48c5641ea,ESTRELLA DAMM Cervesa especial en llauna,1.33,1.35,2026-07-01 11:36:55
8256,6a1f570f-ec44-494a-9064-79e2fbca90d4,SKOL Cervesa 12 x 33 cl en llauna,4.78,4.86,2026-07-01 11:36:55
8257,457362a7-7520-45c6-84e0-d90c49bef049,SKOL Cervesa gust de llimona,0.45,0.46,2026-07-01 11:36:55
8258,0fb93f44-f134-447e-acc9-a8d760fe5555,VICTORIA MÁLAGA Cervesa en llauna,0.75,0.76,2026-07-01 11:36:55
8259,f8c61862-392f-4f33-b5b3-03761e4ba4a2,VOLL DAMM Cervesa doble malta 6x25 cl ampolla,5.52,5.58,2026-07-01 11:36:55
8260,c618ba70-aa7b-4fbe-b785-2a42b6ec2d69,BOCK DAMM Cervesa negra Bock en llauna,1.05,1.06,2026-07-01 11:36:56
8261,07b61ef3-f671-4e13-9c92-e2e7f9d372b4,COMPLOT Cervesa Complot IPA en ampolla,1.68,1.69,2026-07-01 11:36:56
8262,f023adcc-d943-41e0-892b-3186ebc6aaf8,COMPLOT Cervesa IPA 6 x 33 cl en ampolla,10.08,10.14,2026-07-01 11:36:56
8263,d7efe069-9526-4407-b3be-18fdabad03ee,ESTRELLA DAMM Cervesa 6x33 cl en ampolla,7.62,7.68,2026-07-01 11:36:56
8264,60ebcab2-56f4-4d5b-95fd-a36c86416954,ESTRELLA DAMM Cervesa en ampolla,1.27,1.28,2026-07-01 11:36:56
8265,06cc4133-a455-4da7-9738-41686a005613,FREE DAMM Cervesa sense alcohol 24x33 cl en llauna,18.72,19.2,2026-07-01 11:36:56
8266,8cbf7a5a-e04a-43da-961f-a88b4d3923c3,TURIA Cervesa torrada 24x33cl. en llauna,20.64,20.88,2026-07-01 11:36:56
8267,34f04c7e-b057-43dd-9dc8-d40cdaab6bcd,VOLL DAMM Cervesa 6x33 cl en ampolla,8.22,8.28,2026-07-01 11:36:56
8268,0e427db5-5bf9-4c3e-bb9e-513559f7a1d5,VOLL DAMM Cervesa doble malta en ampolla,1.37,1.38,2026-07-01 11:36:56
8269,9bd4baba-0c43-441d-8fc0-f4f32679b6fd,VOLL DAMM Cervesa doble malta en llauna,1.49,1.48,2026-07-01 11:36:56
8270,ed9c5cfe-aea8-45a4-9aa5-af6dee7e2efa,DAMM Cervesa Inedit en ampolla,3.79,4.2,2026-07-01 11:36:57
8271,a6f652fd-aeeb-41b3-aded-6690ef1d36b2,FREE DAMM Cervesa sense alcohol amb llimona 24x33cl en llauna,18.72,19.2,2026-07-01 11:36:57
8272,e858fd62-6d84-4aa0-9ac7-7cc7a28d72df,FREE DAMM Cervesa torrada sense alcohol 24x33 cl en llauna,18.72,19.2,2026-07-01 11:36:57
8273,3b2f7247-b666-4996-a735-8ff772ee7654,ANNA CODORNÍU Caixa de cava Brut guarda,58.5,59.7,2026-07-01 11:37:19
8274,075fda2b-fd81-4fa8-85e1-90be1d140054,ANNA CODORNÍU Cava Brut guarda,9.75,9.95,2026-07-01 11:37:20
8275,395e5fb7-e0f9-4a0e-83e7-eda73b51705b,JOHNNIE WALKER Whisky escocès Reb Label,16.49,14.45,2026-07-01 11:37:24
8276,9a5b3ea8-941a-4f13-82a8-170697c19000,PERUCCHI Vermut negre,14.95,14.89,2026-07-01 11:37:27
8277,8bcec18b-e97f-418f-b190-aed076474e66,BONPREU Filets de lluç Argentí sense pell,4.15,3.99,2026-07-01 11:37:32
8278,8f5a1d9c-2a7c-4d94-a126-38cfeff53dba,BONPREU Espinacs,1.0,0.95,2026-07-01 11:37:35
8279,3bbbf119-7d66-483d-b51a-c035882863f4,BONPREU Mongetes tendres planes,1.35,1.3,2026-07-01 11:37:35
8280,1dbaa0e5-65d4-407a-ab0d-11dc5b7127ce,BONPREU Pèsols fins,1.45,1.39,2026-07-01 11:37:35
8281,ce20a690-f3cf-40d5-bc7b-7c26805f9006,BONPREU Coliflor,1.6,1.59,2026-07-01 11:37:36
8282,c6450f3f-3388-44c9-a8fd-27c27e13b846,BONPREU Espinacs en fulles,1.67,1.59,2026-07-01 11:37:36
8283,c4a5ef92-831a-4cdf-9a1c-3c956b07f480,DANONE Arròs amb llet,1.99,2.09,2026-07-01 11:38:04
8284,d0e95246-132c-4388-ac99-23a5040cf2be,ACTIVIA Iogurt natural,2.69,2.89,2026-07-01 11:38:11
8285,69edc879-247f-4d5e-8933-3fbb763d7971,ACTIVIA Iogurt natural edulcorat 0%,2.69,2.89,2026-07-01 11:38:11
8286,8847ad22-0526-4f26-a30d-d2c3a1362057,VITALINEA Iogurt desnatat de maduixa,2.29,2.49,2026-07-01 11:38:11
8287,9c3c42c2-a598-485e-83ea-c9ba19c244e8,VITIS Gel dentífric junior + 6 anys,4.65,4.59,2026-07-01 11:38:58
8288,057deb3e-742e-4093-b5ca-471c44d03b03,INTERPROX Raspall interdental cònic plus 1.3,5.99,6.25,2026-07-01 11:38:59
8289,4933c9b7-87d4-487b-8b84-ef867d7ebcd7,VITIS Crema dental aloe vera amb gust de poma,10.95,11.99,2026-07-01 11:38:59
8290,9d225736-a951-4724-9dcc-407296ec913b,VITIS Raspall de dents mig,4.99,4.89,2026-07-01 11:38:59
8291,7db0f754-160d-4c89-b9f3-f41fe302d5f1,VITIS Raspall de dents mig,4.99,4.89,2026-07-01 11:38:59
8292,ee615aad-7336-462a-8f09-eb1a8208cfd9,VITIS Raspalls de dents mitjà i dentifrici,8.49,7.89,2026-07-01 11:38:59
8293,008d15d7-4d08-4c5d-8066-822206b757b1,DESENSIN Col.lutori dents sensibles i anticaries plus flúor,10.75,11.09,2026-07-01 11:39:00
8294,5ce6b4e0-b067-468f-9011-30d93137857e,INTERPROX Raspall interdental micro 0.9,5.99,6.25,2026-07-01 11:39:00
8295,cdc8ec5f-1aea-4ab6-91df-9f1ce942d682,INTERPROX Raspall interdental micro plus 0.9,5.99,6.25,2026-07-01 11:39:00
8296,56e1d84e-0f5d-40d9-85b3-fcce6a50376d,INTERPROX Raspall interdental mini plus 1.1,5.99,6.25,2026-07-01 11:39:00
8297,0e60a12c-3275-4c5e-a07b-9bb722c33cce,INTERPROX Raspall interdental nano plus 0.6,5.99,6.25,2026-07-01 11:39:00
8298,cf78ab77-af57-4819-a8ce-85c8d6c77f7b,INTERPROX Raspall interdentals nano 0.6,10.29,10.69,2026-07-01 11:39:00
8299,4e7858b8-7d1b-4cd1-a4f5-f01d4198e975,PERIO-AID Col·lutori tractament clorhexidina 0.12%,9.59,9.89,2026-07-01 11:39:00
8300,aee5b22c-6b72-4f45-b2ae-61e885f4a19e,VITIS Col·lutori aloe vera,14.19,14.65,2026-07-01 11:39:00
8301,29590737-77b6-45c4-8cae-a1661bc34eba,VITIS Col·lutori genives,17.25,17.35,2026-07-01 11:39:00
8302,4945628c-6df3-473b-8628-9036c0e851a9,VITIS Col·lutorio junior,9.1,9.39,2026-07-01 11:39:00
8303,6bafc1dc-25da-48bd-ada0-84f807f2fe6d,VITIS Pasta dentífrica per ortodòncia,8.25,8.49,2026-07-01 11:39:00
8304,22c9a455-2f1e-4d76-bf78-ae6acf701822,VITIS Raspall de dents dur,4.99,4.89,2026-07-01 11:39:00
8305,0c5bf786-df60-4aa2-831f-63c466d0fb5d,VITIS Raspall de dents per ortodòncia,6.25,6.45,2026-07-01 11:39:00
8306,4b326af9-7e1e-43ce-aea9-906ac5282958,VITIS Raspall de dents ultrasuau,6.39,6.59,2026-07-01 11:39:00
8307,55a65030-1838-4277-b87c-19a4c8850872,VITIS Raspall dental suau,4.99,4.89,2026-07-01 11:39:00
8308,d8600e73-3d29-46d4-8e21-112c57e23120,VITIS Raspalls de dents suaus i dentifrici,8.49,7.89,2026-07-01 11:39:00
8309,f8954edc-052d-431e-a826-9b4ea0246871,DESENSIN Pasta dentífrica plus flúor,6.89,7.19,2026-07-01 11:39:01
8310,346d8d32-5920-4e82-8575-5849573a94ef,VITIS Col·lutori per ortodòncia,11.95,12.35,2026-07-01 11:39:01
8311,42acc877-4a97-4615-99a5-7cfa336a9dc7,VITIS Pasta dentífrica genives,6.39,6.59,2026-07-01 11:39:01
8312,db23efeb-fe04-4967-b907-cb9c54d1b399,INTERPROX Raspall interdental mini 1.1,5.99,6.25,2026-07-01 11:39:02
8313,ddb4c044-4b3c-443d-b243-5cdebd42acf8,INTERPROX Raspall interdental super micro 0.7,5.99,6.25,2026-07-01 11:39:02
8314,c5d9618e-c9f1-477f-84c8-cd3d56051717,PERIO-AID Col.lutori diaria clorhexidina 0.05%,9.59,9.89,2026-07-01 11:39:02
8315,8874c984-6f4e-4383-90a5-243ce46b10db,VITIS Raspall de dents access suau,4.99,4.89,2026-07-01 11:39:02
8316,4eba25a0-cae2-4def-825c-d04ca2645e58,PATTEX Adhesiu acrílic de muntatge,6.55,6.89,2026-07-01 11:40:09
8317,f2f94e5b-1b0e-4cd2-acb2-1f326d16516d,RUBSON Deshumidificador Aero 360º,14.55,15.99,2026-07-01 11:40:11
8318,9fc91dc9-deae-4b3f-b6a8-0f3a1e4be8a3,RUBSON Recanvi per a deshumidificador Aero 360º,6.55,7.25,2026-07-01 11:40:12
8319,c638e7f0-4119-49ec-a6a6-2c554bf1eb9c,PATTEX Massilla adhesiva arreglatot,10.55,10.99,2026-07-01 11:40:21
8320,7e5be1ee-4d10-47de-ae3f-84664b93151b,LOCTITE Adhesiu Super Glue-3 original,5.65,5.99,2026-07-01 11:42:52
8321,ab4fee62-01c1-47e7-8bee-cc867411dd3b,LOCTITE Adhesiu amb pinzell Super Glue-3,7.95,8.45,2026-07-01 11:42:52
8322,177e4f44-c8fd-4ded-9fd2-1bfee15de0ff,PATTEX Cola de contacte universal,3.55,3.85,2026-07-01 11:42:52
8323,6eaed76a-c442-40d2-a125-d7c85a9b486d,LOCTITE Adhesiu precís Super Glue-3,7.25,7.75,2026-07-01 11:42:53
8324,a7487db4-62be-4352-8e3d-281f954306aa,LOCTITE Adhesiu super glue-3 Power gel,6.25,6.65,2026-07-01 11:42:53
8325,fdf1ba0c-1e73-418d-adda-fb6e01074d8c,PATTEX Cinta adhesiva de doble cara,7.95,8.45,2026-07-01 11:42:53
8326,35dfc2c2-11a3-4a3a-a50b-686d98d65d8d,PATTEX Cinta multi usos resistent,5.95,6.35,2026-07-01 11:42:53
8327,d2f57f84-0d42-4d36-b9dd-3eceb1df9d6f,PATTEX Cola de contacte universal,3.55,3.85,2026-07-01 11:42:53
8328,8958b36b-7b8a-4bc4-9074-d0b3d89eb97a,PATTEX Cola de contacte universal,8.25,8.89,2026-07-01 11:42:55
8329,93aee2bc-057f-4328-96d6-8caf0d89ec7b,PATTEX Tires de cinta adhesiva de doble cara,7.45,7.95,2026-07-01 11:42:55
8330,92b6fb4b-2783-4c2a-b3a7-4f7ad53499c0,PATTEX Adhesiu acrílic de muntatge,10.55,10.99,2026-07-01 11:42:56
8331,5913400c-f24c-4e68-9dce-a6e40ce14cf5,PATTEX Adhesiu de montatge reactiu,5.29,6.35,2026-07-01 11:42:56
8332,5089dd2f-b9e1-4950-bfe8-8fa00514c36c,PATTEX Adhesiu reparador de plàstics,8.25,8.89,2026-07-01 11:42:56
8333,c291e261-8bd0-42aa-9e69-ef632e9f66e9,PATTEX Adhesiu de muntatge reactiu,7.55,8.25,2026-07-01 11:42:57
8334,579ce551-dafc-4a4f-8449-6f4dc0584e2a,PATTEX Adhesiu de contacte per a calçat,2.95,3.19,2026-07-01 11:42:58
8335,4c2e703b-6dc7-4df3-9615-a50fcebd361a,PATTEX Adhesiu especial per a tèxtil,2.95,3.19,2026-07-01 11:42:58
8336,3c4ed0af-9b09-4b83-a83f-6e24801a5820,PATTEX Cola de contacte universal,6.45,6.95,2026-07-01 11:42:58
8337,f6dfa38a-acac-40d1-9d91-4b4af44a6e44,PATTEX Soldadura metàl·lica en fred,8.25,8.89,2026-07-01 11:42:58
8338,f146f912-c13f-4b1b-a0f3-edeac9cd73a9,PATTEX Adhesiu Extreme,10.55,10.99,2026-07-01 11:42:59
8339,f910068f-0740-497a-b123-c66ed734246c,PATTEX Adhesiu de muntatge reactiu transparent,7.55,8.25,2026-07-01 11:42:59
8340,b5c16a00-483e-4c40-8f7e-5a8a189d86fe,LOCTITE Adhesiu 60 segons,10.95,11.65,2026-07-01 11:43:00
8341,2c9d716d-c964-4bf0-8f42-543753fd75e5,PATTEX Adhesiu universal multiusos Extreme Repair,10.55,10.99,2026-07-01 11:43:00
8342,fafcb267-e4d4-40c1-814d-94599796181c,DOLCE GUSTO Càpsules de cafè Espresso Intens,4.95,53.85,2026-07-01 21:52:55
8343,d03cf4b5-1074-43f0-9441-dcbb920856d7,DOLCE GUSTO Càpsules de cafè Lungo,4.95,53.85,2026-07-01 21:52:55
8344,3838ee43-5e98-46b7-ac89-a88ab688dd9d,DOLCE GUSTO Càpsules de cafè Ristretto Ardenza,4.95,53.85,2026-07-01 21:52:55
8345,ba0a6712-1bc8-4e31-bf9c-89be45b87b70,DOLCE GUSTO Càpsules de cafè amb llet,4.95,53.85,2026-07-01 21:52:55
8346,32a8cbf9-1b41-40c1-aa50-992c73b91888,DOLCE GUSTO Càpsules de cafè ristretto barista,4.95,53.85,2026-07-01 21:52:55
8347,23a1a03b-5292-41d2-b20d-6964224b031b,DOLCE GUSTO Càpsules de cafè tallat,4.95,53.85,2026-07-01 21:52:55
8348,9e2b8d4b-8425-43de-b572-3898b1e94246,DOLCE GUSTO Càpsules de xocolata Kitkat,4.95,53.85,2026-07-01 21:52:56
8349,6e6a7caf-b86a-433b-bafd-7f3d025ee996,DOLCE GUSTO Càpsules xocolata Nesquik,4.95,53.85,2026-07-01 21:53:10
8350,a4b1c674-fa3f-4cb0-b952-c801e4a26b42,DOLCE GUSTO Cafetera Krups Piccolo XS blanca,69.0,53.85,2026-07-01 21:57:06
8351,de60279b-eeca-4daf-a80d-f971574c4d3f,DOLCE GUSTO Cafetera Krups Piccolo XS negre i gris,69.0,53.85,2026-07-01 21:57:06
8352,5ada2352-4596-4d76-9609-231b6b83e286,DOLCE GUSTO Cafetera Krups Piccolo XS vermella,69.0,53.85,2026-07-01 21:57:06
8353,243a92f9-7c1a-4724-b844-829dfeb8c194,BONPREU Pernil curat a daus,2.65,2.25,2026-07-02 10:44:17
8354,33135106-eade-4139-a94d-fcacd69c8f0b,BONPREU Formatge Grana Padano,3.59,3.35,2026-07-02 10:44:26
8355,9d7c4676-1744-45ad-be4d-4098c7098e4d,BONPREU Formatge d'ovella curat,3.99,4.49,2026-07-02 10:44:26
8356,f63c9006-e9bf-4111-82f9-59a436a8aa12,BONPREU Formatge de cabra semicurat,3.99,4.29,2026-07-02 10:44:26
8357,1748728e-e6bb-457d-a733-c3980c9e0533,BONPREU Formatge madurat de cabra amb floridura,2.49,2.55,2026-07-02 10:44:26
8358,7f99c8c7-cd0b-4495-bd21-0004d429a126,BONPREU Formatge tendre de cabra a talls,3.15,3.19,2026-07-02 10:44:26
8359,3799d81e-95b6-489b-83b8-6539679d2c3d,BONPREU Medalló de formatge de cabra,3.49,3.65,2026-07-02 10:44:28
8360,ca205379-5e13-4f07-8dde-b3d8a63a5ec8,BONPREU Formatge de cabra al tall en porció,3.4,3.57,2026-07-02 10:44:30
8361,cad8a847-0f82-40d1-8fc9-7cba2ccf9c7b,Cueta de rap (ració),10.2,23.99,2026-07-02 10:44:44
8362,b18e516d-e43a-427e-a3ff-8ef0e138e9da,DANONE Iogurt natural,1.7,1.99,2026-07-02 10:47:38
8363,a6dd0059-4260-416f-9502-42f2ac6fdd72,DANONE Iogurt natural ensucrat,1.7,1.99,2026-07-02 10:47:40
8364,7e6686e9-8333-4b9b-973a-8fac30fbcc6a,BONPREU Protector íntim maxi,1.05,1.1,2026-07-02 10:48:30
8365,e4ceb30b-f288-4ca1-8794-fce944cbe60c,BONPREU Protector íntim normal,1.54,1.63,2026-07-02 10:48:30
8366,4883a6df-6638-4eda-a134-7da984c675c2,BONPREU Protector íntim ecològic  normal,1.99,2.15,2026-07-02 10:48:31
8367,627c4421-3a9a-4827-8108-bf56b77d282b,BONPREU Protector íntim ecològic maxi,1.8,1.89,2026-07-02 10:48:31
8368,fd61de52-b771-47df-9b29-e83ee9fd6cd6,BONPREU Protector íntim normal,1.18,1.29,2026-07-02 10:48:32
8369,237e0040-04c5-4da1-8a24-c6d8c97efcea,BONPREU Tampons regulars amb aplicador,3.95,4.29,2026-07-02 10:48:32
8370,f71d8ed9-2c6c-4f8a-a72c-164abdd7aebe,BONPREU Tampons súper amb aplicador,3.95,4.29,2026-07-02 10:48:32
8371,9076a7f7-861e-40ba-9e82-afb188c70907,BONPREU Suavitzant concentrat clàssic de 80 dosis,1.89,1.79,2026-07-02 10:48:47
8372,c2d35e2d-ace2-4fd1-9a04-9cf8a5cbedda,BONPREU Suavitzant concentrat cotó de 80 dosis,1.89,1.79,2026-07-02 10:48:47
8373,68219e1e-44ea-47b4-8abd-0c8b61e89284,BONPREU Suavitzant concentrat talc,1.89,1.79,2026-07-02 10:48:47
8374,61c8c524-ee13-4bf5-be76-579d0de1b8af,BONPREU Suavitzant concentrat orquídia i vainilla de 80 dosis,1.89,1.79,2026-07-02 10:48:48
8375,b9f8ce6b-a7a9-41cc-b3b1-ac292199a4cc,BONPREU Sabó de rentar plats Concentrat Clàssic,1.99,1.89,2026-07-02 10:48:53
8376,8c195635-d8cb-4c1e-beb8-9d5d3c16966c,VILEDA Baieta de pal,2.69,2.85,2026-07-02 10:48:59
8377,b6d7eb63-ad25-425f-903a-cb79683e9410,SPONTEX Baieta microfibra Collection XXL,3.99,4.29,2026-07-02 10:49:01
8378,31ffb3b0-d0e7-48c8-a1d9-676f2cd04826,AMBI PUR Ambientador primavera Air Mist,4.49,2.99,2026-07-02 10:49:03
8379,f109314f-54ae-4288-be1c-e85191dee333,AMBI PUR Ambientador aroma a brisa marina Air Mist,4.49,2.99,2026-07-02 10:49:04
8380,1445d52b-198d-4fd0-93da-6b78a4158240,Poma Pink Lady 1 u.,0.59,0.75,2026-07-03 10:52:34
8381,c3e26cfe-1471-4478-a7ce-e74f213f8f4a,Poma Pink Lady 1 u.,0.64,0.75,2026-07-03 10:52:36
8382,f0c07e64-014e-4a03-a1a0-d53b29af258e,Tomàquet cirerol Km0 en branca en safata de 200 g,2.39,1.69,2026-07-03 10:52:37
8383,addc01b0-0a5e-4535-b8f6-36b003e22a10,LA COLLITA Pruna vermella ecològica en safata de 500 g,3.49,2.99,2026-07-03 10:52:38
8384,17a2e08f-7fdb-431f-9bf1-69eeb4ce4195,Albergínia blanca ratllada 1 u.,1.29,1.09,2026-07-03 10:52:42
8385,012812f4-2ec9-4def-a0df-007a14cecd57,GAZI Formatge en oli,4.99,3.99,2026-07-03 10:53:04
8386,25787fbf-0c4b-4efc-99ac-4d2a8db1728b,"TANQUERAY Beguda amb gust a ginebra alcohol 0,0%",13.95,12.99,2026-07-03 10:55:32
8387,8f389ef3-39ab-44df-b611-c7ee58a2e67a,TANQUERAY Ginebra,13.49,13.65,2026-07-03 10:56:03
8388,b2bcc319-c85c-4b4c-9068-3e1ea7c3029b,PETRONI Aperitiu,13.1,9.99,2026-07-03 10:56:06
8389,ac4fe7dd-294a-49b7-bcf0-b6d5f44c9081,NIVEA Crema hidratant,4.55,4.49,2026-07-03 10:57:37
8390,418f42de-0261-4e2a-b723-86659bab7956,REXONA Desodorant antitranspirant Cobalt Dry 48h en esprai,5.99,5.35,2026-07-03 10:57:50
8391,baf54c2c-015e-4a5a-b911-3f373be65993,REXONA Desodorant antitranspirant Invisible 48h en esprai,5.99,5.35,2026-07-03 10:57:51
8392,f3c0638b-c7a3-40e7-a264-96195c0382e5,Meló 1 u.,4.69,4.29,2026-07-04 10:27:21
8393,2b41944a-c7ca-40a5-948b-b03b27921837,Meló sencer 1 u.,3.63,3.23,2026-07-04 10:27:23
8394,66817176-49d2-426b-b33b-5cc8de801a60,MANOLETE Oli d'oliva,12.19,10.99,2026-07-04 10:28:19
8395,910a2725-9726-4562-a2b1-39a298d75090,BARÓ DE MAIALS Oli d'oliva verge extra Km0,17.95,16.69,2026-07-04 10:28:20
8396,2586b9ba-44b6-49bc-9e50-2413a14774bf,BARÓ DE MAIALS Oli d'oliva verge extra Km0,42.69,39.95,2026-07-04 10:28:20
8397,a9f7fc81-3d20-4cd2-bc32-d4b5ec793519,ASTURIANA Mantega sense sal,3.69,3.89,2026-07-04 10:30:45
8398,120a43d9-dc4e-47b5-b09a-94da074fa44f,ASTURIANA Nata líquida per cuinar,2.65,2.85,2026-07-04 10:30:45
8399,6a810b23-c66f-4205-be43-d4bf309ad701,ASTURIANA Nata líquida per muntar,2.65,2.85,2026-07-04 10:30:45
8400,532e4beb-79bc-44e1-af50-6729879297f5,JATA Afaitadora de viatge,24.99,29.99,2026-07-04 10:32:47
8401,f0c07e64-014e-4a03-a1a0-d53b29af258e,Tomàquet cirerol Km0 en branca en safata de 200 g,1.69,2.39,2026-07-06 12:01:29
8402,d0f4d9d8-a5e8-4ca0-ae0a-f512bb74bf7b,FERJU Xoriço de Lleó Ferju en peça de 460 grams,9.18,9.32,2026-07-06 12:01:41
8403,ac7d59d3-7b5b-48c9-8b1c-36dbc20dbe18,FERJU Xoriço picant de Lleó Ferju en peça de 460 grams,9.18,9.32,2026-07-06 12:01:41
8404,3897090d-a8f5-41d5-a6f4-59fec38a1efb,BONPREU Oli d'oliva verge extra,4.95,4.8,2026-07-06 12:02:24
8405,9f24bad8-54a4-4c7f-b963-37bb4495f076,BONPREU Oli d'oliva verge extra,9.89,9.59,2026-07-06 12:02:25
8406,71129534-cc22-4070-962d-dd1b349d8376,BONPREU Oli d'oliva verge extra ecològic,10.65,9.95,2026-07-06 12:02:25
8407,3fec24e5-8e6c-48ae-ab79-c04d51981dd9,COOSUR Oli d'oliva verge extra,14.55,13.85,2026-07-06 12:02:25
8408,65babe60-655b-44ed-a583-1ee995d7a3e8,ANETO Brou de pollastre,7.89,8.15,2026-07-06 12:03:35
8409,86fa1ccd-8fe2-41da-8825-5ebad70e54d2,ANETO Brou de pollastre,4.3,4.45,2026-07-06 12:03:35
8410,06926435-d46a-43fe-835b-5a87b8b1c3ec,ANETO Brou natural de pollastre,2.8,2.9,2026-07-06 12:03:35
8411,5466d297-1cb3-4159-b09c-1a5ca85e4a6b,ANETO Brou de peix,4.49,4.6,2026-07-06 12:03:36
8412,2fb0104a-ed66-44aa-b432-7869b85824d6,ANETO Brou de pollastre baix en sal,4.3,4.45,2026-07-06 12:03:36
8413,b4645f5f-5c80-406d-9afc-56bb96720020,ANETO Brou de pollastre ecològic,5.25,5.35,2026-07-06 12:03:36
8414,676cefd5-2486-49f3-889d-357a9b571e63,ANETO Brou natural de verdures,4.3,4.45,2026-07-06 12:03:36
8415,4b920d5f-32fc-4134-bb96-54130c7950d6,ANETO Brou d'escudella,4.49,4.6,2026-07-06 12:03:37
8416,02a155e8-714a-4cdf-a4b0-5ba11030abc1,ANETO Brou de ceba ecològic,5.25,5.35,2026-07-06 12:03:37
8417,bd707950-6f71-4fa2-9c2e-60a95cfcdb32,ANETO Brou ecològic de verdures,5.25,5.35,2026-07-06 12:03:37
8418,c380cb41-455c-4da8-b076-0913a802dc14,ANETO Crema de carbassa rostida,3.99,4.12,2026-07-06 12:03:37
8419,b23659e3-8e19-4e41-a64b-2e274d340e0e,ANETO Crema de gamba i rap,4.99,5.15,2026-07-06 12:03:37
8420,346ed60c-72b7-4614-854e-47fbdd8fceef,ANETO Crema de pollastre rostit amb verdures,3.99,4.12,2026-07-06 12:03:37
8421,b38c428e-4300-4e9e-b3f2-6c71133c8407,ANETO Brou de pollastre rostit,4.5,4.45,2026-07-06 12:03:38
8422,f772628f-4375-415e-a8d1-35f47145d5ad,ALBALI Caixa de vi negre Valdepeñas criança,17.94,16.74,2026-07-06 12:04:14
8423,4eb601e9-7189-40c2-944c-339df787ba36,VINYA ALBALI Caixa de vi negre DO Valdepeñas,23.34,20.94,2026-07-06 12:04:14
8424,71b9cc2f-a789-4628-ac75-70cfd60436ae,ALBALI Vi negre Valdepeñas criança,2.99,2.79,2026-07-06 12:04:20
8425,d6ee8d9e-bdb3-438b-ba9b-3be511300157,VINYA ALBALI Vi negre Valdepeñas reserva,3.89,3.49,2026-07-06 12:04:21
8426,bd9e50c7-5f06-4bd7-8ce6-a9f7424f38a9,MERCADER INDIAS Rom anyenc veneçolà,9.49,8.99,2026-07-06 12:04:33
8427,6d5a5710-692f-4fca-a75b-dfebf9cd2a25,BONPREU Sorbet amb llimona,2.35,2.39,2026-07-06 12:04:49
8428,6ae719f8-90b0-4116-9cde-5f58a5a04a42,BONPREU Sorbet amb mandarina,2.45,2.65,2026-07-06 12:04:49
8429,ac56b07b-f8dd-4eab-ab5b-dd3962386674,BONPREU Gelat amb fruites del bosc,3.09,3.25,2026-07-06 12:04:50
8430,cae3055b-56a3-4cdd-980e-0d7cb3df7936,BONPREU Gelat sabor de Stracciatella,3.17,3.25,2026-07-06 12:04:51
8431,4acd6af3-4253-4377-b604-f5aa20928f4a,Préssec d'aigua km0 1 u.,0.72,3.79,2026-07-07 11:28:46
8432,be1cc045-e3e3-48f4-bd21-e2c1446e210b,LA COLLITA Cireres  en safata de 500 g,2.75,2.99,2026-07-07 11:28:47
8433,9cdf1115-b264-4d6b-a373-41cbda753dcc,LA COLLITA Taronges malla de 2 kg,3.09,3.29,2026-07-07 11:28:47
8434,c6123710-251a-4803-9de2-9dba5bfb9f51,LA COLLITA Tomàquet per sucar pa en capsa de 500 g,2.99,2.89,2026-07-07 11:28:47
8435,6f8f5506-ba1d-4d05-a896-b489dd2ad886,Llimona 1 u.,0.55,0.57,2026-07-07 11:28:47
8436,2d9c9b56-716a-4a67-a4b4-0ce7bbcb6ed6,Maduixot en terrina de 500 g,3.69,3.59,2026-07-07 11:28:47
8437,60b5377f-1e11-4d04-8926-68d1e7aee147,ZESPRI Kiwi groc 1 u.,0.99,0.89,2026-07-07 11:28:47
8438,76f31d46-1148-4eff-b15c-5da11de7b3ff,LA COLLITA Llimona ecològica en malla 500 g,1.99,2.29,2026-07-07 11:28:48
8439,632ed9fe-1ea8-4e5b-9126-2b3ccff86e55,LA COLLITA Llimona malla 1 kg,3.19,3.09,2026-07-07 11:28:48
8440,a0203727-885c-4869-8187-25845f621d07,LA COLLITA Taronges Terres de l'Ebre Km0 en malla de 2 kg,3.29,3.49,2026-07-07 11:28:49
8441,274359b5-2abc-434e-9753-f9cfb1ae59f6,LA COLLITA Figues en safata de 500 g,3.79,3.99,2026-07-07 11:28:50
8442,46544092-e49d-4d43-905c-0ea2bb814718,Tomàquet Rosa Km0 1u.,4.99,1.33,2026-07-07 11:28:50
8443,534842d5-0a85-48b1-a91c-1fe354a097a4,Taronja 1 u.,0.58,0.61,2026-07-07 11:28:51
8444,ef2797f7-65af-455d-9b66-f7765e99c363,"LA COLLITA Poma golden de Lleida Km0 bossa 1,5 kg",3.39,3.29,2026-07-07 11:28:52
8445,a3e220b5-a399-4411-b595-065303afa904,Meló Cantalup 1 u.,3.96,3.7,2026-07-07 11:28:52
8446,3f44c6a6-3ab9-4e3b-807f-57095dd901e5,Síndria Fashion 1 u.,1.69,10.27,2026-07-07 11:28:52
8447,56813b28-afcb-40d1-953c-e63f0d2e568d,Papaia gegant 1 u.,6.04,6.31,2026-07-07 11:28:53
8448,24a257e7-6f41-4113-92e6-670fb5e82206,BONPREU Espatlla de cabrit,17.1,37.99,2026-07-07 11:29:12
8449,d2feb177-66ee-46ef-98c3-54705c78be0c,Supremes de Salmó,24.99,5.0,2026-07-07 11:29:22
8450,cad8a847-0f82-40d1-8fc9-7cba2ccf9c7b,Cueta de rap (ració),23.99,10.2,2026-07-07 11:29:23
8451,baeac763-a587-46f6-9acf-2ae52fcfc7f5,Cua de Lluç (unitat).,11.99,12.99,2026-07-07 11:29:24
8452,81a30b2e-0598-4e34-8647-6d91935b2792,HEINEKEN Cervesa 12x33 cl en llauna,7.59,8.29,2026-07-07 11:31:23
8453,7eb2968f-746b-4f05-a30a-07e0e26c6bde,BONPREU Carxofa trossejada,2.65,2.55,2026-07-07 11:31:52
8454,625feae0-0920-4e85-9c0d-e0091b7e62e7,LA COLLITA Nabius en terrina de 170 g,2.39,2.49,2026-07-08 10:13:06
8455,cdd65141-b495-4a6a-adb5-a014a79e7860,LA COLLITA Nabius en terrina de 500 g,5.59,5.99,2026-07-08 10:13:06
8456,f3c0638b-c7a3-40e7-a264-96195c0382e5,Meló 1 u.,4.29,4.19,2026-07-08 10:13:06
8457,a116294a-f87f-4aff-8ae6-40833c1fc405,Síndria Fashion 1 u.,8.95,8.39,2026-07-08 10:13:07
8458,5f397204-82d3-4928-92c6-68d1a00a865a,Meló Gàl·lia 1 u.,3.49,2.59,2026-07-08 10:13:08
8459,2b41944a-c7ca-40a5-948b-b03b27921837,Meló sencer 1 u.,3.23,2.98,2026-07-08 10:13:09
8460,4dcaeed5-0e4d-44c3-ab26-e2827dab8e90,Meló Gàl·lia 1 u.,3.55,3.02,2026-07-08 10:13:10
8461,3f44c6a6-3ab9-4e3b-807f-57095dd901e5,Síndria Fashion 1 u.,10.27,9.05,2026-07-08 10:13:10
8462,9d7c4676-1744-45ad-be4d-4098c7098e4d,BONPREU Formatge d'ovella curat,4.49,3.99,2026-07-08 10:13:23
8463,9f1a58e3-4eea-419e-a4fe-2c91395bb3f3,Sardina grossa,3.0,3.5,2026-07-08 10:13:42
8464,5cf7a715-e8c6-46da-953e-8fdb8fe34057,BONPREU Tomàquet fregit recepta tradicional,1.49,1.4,2026-07-08 10:15:13
8465,ba14b376-c2eb-4552-860b-6f8a6d35ee8c,BONPREU Salsa de bolets,1.55,1.45,2026-07-08 10:15:14
8466,0d50406e-c6e4-4d9b-83fa-a63690dcd11a,BONPREU Salsa pesto,1.89,1.69,2026-07-08 10:15:14
8467,5ed9c990-6477-43d8-b773-5e74912028f0,MUTTI Salsa tomàquet pizza,2.99,2.85,2026-07-08 10:15:14
8468,c571091c-f1c3-49df-8717-f424351bc8cc,NUXE MEN Sèrum multi-acció per a home,49.9,32.89,2026-07-08 10:17:36
8469,7372736f-9744-4e29-ac16-06c5386d6d06,KINDER JOY Ou de xocolata amb llet,1.59,1.69,2026-07-08 21:23:42
8470,9b81c4dd-4fb0-4b62-b60b-4a9eb6207946,Préssec groc 1 u.,0.86,0.83,2026-07-09 11:35:36
8471,141121ea-aed2-4426-a9fd-544340e2bdb4,Taronja 1 u.,0.65,0.55,2026-07-09 11:35:36
8472,feff33be-ac85-419b-92f8-271e676e4c3b,LA COLLITA Mores en terrina de 125 g,2.19,1.99,2026-07-09 11:35:38
8473,f460461b-48b1-493f-b7d1-9c7bc837cea9,Meló Cantalup 1 u.,3.49,2.79,2026-07-09 11:35:38
8474,a3e220b5-a399-4411-b595-065303afa904,Meló Cantalup 1 u.,3.7,2.64,2026-07-09 11:35:41
8475,4dcaeed5-0e4d-44c3-ab26-e2827dab8e90,Meló Gàl·lia 1 u.,3.02,2.77,2026-07-09 11:35:41
8476,a3cca359-4a97-441a-9321-0a089e99c600,WAIKIKI Meló 1 u.,5.35,4.92,2026-07-09 11:35:42
8477,2d7552d8-bf3d-4b2a-9e50-26d5868b2d9a,BONPREU DE L'ERA Hamburguesa de vedella ecològica,4.85,5.25,2026-07-09 11:36:07
8478,7a49a2f2-ab1e-4c2e-a3b5-42aa85e2df3f,"BONPREU Banderilles d'olives amb anxoves, seitons i pebrot",2.95,2.99,2026-07-09 11:36:31
8479,054b133e-085f-4083-924d-22f992147425,BONPREU Cafè en gra torrat natural,5.5,5.39,2026-07-09 11:36:52
8480,7ae86052-b155-4f61-a460-c1c3c57121a6,BONPREU Càpsules de cafè exprés intens,3.55,3.35,2026-07-09 11:36:52
8481,d36e905e-a4d4-4986-b898-4f4324398415,BONKA Cafè en gra natural,10.45,10.3,2026-07-09 11:36:53
8482,9f567374-306b-49f8-bb0a-9cdb37cb4072,BONPREU Cafè en gra torrat descafeïnat natural,3.4,3.29,2026-07-09 11:36:53
8483,2e678585-2662-465e-9bd6-6a0b4b43a319,BONPREU Espaguetis,1.19,1.15,2026-07-09 11:37:25
8484,a5036001-edd7-455a-829f-eb51122b501a,BONPREU Macarrons gruixuts,1.19,1.15,2026-07-09 11:37:25
8485,e3a059bb-9249-4282-a911-ad41a7c81e82,CUNE Caixa vi negre DOQ Rioja criança,43.5,42.9,2026-07-09 11:38:27
8486,0bd7dc85-75bd-49bf-922d-40153f04d7e5,CUNE Vi negre Rioja criança,7.25,7.15,2026-07-09 11:38:31
8487,7f9eb037-2b46-460a-a63a-0e3729b69905,IFA Patates per al forn,2.1,1.99,2026-07-09 11:38:52
